axiom,family,module,origin,primary_kernel,shape_class,arith_domain,primitive_steps,peak_bignum_bits,max_nat_literal_digits,note,law,law_note,pred_cpu_s,pred_rss_mb,decides
AnalyticNT.ChebyshevPsi.checkAll_1e7_sharp._native.native_decide.ax_1_1,AnalyticNT.Chebyshev,AnalyticNT.Chebyshev.PsiSharpCertBelow1e7,AnalyticNT.ChebyshevPsi.checkAll_1e7_sharp,AnalyticNT.ChebyshevPsi.checkAllPsiLeMul,linear-fold-sieve,Nat (2^40 fixed point),10000000,,8,IsPrimePow + minFac per step,chebyshev_psi,exact,76047.03577961556,8000.0,1339
AnalyticNT.ChebyshevPsi.checkAll_psiSubTheta_1e6._native.native_decide.ax_1_1,AnalyticNT.Chebyshev,AnalyticNT.Chebyshev.PsiSubThetaCertBelow1e6,AnalyticNT.ChebyshevPsi.checkAll_psiSubTheta_1e6,AnalyticNT.ChebyshevPsi.checkAllPsiSubThetaLeSqrt,linear-fold-sieve,Nat (2^40 fixed point),1000000,,7,IsPrimePow + minFac per step,chebyshev_psi,exact,7610.3829682363585,8000.0,134
AnalyticNT.ChebyshevPsi.checkFrom_2e6_4e6_rr14._native.native_decide.ax_1_1,AnalyticNT.Chebyshev,AnalyticNT.Chebyshev.PsiRR14Cert,AnalyticNT.ChebyshevPsi.checkFrom_2e6_4e6_rr14,AnalyticNT.ChebyshevPsi.checkPsiLeMulFrom,linear-fold-sieve,Nat (2^40 fixed point),4000000,,7,plus a `lower`-length seed sum,chebyshev_psi,exact,30441.531872945434,8000.0,536
AnalyticNT.LargeSieve.ceU_prime_fx_le._native.native_decide.ax_1_1,AnalyticNT.LargeSieve,AnalyticNT.LargeSieve.RamareCEUpperCerts,AnalyticNT.LargeSieve.ceU_prime_fx_le,AnalyticNT.LargeSieve.ceUPrimeAux,linear-fold-rat,Rat with p^48,200000,,20,"exact fuel from the atom: 200,000 iterations",chebyshev_psi,"proxy, LOWER BOUND: exact-Rat folds also suffer denominator growth",1533.4353741968782,8000.0,27
AnalyticNT.LargeSieve.ce_prime_fx_ge._native.native_decide.ax_1_1,AnalyticNT.LargeSieve,AnalyticNT.LargeSieve.RamareCECerts,AnalyticNT.LargeSieve.ce_prime_fx_ge,AnalyticNT.LargeSieve.cePrimeAux,linear-fold-rat,Rat with p^48,25000000,,20,"exact fuel from the atom: 25,000,000 iterations",chebyshev_psi,"proxy, LOWER BOUND: exact-Rat folds also suffer denominator growth",190089.19249766486,8000.0,3347
AnalyticNT.LargeSieve.g1215_cert._native.native_decide.ax_1_1,AnalyticNT.LargeSieve,AnalyticNT.LargeSieve.GBounds1215Certs,AnalyticNT.LargeSieve.g1215_cert,AnalyticNT.LargeSieve.gFold1215,linear-fold-sieve,Nat + Rat Pade log (m^16),10000000,,2,"exact fuel from the atom: 10,000,000 iterations",rs62_loopE,proxy: same per-step work (one minFac / IsPrimePow / Squarefree decision),16082.7708541843,8000.0,268
AnalyticNT.LargeSieve.gFold_cert._native.native_decide.ax_1_1,AnalyticNT.LargeSieve,AnalyticNT.LargeSieve.RamareGUpperCerts,AnalyticNT.LargeSieve.gFold_cert,AnalyticNT.LargeSieve.gFold,linear-fold-sieve,Nat + one Rat compare/step,99999,,5,"exact fuel from the atom: 99,999 iterations",rs62_loopE,proxy: same per-step work (one minFac / IsPrimePow / Squarefree decision),180.03101702445113,8000.0,3
AnalyticNT.LargeSieve.gSum_1e5_le._native.native_decide.ax_1_1,AnalyticNT.LargeSieve,AnalyticNT.LargeSieve.RamareGUpperCerts,AnalyticNT.LargeSieve.gSum_1e5_le,AnalyticNT.LargeSieve.gSum,linear-fold-sieve,Nat,100000,,15,"exact fuel from the atom: 100,000 iterations",rs62_loopE,proxy: same per-step work (one minFac / IsPrimePow / Squarefree decision),180.03101702445113,8000.0,3
AnalyticNT.LargeSieve.uIv7_cert_0._native.native_decide.ax_1_1,AnalyticNT.LargeSieve,AnalyticNT.LargeSieve.GBounds1215Certs,AnalyticNT.LargeSieve.uIv7_cert_0,AnalyticNT.LargeSieve.uFold,linear-fold-nat,Nat,9487,,12,"exact fuel from the atom: 9,487 iterations",cdem_rangeSweep,proxy: cheapest measured fold engine,10.982975980377555,1897.1499849015306,1
AnalyticNT.LargeSieve.uIv7_cert_1._native.native_decide.ax_1_1,AnalyticNT.LargeSieve,AnalyticNT.LargeSieve.GBounds1215Certs,AnalyticNT.LargeSieve.uIv7_cert_1,AnalyticNT.LargeSieve.uFold,linear-fold-nat,Nat,37947,,12,"exact fuel from the atom: 37,947 iterations",cdem_rangeSweep,proxy: cheapest measured fold engine,103.52396038269605,8000.0,2
AnalyticNT.LargeSieve.uIv7_cert_2._native.native_decide.ax_1_1,AnalyticNT.LargeSieve,AnalyticNT.LargeSieve.GBounds1215Certs,AnalyticNT.LargeSieve.uIv7_cert_2,AnalyticNT.LargeSieve.uFold,linear-fold-nat,Nat,151789,,11,"exact fuel from the atom: 151,789 iterations",cdem_rangeSweep,proxy: cheapest measured fold engine,258.8099009567401,8000.0,5
AnalyticNT.LargeSieve.uIv7_cert_3._native.native_decide.ax_1_1,AnalyticNT.LargeSieve,AnalyticNT.LargeSieve.GBounds1215Certs,AnalyticNT.LargeSieve.uIv7_cert_3,AnalyticNT.LargeSieve.uFold,linear-fold-nat,Nat,607158,,11,"exact fuel from the atom: 607,158 iterations",cdem_rangeSweep,proxy: cheapest measured fold engine,983.4776236356124,8000.0,19
AnalyticNT.LargeSieve.uIv7_cert_4._native.native_decide.ax_1_1,AnalyticNT.LargeSieve,AnalyticNT.LargeSieve.GBounds1215Certs,AnalyticNT.LargeSieve.uIv7_cert_4,AnalyticNT.LargeSieve.uFold,linear-fold-nat,Nat,2428629,,10,"exact fuel from the atom: 2,428,629 iterations",cdem_rangeSweep,proxy: cheapest measured fold engine,3882.1485143511018,8000.0,75
AnalyticNT.LargeSieve.uIv7_cert_5._native.native_decide.ax_1_1,AnalyticNT.LargeSieve,AnalyticNT.LargeSieve.GBounds1215Certs,AnalyticNT.LargeSieve.uIv7_cert_5,AnalyticNT.LargeSieve.uFold,linear-fold-nat,Nat,6761828,,10,"exact fuel from the atom: 6,761,828 iterations",cdem_rangeSweep,proxy: cheapest measured fold engine,10714.729899609041,8000.0,207
AnalyticNT.LargeSieve.uIv_cert_0._native.native_decide.ax_1_1,AnalyticNT.LargeSieve,AnalyticNT.LargeSieve.RamareGUpperCerts,AnalyticNT.LargeSieve.uIv_cert_0,AnalyticNT.LargeSieve.uFold,linear-fold-nat,Nat,316,,16,exact fuel from the atom: 316 iterations,cdem_rangeSweep,proxy: cheapest measured fold engine,0.15544862886081776,36.44408953481729,1
AnalyticNT.LargeSieve.uIv_cert_1._native.native_decide.ax_1_1,AnalyticNT.LargeSieve,AnalyticNT.LargeSieve.RamareGUpperCerts,AnalyticNT.LargeSieve.uIv_cert_1,AnalyticNT.LargeSieve.uFold,linear-fold-nat,Nat,948,,13,exact fuel from the atom: 948 iterations,cdem_rangeSweep,proxy: cheapest measured fold engine,0.6148103752545333,130.59933879429437,1
AnalyticNT.LargeSieve.uIv_cert_2._native.native_decide.ax_1_1,AnalyticNT.LargeSieve,AnalyticNT.LargeSieve.RamareGUpperCerts,AnalyticNT.LargeSieve.uIv_cert_2,AnalyticNT.LargeSieve.uFold,linear-fold-nat,Nat,3795,,13,"exact fuel from the atom: 3,795 iterations",cdem_rangeSweep,proxy: cheapest measured fold engine,3.488958991928561,654.3441545213092,1
AnalyticNT.LargeSieve.uIv_cert_3._native.native_decide.ax_1_1,AnalyticNT.LargeSieve,AnalyticNT.LargeSieve.RamareGUpperCerts,AnalyticNT.LargeSieve.uIv_cert_3,AnalyticNT.LargeSieve.uFold,linear-fold-nat,Nat,15179,,12,"exact fuel from the atom: 15,179 iterations",cdem_rangeSweep,proxy: cheapest measured fold engine,19.778114069139512,3275.2105066714726,1
AnalyticNT.LargeSieve.uIv_cert_4._native.native_decide.ax_1_1,AnalyticNT.LargeSieve,AnalyticNT.LargeSieve.RamareGUpperCerts,AnalyticNT.LargeSieve.uIv_cert_4,AnalyticNT.LargeSieve.uFold,linear-fold-nat,Nat,60716,,12,"exact fuel from the atom: 60,716 iterations",cdem_rangeSweep,proxy: cheapest measured fold engine,103.52396038269605,8000.0,2
AnalyticNT.LargeSieve.uIv_cert_5._native.native_decide.ax_1_1,AnalyticNT.LargeSieve,AnalyticNT.LargeSieve.RamareGUpperCerts,AnalyticNT.LargeSieve.uIv_cert_5,AnalyticNT.LargeSieve.uFold,linear-fold-nat,Nat,242863,,11,"exact fuel from the atom: 242,863 iterations",cdem_rangeSweep,proxy: cheapest measured fold engine,414.0958415307842,8000.0,8
AnalyticNT.LargeSieve.uIv_cert_6._native.native_decide.ax_1_1,AnalyticNT.LargeSieve,AnalyticNT.LargeSieve.RamareGUpperCerts,AnalyticNT.LargeSieve.uIv_cert_6,AnalyticNT.LargeSieve.uFold,linear-fold-nat,Nat,676183,,11,"exact fuel from the atom: 676,183 iterations",cdem_rangeSweep,proxy: cheapest measured fold engine,1087.0015840183084,8000.0,21
Math.Problems.TernaryGoldbach.Eq1315HighRepairPrefixCost.prefixCostCertificate_holds._native.native_decide.ax_1_1,Math.Problems.TernaryGoldbach.MinorArcs.Chapter14,Math.Problems.TernaryGoldbach.MinorArcs.Chapter14.PaperEq1315HighRepairPrefixCost,Math.Problems.TernaryGoldbach.Eq1315HighRepairPrefixCost.prefixCostCertificate_holds,IntervalArith.RatInterval.adaptiveUpper,bisection-tree,Rat/RatInterval,16,,2,"pruned binary bisection, worst case 2^(fuel+1)-1 leaf evaluations",log_enclose_full,proxy: each cell priced as its transcendental nodes,0.08279537432253664,9.93603714186548,1
Math.Problems.TernaryGoldbach.Eq1315HighRepairPrefixCost.prefixCostSafe_holds._native.native_decide.ax_1_1,Math.Problems.TernaryGoldbach.MinorArcs.Chapter14,Math.Problems.TernaryGoldbach.MinorArcs.Chapter14.PaperEq1315HighRepairPrefixCost,Math.Problems.TernaryGoldbach.Eq1315HighRepairPrefixCost.prefixCostSafe_holds,(named constants only),fixed-expression,Rat/RatInterval,1,,0,constant-depth comparison of named constants,CONSTANT,"constant depth, below measurement resolution",0.1,10.0,1
Math.Problems.TernaryGoldbach.HEnvFloorCert.seg_certs._native.native_decide.ax_1_1,Math.Problems.TernaryGoldbach.MinorArcs.Chapter14,Math.Problems.TernaryGoldbach.MinorArcs.Chapter14.PaperEq1314HEnvelopeFloorProof,Math.Problems.TernaryGoldbach.HEnvFloorCert.seg_certs,Math.Problems.TernaryGoldbach.HEnvFloorCert.segProp,transcendental-enclosure,Rat (exact),97888,100000,0,"92 segments x (log prec 40 + 3 exp prec 30, one with D=8 => 256-fold interval pow)",log_enclose_full,proxy: same exact-Rat series engine,0.08279537432253664,9.93603714186548,1
Math.Problems.TernaryGoldbach.deficitCertAcc_ge._native.native_decide.ax_1_1,Math.Problems.TernaryGoldbach.Certs,Math.Problems.TernaryGoldbach.Certs.SingularSeriesDeficitProdTwoMillion,Math.Problems.TernaryGoldbach.deficitCertAcc_ge,Math.Problems.TernaryGoldbach.deficitCertAcc,linear-fold-sieve,Nat (2^64),2000000,,20,2*10^6 Nat.Prime decisions,rs62_loopE,proxy: same per-step work (one minFac / IsPrimePow / Squarefree decision),3240.5583064401203,8000.0,54
Math.Problems.TernaryGoldbach.eq1314LPart_antitone._native.native_decide.ax_1_1,Math.Problems.TernaryGoldbach.MinorArcs.Chapter14,Math.Problems.TernaryGoldbach.MinorArcs.Chapter14.PaperEq1314EnvelopeAggregationCore,Math.Problems.TernaryGoldbach.eq1314LPart_antitone,IntervalArith.RatInterval.log_enclose_full,transcendental-enclosure,"Rat (exact, unbounded)",33,1993,3,"199-term series, ~9 halving steps, argument ~3 decimal digits",log_enclose_full,exact,0.08279537432253664,9.93603714186548,1
Math.Problems.TernaryGoldbach.eq1314LPart_le_APart_sharp._native.native_decide.ax_1_1,Math.Problems.TernaryGoldbach.MinorArcs.Chapter14,Math.Problems.TernaryGoldbach.MinorArcs.Chapter14.PaperEq1314EnvelopeAggregationCore,Math.Problems.TernaryGoldbach.eq1314LPart_le_APart_sharp,IntervalArith.RatInterval.log_enclose_full,transcendental-enclosure,"Rat (exact, unbounded)",50,664,8,"24-term series, ~26 halving steps, argument ~8 decimal digits",log_enclose_full,exact,0.09061004716639481,16.284155288811405,1
Math.Problems.TernaryGoldbach.eq1314LPart_le_APart_sharp._native.native_decide.ax_1_2,Math.Problems.TernaryGoldbach.MinorArcs.Chapter14,Math.Problems.TernaryGoldbach.MinorArcs.Chapter14.PaperEq1314EnvelopeAggregationCore,Math.Problems.TernaryGoldbach.eq1314LPart_le_APart_sharp,IntervalArith.RatInterval.log_enclose_full,transcendental-enclosure,"Rat (exact, unbounded)",50,664,8,"24-term series, ~26 halving steps, argument ~8 decimal digits",log_enclose_full,exact,0.09061004716639481,16.284155288811405,1
Math.Problems.TernaryGoldbach.eq1314LPart_le_APart_sharp._native.native_decide.ax_1_3,Math.Problems.TernaryGoldbach.MinorArcs.Chapter14,Math.Problems.TernaryGoldbach.MinorArcs.Chapter14.PaperEq1314EnvelopeAggregationCore,Math.Problems.TernaryGoldbach.eq1314LPart_le_APart_sharp,IntervalArith.RatInterval.exp_enclose,transcendental-enclosure,"Rat (exact, unbounded)",16384,1638400,8,"Taylor + interval pow 2^12; 16384 Rat mults, digits grow linearly",log_enclose_full,proxy: same exact-Rat series engine,0.09061004716639481,16.284155288811405,1
Math.Problems.TernaryGoldbach.eq1314_crude_band_bound._native.native_decide.ax_1_1,Math.Problems.TernaryGoldbach.MinorArcs.Chapter14,Math.Problems.TernaryGoldbach.MinorArcs.Chapter14.PaperEq1314EnvelopeAggregationCore,Math.Problems.TernaryGoldbach.eq1314_crude_band_bound,IntervalArith.RatInterval.log_enclose_full,transcendental-enclosure,"Rat (exact, unbounded)",37,730,4,"54-term series, ~13 halving steps, argument ~4 decimal digits",log_enclose_full,exact,0.08413375641761717,11.48530090547995,1
Math.Problems.TernaryGoldbach.eq1314_crude_band_bound._native.native_decide.ax_1_2,Math.Problems.TernaryGoldbach.MinorArcs.Chapter14,Math.Problems.TernaryGoldbach.MinorArcs.Chapter14.PaperEq1314EnvelopeAggregationCore,Math.Problems.TernaryGoldbach.eq1314_crude_band_bound,IntervalArith.RatInterval.log_enclose_full,transcendental-enclosure,"Rat (exact, unbounded)",40,465,5,"27-term series, ~16 halving steps, argument ~5 decimal digits",log_enclose_full,exact,0.0855992952633239,12.851506359318424,1
Math.Problems.TernaryGoldbach.eq1314_crude_band_bound._native.native_decide.ax_1_3,Math.Problems.TernaryGoldbach.MinorArcs.Chapter14,Math.Problems.TernaryGoldbach.MinorArcs.Chapter14.PaperEq1314EnvelopeAggregationCore,Math.Problems.TernaryGoldbach.eq1314_crude_band_bound,IntervalArith.RatInterval.log_enclose_full,transcendental-enclosure,"Rat (exact, unbounded)",40,465,5,"27-term series, ~16 halving steps, argument ~5 decimal digits",log_enclose_full,exact,0.0855992952633239,12.851506359318424,1
Math.Problems.TernaryGoldbach.eq1314_crude_band_bound._native.native_decide.ax_1_4,Math.Problems.TernaryGoldbach.MinorArcs.Chapter14,Math.Problems.TernaryGoldbach.MinorArcs.Chapter14.PaperEq1314EnvelopeAggregationCore,Math.Problems.TernaryGoldbach.eq1314_crude_band_bound,IntervalArith.RatInterval.log_enclose_full,transcendental-enclosure,"Rat (exact, unbounded)",40,415,5,"24-term series, ~16 halving steps, argument ~5 decimal digits",log_enclose_full,exact,0.0855992952633239,12.851506359318424,1
Math.Problems.TernaryGoldbach.eq1314_crude_band_bound._native.native_decide.ax_1_5,Math.Problems.TernaryGoldbach.MinorArcs.Chapter14,Math.Problems.TernaryGoldbach.MinorArcs.Chapter14.PaperEq1314EnvelopeAggregationCore,Math.Problems.TernaryGoldbach.eq1314_crude_band_bound,IntervalArith.RatInterval.log_enclose_full,transcendental-enclosure,"Rat (exact, unbounded)",40,415,5,"24-term series, ~16 halving steps, argument ~5 decimal digits",log_enclose_full,exact,0.0855992952633239,12.851506359318424,1
Math.Problems.TernaryGoldbach.eq1314_crude_band_bound._native.native_decide.ax_1_6,Math.Problems.TernaryGoldbach.MinorArcs.Chapter14,Math.Problems.TernaryGoldbach.MinorArcs.Chapter14.PaperEq1314EnvelopeAggregationCore,Math.Problems.TernaryGoldbach.eq1314_crude_band_bound,IntervalArith.RatInterval.log_enclose_full,transcendental-enclosure,"Rat (exact, unbounded)",40,465,5,"27-term series, ~16 halving steps, argument ~5 decimal digits",log_enclose_full,exact,0.0855992952633239,12.851506359318424,1
Math.Problems.TernaryGoldbach.eq1314_h_le_nine._native.native_decide.ax_1_1,Math.Problems.TernaryGoldbach.MinorArcs.Chapter14,Math.Problems.TernaryGoldbach.MinorArcs.Chapter14.PaperEq1314EnvelopeAggregationCore,Math.Problems.TernaryGoldbach.eq1314_h_le_nine,IntervalArith.RatInterval.log_enclose_full,transcendental-enclosure,"Rat (exact, unbounded)",93,1743,21,"24-term series, ~69 halving steps, argument ~21 decimal digits",log_enclose_full,exact,0.1194179182568111,26.47721983422428,1
Math.Problems.TernaryGoldbach.gcdMertensHiAcc_le._native.native_decide.ax_1_1,Math.Problems.TernaryGoldbach.Certs,Math.Problems.TernaryGoldbach.Certs.OddSquarefreeGcdMertens150000,Math.Problems.TernaryGoldbach.gcdMertensHiAcc_le,Math.Problems.TernaryGoldbach.gcdMertensHiAcc,linear-fold-sieve,Nat (2^64),150000,,20,150k Squarefree decisions + gcd,rs62_loopE,proxy: same per-step work (one minFac / IsPrimePow / Squarefree decision),300.0516950407519,8000.0,5
Math.Problems.TernaryGoldbach.minorArcExtractionL_sqrt_scale._native.native_decide.ax_1_1,Math.Problems.TernaryGoldbach.MinorArcs.Chapter14,Math.Problems.TernaryGoldbach.MinorArcs.Chapter14.PaperEq1314EnvelopeAggregationCore,Math.Problems.TernaryGoldbach.minorArcExtractionL_sqrt_scale,IntervalArith.RatInterval.log_enclose_full,transcendental-enclosure,"Rat (exact, unbounded)",37,119,4,"8-term series, ~13 halving steps, argument ~4 decimal digits",log_enclose_full,exact,0.08413375641761717,11.48530090547995,1
Math.Problems.TernaryGoldbach.minorArcExtractionL_sqrt_scale._native.native_decide.ax_1_2,Math.Problems.TernaryGoldbach.MinorArcs.Chapter14,Math.Problems.TernaryGoldbach.MinorArcs.Chapter14.PaperEq1314EnvelopeAggregationCore,Math.Problems.TernaryGoldbach.minorArcExtractionL_sqrt_scale,IntervalArith.RatInterval.log_enclose_full,transcendental-enclosure,"Rat (exact, unbounded)",50,664,8,"24-term series, ~26 halving steps, argument ~8 decimal digits",log_enclose_full,exact,0.09061004716639481,16.284155288811405,1
Math.Problems.TernaryGoldbach.oddMertensHiAcc_le._native.native_decide.ax_1_1,Math.Problems.TernaryGoldbach.Certs,Math.Problems.TernaryGoldbach.Certs.OddSquarefreeMertens150000,Math.Problems.TernaryGoldbach.oddMertensHiAcc_le,Math.Problems.TernaryGoldbach.oddMertensHiAcc,linear-fold-sieve,Nat (2^64),150000,,21,150k Squarefree decisions + totient,rs62_loopE,proxy: same per-step work (one minFac / IsPrimePow / Squarefree decision),300.0516950407519,8000.0,5
Math.Problems.TernaryGoldbach.oddMertensLoAcc_ge._native.native_decide.ax_1_1,Math.Problems.TernaryGoldbach.Certs,Math.Problems.TernaryGoldbach.Certs.OddSquarefreeMertens150000,Math.Problems.TernaryGoldbach.oddMertensLoAcc_ge,Math.Problems.TernaryGoldbach.oddMertensLoAcc,linear-fold-sieve,Nat (2^64),150000,,21,150k Squarefree decisions + totient,rs62_loopE,proxy: same per-step work (one minFac / IsPrimePow / Squarefree decision),300.0516950407519,8000.0,5
Math.Problems.TernaryGoldbach.phiSqDiscHiAcc_le._native.native_decide.ax_1_1,Math.Problems.TernaryGoldbach.Certs,Math.Problems.TernaryGoldbach.Certs.OddSquarefreeMertensPhiSq,Math.Problems.TernaryGoldbach.phiSqDiscHiAcc_le,Math.Problems.TernaryGoldbach.phiSqDiscHiAcc,linear-fold-sieve,Nat (2^64),150000,,20,150k Squarefree decisions + Nat.sqrt,rs62_loopE,proxy: same per-step work (one minFac / IsPrimePow / Squarefree decision),300.0516950407519,8000.0,5
Math.Problems.TernaryGoldbach.phiSqHiAcc_le._native.native_decide.ax_1_1,Math.Problems.TernaryGoldbach.Certs,Math.Problems.TernaryGoldbach.Certs.OddSquarefreeMertensPhiSq,Math.Problems.TernaryGoldbach.phiSqHiAcc_le,Math.Problems.TernaryGoldbach.phiSqHiAcc,linear-fold-sieve,Nat (2^64),150000,,20,150k Squarefree decisions,rs62_loopE,proxy: same per-step work (one minFac / IsPrimePow / Squarefree decision),300.0516950407519,8000.0,5
Math.Problems.TernaryGoldbach.quinticMertensHiAcc_le._native.native_decide.ax_1_1,Math.Problems.TernaryGoldbach.Certs,Math.Problems.TernaryGoldbach.Certs.OddSquarefreeQuinticMertens150000,Math.Problems.TernaryGoldbach.quinticMertensHiAcc_le,Math.Problems.TernaryGoldbach.quinticMertensHiAcc,linear-fold-sieve,Nat (2^64),150000,,25,150k Squarefree decisions,rs62_loopE,proxy: same per-step work (one minFac / IsPrimePow / Squarefree decision),300.0516950407519,8000.0,5
MathExtras.ChirreHelfgottLem85.EndpointCert.vmHead_1e6_cert._native.native_decide.ax_1_1,MathExtras.NumberTheory.LSeries,MathExtras.NumberTheory.LSeries.ChirreHelfgottLem85TgAnchorCert,MathExtras.ChirreHelfgottLem85.EndpointCert.vmHead_1e6_cert,(named constants only),fixed-expression,Rat/RatInterval,1,,18,constant-depth comparison of named constants,CONSTANT,"constant depth, below measurement resolution",0.1,10.0,1
MathExtras.ChirreHelfgottLem85.TgCert.lowerKernel_mid_cert._native.native_decide.ax_1_1,MathExtras.NumberTheory.LSeries,MathExtras.NumberTheory.LSeries.ChirreHelfgottLem85TgMiddleCert,MathExtras.ChirreHelfgottLem85.TgCert.lowerKernel_mid_cert,IntervalArith.RatInterval.interval_bisect,bisection-tree,Rat/RatInterval,32,,2,unconditional 2^depth leaf evaluations,log_enclose_full,proxy: each cell priced as its transcendental nodes,0.08279537432253664,9.93603714186548,1
MathExtras.EffectiveMertensDecay.little_sqrt_headCert._native.native_decide.ax_1_1,MathExtras.NumberTheory.Certs,MathExtras.NumberTheory.Certs.LittleMertensSqrtHeadCert,MathExtras.EffectiveMertensDecay.little_sqrt_headCert,MathExtras.EffectiveMertensDecay.littleLvalF,linear-fold-nat,Int (<= 2^50),70000000,,18,"QUADRATIC: O(U) per call, called once per n in [3,11817]",cdem_rangeSweep,proxy: cheapest measured fold engine,110718.87562929343,8000.0,2139
MathExtras.Helfgott.CorC13Certificate.corC13_cert_1024_2000._native.native_decide.ax_1_1,MathExtras.NumberTheory.Vinogradov,MathExtras.NumberTheory.Vinogradov.HelfgottCorC13Certificate,MathExtras.Helfgott.CorC13Certificate.corC13_cert_1024_2000,MathExtras.Helfgott.CorC13Certificate.corC13MarginKernel,bisection-tree,"RatInterval, roundOut 2^48",2048,48,4,interval_bisect depth<= 8 x k=8 Lambda terms; roundOut 2^48,log_enclose_full,proxy: each cell priced as its transcendental nodes,5.721095436397968,781.0004615726366,1
MathExtras.Helfgott.CorC13Certificate.corC13_cert_10p5_12._native.native_decide.ax_1_1,MathExtras.NumberTheory.Vinogradov,MathExtras.NumberTheory.Vinogradov.HelfgottCorC13Certificate,MathExtras.Helfgott.CorC13Certificate.corC13_cert_10p5_12,MathExtras.Helfgott.CorC13Certificate.corC13MarginKernel,bisection-tree,"RatInterval, roundOut 2^48",5376,48,2,interval_bisect depth<= 8 x k=21 Lambda terms; roundOut 2^48,log_enclose_full,proxy: each cell priced as its transcendental nodes,14.82037200373406,1778.550648393921,1
MathExtras.Helfgott.CorC13Certificate.corC13_cert_128_256._native.native_decide.ax_1_1,MathExtras.NumberTheory.Vinogradov,MathExtras.NumberTheory.Vinogradov.HelfgottCorC13Certificate,MathExtras.Helfgott.CorC13Certificate.corC13_cert_128_256,MathExtras.Helfgott.CorC13Certificate.corC13MarginKernel,bisection-tree,"RatInterval, roundOut 2^48",2048,48,3,interval_bisect depth<= 8 x k=8 Lambda terms; roundOut 2^48,log_enclose_full,proxy: each cell priced as its transcendental nodes,5.630085453932492,675.6505256468527,1
MathExtras.Helfgott.CorC13Certificate.corC13_cert_12_13p5._native.native_decide.ax_1_1,MathExtras.NumberTheory.Vinogradov,MathExtras.NumberTheory.Vinogradov.HelfgottCorC13Certificate,MathExtras.Helfgott.CorC13Certificate.corC13_cert_12_13p5,MathExtras.Helfgott.CorC13Certificate.corC13MarginKernel,bisection-tree,"RatInterval, roundOut 2^48",6912,48,2,interval_bisect depth<= 8 x k=27 Lambda terms; roundOut 2^48,log_enclose_full,proxy: each cell priced as its transcendental nodes,19.04293609418343,2285.2885426290604,1
MathExtras.Helfgott.CorC13Certificate.corC13_cert_14p5_16._native.native_decide.ax_1_1,MathExtras.NumberTheory.Vinogradov,MathExtras.NumberTheory.Vinogradov.HelfgottCorC13Certificate,MathExtras.Helfgott.CorC13Certificate.corC13_cert_14p5_16,MathExtras.Helfgott.CorC13Certificate.corC13MarginKernel,bisection-tree,"RatInterval, roundOut 2^48",7424,48,2,interval_bisect depth<= 8 x k=29 Lambda terms; roundOut 2^48,log_enclose_full,proxy: each cell priced as its transcendental nodes,20.450457457666552,2454.2011740407734,1
MathExtras.Helfgott.CorC13Certificate.corC13_cert_16_20._native.native_decide.ax_1_1,MathExtras.NumberTheory.Vinogradov,MathExtras.NumberTheory.Vinogradov.HelfgottCorC13Certificate,MathExtras.Helfgott.CorC13Certificate.corC13_cert_16_20,MathExtras.Helfgott.CorC13Certificate.corC13MarginKernel,bisection-tree,"RatInterval, roundOut 2^48",5120,48,2,interval_bisect depth<= 8 x k=20 Lambda terms; roundOut 2^48,log_enclose_full,proxy: each cell priced as its transcendental nodes,14.07521363483123,1689.1263141171316,1
MathExtras.Helfgott.CorC13Certificate.corC13_cert_20_30._native.native_decide.ax_1_1,MathExtras.NumberTheory.Vinogradov,MathExtras.NumberTheory.Vinogradov.HelfgottCorC13Certificate,MathExtras.Helfgott.CorC13Certificate.corC13_cert_20_30,MathExtras.Helfgott.CorC13Certificate.corC13MarginKernel,bisection-tree,"RatInterval, roundOut 2^48",7680,48,2,interval_bisect depth<= 8 x k=30 Lambda terms; roundOut 2^48,log_enclose_full,proxy: each cell priced as its transcendental nodes,21.19561582656938,2543.625508317563,1
MathExtras.Helfgott.CorC13Certificate.corC13_cert_256_512._native.native_decide.ax_1_1,MathExtras.NumberTheory.Vinogradov,MathExtras.NumberTheory.Vinogradov.HelfgottCorC13Certificate,MathExtras.Helfgott.CorC13Certificate.corC13_cert_256_512,MathExtras.Helfgott.CorC13Certificate.corC13MarginKernel,bisection-tree,"RatInterval, roundOut 2^48",2048,48,3,interval_bisect depth<= 8 x k=8 Lambda terms; roundOut 2^48,log_enclose_full,proxy: each cell priced as its transcendental nodes,5.630085453932492,675.6505256468527,1
MathExtras.Helfgott.CorC13Certificate.corC13_cert_30_33._native.native_decide.ax_1_1,MathExtras.NumberTheory.Vinogradov,MathExtras.NumberTheory.Vinogradov.HelfgottCorC13Certificate,MathExtras.Helfgott.CorC13Certificate.corC13_cert_30_33,MathExtras.Helfgott.CorC13Certificate.corC13MarginKernel,bisection-tree,"RatInterval, roundOut 2^48",8448,48,2,interval_bisect depth<= 8 x k=33 Lambda terms; roundOut 2^48,log_enclose_full,proxy: each cell priced as its transcendental nodes,23.265500184632796,2792.0264368641997,1
MathExtras.Helfgott.CorC13Certificate.corC13_cert_33_64._native.native_decide.ax_1_1,MathExtras.NumberTheory.Vinogradov,MathExtras.NumberTheory.Vinogradov.HelfgottCorC13Certificate,MathExtras.Helfgott.CorC13Certificate.corC13_cert_33_64,MathExtras.Helfgott.CorC13Certificate.corC13MarginKernel,bisection-tree,"RatInterval, roundOut 2^48",16384,48,2,interval_bisect depth<= 8 x k=64 Lambda terms; roundOut 2^48,log_enclose_full,proxy: each cell priced as its transcendental nodes,45.20627438010501,5425.076279458552,1
MathExtras.Helfgott.CorC13Certificate.corC13_cert_512_1024._native.native_decide.ax_1_1,MathExtras.NumberTheory.Vinogradov,MathExtras.NumberTheory.Vinogradov.HelfgottCorC13Certificate,MathExtras.Helfgott.CorC13Certificate.corC13_cert_512_1024,MathExtras.Helfgott.CorC13Certificate.corC13MarginKernel,bisection-tree,"RatInterval, roundOut 2^48",2048,48,4,interval_bisect depth<= 8 x k=8 Lambda terms; roundOut 2^48,log_enclose_full,proxy: each cell priced as its transcendental nodes,5.721095436397968,781.0004615726366,1
MathExtras.Helfgott.CorC13Certificate.corC13_cert_64_128._native.native_decide.ax_1_1,MathExtras.NumberTheory.Vinogradov,MathExtras.NumberTheory.Vinogradov.HelfgottCorC13Certificate,MathExtras.Helfgott.CorC13Certificate.corC13_cert_64_128,MathExtras.Helfgott.CorC13Certificate.corC13MarginKernel,bisection-tree,"RatInterval, roundOut 2^48",16384,48,3,interval_bisect depth<= 8 x k=64 Lambda terms; roundOut 2^48,log_enclose_full,proxy: each cell priced as its transcendental nodes,45.20627438010501,5425.076279458552,1
MathExtras.Helfgott.CorC13Certificate.corC13_cert_8_9._native.native_decide.ax_1_1,MathExtras.NumberTheory.Vinogradov,MathExtras.NumberTheory.Vinogradov.HelfgottCorC13Certificate,MathExtras.Helfgott.CorC13Certificate.corC13_cert_8_9,MathExtras.Helfgott.CorC13Certificate.corC13MarginKernel,bisection-tree,"RatInterval, roundOut 2^48",2304,48,1,interval_bisect depth<= 8 x k=9 Lambda terms; roundOut 2^48,log_enclose_full,proxy: each cell priced as its transcendental nodes,6.2924484485127845,755.1388227817765,1
MathExtras.Helfgott.CorC13Certificate.corC13_cert_9_9p5._native.native_decide.ax_1_1,MathExtras.NumberTheory.Vinogradov,MathExtras.NumberTheory.Vinogradov.HelfgottCorC13Certificate,MathExtras.Helfgott.CorC13Certificate.corC13_cert_9_9p5,MathExtras.Helfgott.CorC13Certificate.corC13MarginKernel,bisection-tree,"RatInterval, roundOut 2^48",4864,48,2,interval_bisect depth<= 8 x k=19 Lambda terms; roundOut 2^48,log_enclose_full,proxy: each cell priced as its transcendental nodes,13.412850640250936,1609.6380169822078,1
MathExtras.Helfgott.CorC13Certificate.corC13_cert_9p5_10p5._native.native_decide.ax_1_1,MathExtras.NumberTheory.Vinogradov,MathExtras.NumberTheory.Vinogradov.HelfgottCorC13Certificate,MathExtras.Helfgott.CorC13Certificate.corC13_cert_9p5_10p5,MathExtras.Helfgott.CorC13Certificate.corC13MarginKernel,bisection-tree,"RatInterval, roundOut 2^48",5376,48,2,interval_bisect depth<= 8 x k=21 Lambda terms; roundOut 2^48,log_enclose_full,proxy: each cell priced as its transcendental nodes,14.82037200373406,1778.550648393921,1
MathExtras.Helfgott.CorC13Certificate.corC13_cert_w14_L1._native.native_decide.ax_1_1,MathExtras.NumberTheory.Vinogradov,MathExtras.NumberTheory.Vinogradov.HelfgottCorC13Certificate,MathExtras.Helfgott.CorC13Certificate.corC13_cert_w14_L1,MathExtras.Helfgott.CorC13Certificate.corC13MarginKernel,bisection-tree,"RatInterval, roundOut 2^48",6144,48,2,interval_bisect depth<= 8 x k=24 Lambda terms; roundOut 2^48,log_enclose_full,proxy: each cell priced as its transcendental nodes,16.890256361797476,2026.951576940558,1
MathExtras.Helfgott.CorC13Certificate.corC13_cert_w14_L10._native.native_decide.ax_1_1,MathExtras.NumberTheory.Vinogradov,MathExtras.NumberTheory.Vinogradov.HelfgottCorC13Certificate,MathExtras.Helfgott.CorC13Certificate.corC13_cert_w14_L10,MathExtras.Helfgott.CorC13Certificate.corC13MarginKernel,bisection-tree,"RatInterval, roundOut 2^48",6144,48,2,interval_bisect depth<= 8 x k=24 Lambda terms; roundOut 2^48,log_enclose_full,proxy: each cell priced as its transcendental nodes,16.890256361797476,2026.951576940558,1
MathExtras.Helfgott.CorC13Certificate.corC13_cert_w14_L11._native.native_decide.ax_1_1,MathExtras.NumberTheory.Vinogradov,MathExtras.NumberTheory.Vinogradov.HelfgottCorC13Certificate,MathExtras.Helfgott.CorC13Certificate.corC13_cert_w14_L11,MathExtras.Helfgott.CorC13Certificate.corC13MarginKernel,bisection-tree,"RatInterval, roundOut 2^48",6144,48,2,interval_bisect depth<= 8 x k=24 Lambda terms; roundOut 2^48,log_enclose_full,proxy: each cell priced as its transcendental nodes,16.890256361797476,2026.951576940558,1
MathExtras.Helfgott.CorC13Certificate.corC13_cert_w14_L12._native.native_decide.ax_1_1,MathExtras.NumberTheory.Vinogradov,MathExtras.NumberTheory.Vinogradov.HelfgottCorC13Certificate,MathExtras.Helfgott.CorC13Certificate.corC13_cert_w14_L12,MathExtras.Helfgott.CorC13Certificate.corC13MarginKernel,bisection-tree,"RatInterval, roundOut 2^48",6144,48,2,interval_bisect depth<= 8 x k=24 Lambda terms; roundOut 2^48,log_enclose_full,proxy: each cell priced as its transcendental nodes,16.890256361797476,2026.951576940558,1
MathExtras.Helfgott.CorC13Certificate.corC13_cert_w14_L13._native.native_decide.ax_1_1,MathExtras.NumberTheory.Vinogradov,MathExtras.NumberTheory.Vinogradov.HelfgottCorC13Certificate,MathExtras.Helfgott.CorC13Certificate.corC13_cert_w14_L13,MathExtras.Helfgott.CorC13Certificate.corC13MarginKernel,bisection-tree,"RatInterval, roundOut 2^48",6144,48,2,interval_bisect depth<= 8 x k=24 Lambda terms; roundOut 2^48,log_enclose_full,proxy: each cell priced as its transcendental nodes,16.890256361797476,2026.951576940558,1
MathExtras.Helfgott.CorC13Certificate.corC13_cert_w14_L14._native.native_decide.ax_1_1,MathExtras.NumberTheory.Vinogradov,MathExtras.NumberTheory.Vinogradov.HelfgottCorC13Certificate,MathExtras.Helfgott.CorC13Certificate.corC13_cert_w14_L14,MathExtras.Helfgott.CorC13Certificate.corC13MarginKernel,bisection-tree,"RatInterval, roundOut 2^48",6144,48,2,interval_bisect depth<= 8 x k=24 Lambda terms; roundOut 2^48,log_enclose_full,proxy: each cell priced as its transcendental nodes,16.890256361797476,2026.951576940558,1
MathExtras.Helfgott.CorC13Certificate.corC13_cert_w14_L15._native.native_decide.ax_1_1,MathExtras.NumberTheory.Vinogradov,MathExtras.NumberTheory.Vinogradov.HelfgottCorC13Certificate,MathExtras.Helfgott.CorC13Certificate.corC13_cert_w14_L15,MathExtras.Helfgott.CorC13Certificate.corC13MarginKernel,bisection-tree,"RatInterval, roundOut 2^48",6144,48,2,interval_bisect depth<= 8 x k=24 Lambda terms; roundOut 2^48,log_enclose_full,proxy: each cell priced as its transcendental nodes,16.890256361797476,2026.951576940558,1
MathExtras.Helfgott.CorC13Certificate.corC13_cert_w14_L16._native.native_decide.ax_1_1,MathExtras.NumberTheory.Vinogradov,MathExtras.NumberTheory.Vinogradov.HelfgottCorC13Certificate,MathExtras.Helfgott.CorC13Certificate.corC13_cert_w14_L16,MathExtras.Helfgott.CorC13Certificate.corC13MarginKernel,bisection-tree,"RatInterval, roundOut 2^48",6144,48,2,interval_bisect depth<= 8 x k=24 Lambda terms; roundOut 2^48,log_enclose_full,proxy: each cell priced as its transcendental nodes,16.890256361797476,2026.951576940558,1
MathExtras.Helfgott.CorC13Certificate.corC13_cert_w14_L17._native.native_decide.ax_1_1,MathExtras.NumberTheory.Vinogradov,MathExtras.NumberTheory.Vinogradov.HelfgottCorC13Certificate,MathExtras.Helfgott.CorC13Certificate.corC13_cert_w14_L17,MathExtras.Helfgott.CorC13Certificate.corC13MarginKernel,bisection-tree,"RatInterval, roundOut 2^48",6144,48,2,interval_bisect depth<= 8 x k=24 Lambda terms; roundOut 2^48,log_enclose_full,proxy: each cell priced as its transcendental nodes,16.890256361797476,2026.951576940558,1
MathExtras.Helfgott.CorC13Certificate.corC13_cert_w14_L2._native.native_decide.ax_1_1,MathExtras.NumberTheory.Vinogradov,MathExtras.NumberTheory.Vinogradov.HelfgottCorC13Certificate,MathExtras.Helfgott.CorC13Certificate.corC13_cert_w14_L2,MathExtras.Helfgott.CorC13Certificate.corC13MarginKernel,bisection-tree,"RatInterval, roundOut 2^48",6144,48,2,interval_bisect depth<= 8 x k=24 Lambda terms; roundOut 2^48,log_enclose_full,proxy: each cell priced as its transcendental nodes,16.890256361797476,2026.951576940558,1
MathExtras.Helfgott.CorC13Certificate.corC13_cert_w14_L3._native.native_decide.ax_1_1,MathExtras.NumberTheory.Vinogradov,MathExtras.NumberTheory.Vinogradov.HelfgottCorC13Certificate,MathExtras.Helfgott.CorC13Certificate.corC13_cert_w14_L3,MathExtras.Helfgott.CorC13Certificate.corC13MarginKernel,bisection-tree,"RatInterval, roundOut 2^48",6144,48,2,interval_bisect depth<= 8 x k=24 Lambda terms; roundOut 2^48,log_enclose_full,proxy: each cell priced as its transcendental nodes,16.890256361797476,2026.951576940558,1
MathExtras.Helfgott.CorC13Certificate.corC13_cert_w14_L4._native.native_decide.ax_1_1,MathExtras.NumberTheory.Vinogradov,MathExtras.NumberTheory.Vinogradov.HelfgottCorC13Certificate,MathExtras.Helfgott.CorC13Certificate.corC13_cert_w14_L4,MathExtras.Helfgott.CorC13Certificate.corC13MarginKernel,bisection-tree,"RatInterval, roundOut 2^48",6144,48,2,interval_bisect depth<= 8 x k=24 Lambda terms; roundOut 2^48,log_enclose_full,proxy: each cell priced as its transcendental nodes,16.890256361797476,2026.951576940558,1
MathExtras.Helfgott.CorC13Certificate.corC13_cert_w14_L5._native.native_decide.ax_1_1,MathExtras.NumberTheory.Vinogradov,MathExtras.NumberTheory.Vinogradov.HelfgottCorC13Certificate,MathExtras.Helfgott.CorC13Certificate.corC13_cert_w14_L5,MathExtras.Helfgott.CorC13Certificate.corC13MarginKernel,bisection-tree,"RatInterval, roundOut 2^48",6144,48,2,interval_bisect depth<= 8 x k=24 Lambda terms; roundOut 2^48,log_enclose_full,proxy: each cell priced as its transcendental nodes,16.890256361797476,2026.951576940558,1
MathExtras.Helfgott.CorC13Certificate.corC13_cert_w14_L6._native.native_decide.ax_1_1,MathExtras.NumberTheory.Vinogradov,MathExtras.NumberTheory.Vinogradov.HelfgottCorC13Certificate,MathExtras.Helfgott.CorC13Certificate.corC13_cert_w14_L6,MathExtras.Helfgott.CorC13Certificate.corC13MarginKernel,bisection-tree,"RatInterval, roundOut 2^48",6144,48,2,interval_bisect depth<= 8 x k=24 Lambda terms; roundOut 2^48,log_enclose_full,proxy: each cell priced as its transcendental nodes,16.890256361797476,2026.951576940558,1
MathExtras.Helfgott.CorC13Certificate.corC13_cert_w14_L7._native.native_decide.ax_1_1,MathExtras.NumberTheory.Vinogradov,MathExtras.NumberTheory.Vinogradov.HelfgottCorC13Certificate,MathExtras.Helfgott.CorC13Certificate.corC13_cert_w14_L7,MathExtras.Helfgott.CorC13Certificate.corC13MarginKernel,bisection-tree,"RatInterval, roundOut 2^48",6144,48,2,interval_bisect depth<= 8 x k=24 Lambda terms; roundOut 2^48,log_enclose_full,proxy: each cell priced as its transcendental nodes,16.890256361797476,2026.951576940558,1
MathExtras.Helfgott.CorC13Certificate.corC13_cert_w14_L8._native.native_decide.ax_1_1,MathExtras.NumberTheory.Vinogradov,MathExtras.NumberTheory.Vinogradov.HelfgottCorC13Certificate,MathExtras.Helfgott.CorC13Certificate.corC13_cert_w14_L8,MathExtras.Helfgott.CorC13Certificate.corC13MarginKernel,bisection-tree,"RatInterval, roundOut 2^48",6144,48,2,interval_bisect depth<= 8 x k=24 Lambda terms; roundOut 2^48,log_enclose_full,proxy: each cell priced as its transcendental nodes,16.890256361797476,2026.951576940558,1
MathExtras.Helfgott.CorC13Certificate.corC13_cert_w14_L9._native.native_decide.ax_1_1,MathExtras.NumberTheory.Vinogradov,MathExtras.NumberTheory.Vinogradov.HelfgottCorC13Certificate,MathExtras.Helfgott.CorC13Certificate.corC13_cert_w14_L9,MathExtras.Helfgott.CorC13Certificate.corC13MarginKernel,bisection-tree,"RatInterval, roundOut 2^48",6144,48,2,interval_bisect depth<= 8 x k=24 Lambda terms; roundOut 2^48,log_enclose_full,proxy: each cell priced as its transcendental nodes,16.890256361797476,2026.951576940558,1
MathExtras.Helfgott.CorC13Certificate.corC13_cert_w14_R1._native.native_decide.ax_1_1,MathExtras.NumberTheory.Vinogradov,MathExtras.NumberTheory.Vinogradov.HelfgottCorC13Certificate,MathExtras.Helfgott.CorC13Certificate.corC13_cert_w14_R1,MathExtras.Helfgott.CorC13Certificate.corC13MarginKernel,bisection-tree,"RatInterval, roundOut 2^48",6144,48,2,interval_bisect depth<= 8 x k=24 Lambda terms; roundOut 2^48,log_enclose_full,proxy: each cell priced as its transcendental nodes,16.890256361797476,2026.951576940558,1
MathExtras.Helfgott.CorC13Certificate.corC13_cert_w14_R10._native.native_decide.ax_1_1,MathExtras.NumberTheory.Vinogradov,MathExtras.NumberTheory.Vinogradov.HelfgottCorC13Certificate,MathExtras.Helfgott.CorC13Certificate.corC13_cert_w14_R10,MathExtras.Helfgott.CorC13Certificate.corC13MarginKernel,bisection-tree,"RatInterval, roundOut 2^48",6144,48,2,interval_bisect depth<= 8 x k=24 Lambda terms; roundOut 2^48,log_enclose_full,proxy: each cell priced as its transcendental nodes,16.890256361797476,2026.951576940558,1
MathExtras.Helfgott.CorC13Certificate.corC13_cert_w14_R11._native.native_decide.ax_1_1,MathExtras.NumberTheory.Vinogradov,MathExtras.NumberTheory.Vinogradov.HelfgottCorC13Certificate,MathExtras.Helfgott.CorC13Certificate.corC13_cert_w14_R11,MathExtras.Helfgott.CorC13Certificate.corC13MarginKernel,bisection-tree,"RatInterval, roundOut 2^48",6144,48,2,interval_bisect depth<= 8 x k=24 Lambda terms; roundOut 2^48,log_enclose_full,proxy: each cell priced as its transcendental nodes,16.890256361797476,2026.951576940558,1
MathExtras.Helfgott.CorC13Certificate.corC13_cert_w14_R12._native.native_decide.ax_1_1,MathExtras.NumberTheory.Vinogradov,MathExtras.NumberTheory.Vinogradov.HelfgottCorC13Certificate,MathExtras.Helfgott.CorC13Certificate.corC13_cert_w14_R12,MathExtras.Helfgott.CorC13Certificate.corC13MarginKernel,bisection-tree,"RatInterval, roundOut 2^48",6144,48,2,interval_bisect depth<= 8 x k=24 Lambda terms; roundOut 2^48,log_enclose_full,proxy: each cell priced as its transcendental nodes,16.890256361797476,2026.951576940558,1
MathExtras.Helfgott.CorC13Certificate.corC13_cert_w14_R13._native.native_decide.ax_1_1,MathExtras.NumberTheory.Vinogradov,MathExtras.NumberTheory.Vinogradov.HelfgottCorC13Certificate,MathExtras.Helfgott.CorC13Certificate.corC13_cert_w14_R13,MathExtras.Helfgott.CorC13Certificate.corC13MarginKernel,bisection-tree,"RatInterval, roundOut 2^48",6144,48,2,interval_bisect depth<= 8 x k=24 Lambda terms; roundOut 2^48,log_enclose_full,proxy: each cell priced as its transcendental nodes,16.890256361797476,2026.951576940558,1
MathExtras.Helfgott.CorC13Certificate.corC13_cert_w14_R14._native.native_decide.ax_1_1,MathExtras.NumberTheory.Vinogradov,MathExtras.NumberTheory.Vinogradov.HelfgottCorC13Certificate,MathExtras.Helfgott.CorC13Certificate.corC13_cert_w14_R14,MathExtras.Helfgott.CorC13Certificate.corC13MarginKernel,bisection-tree,"RatInterval, roundOut 2^48",6144,48,2,interval_bisect depth<= 8 x k=24 Lambda terms; roundOut 2^48,log_enclose_full,proxy: each cell priced as its transcendental nodes,16.890256361797476,2026.951576940558,1
MathExtras.Helfgott.CorC13Certificate.corC13_cert_w14_R15._native.native_decide.ax_1_1,MathExtras.NumberTheory.Vinogradov,MathExtras.NumberTheory.Vinogradov.HelfgottCorC13Certificate,MathExtras.Helfgott.CorC13Certificate.corC13_cert_w14_R15,MathExtras.Helfgott.CorC13Certificate.corC13MarginKernel,bisection-tree,"RatInterval, roundOut 2^48",6144,48,2,interval_bisect depth<= 8 x k=24 Lambda terms; roundOut 2^48,log_enclose_full,proxy: each cell priced as its transcendental nodes,16.890256361797476,2026.951576940558,1
MathExtras.Helfgott.CorC13Certificate.corC13_cert_w14_R16._native.native_decide.ax_1_1,MathExtras.NumberTheory.Vinogradov,MathExtras.NumberTheory.Vinogradov.HelfgottCorC13Certificate,MathExtras.Helfgott.CorC13Certificate.corC13_cert_w14_R16,MathExtras.Helfgott.CorC13Certificate.corC13MarginKernel,bisection-tree,"RatInterval, roundOut 2^48",6144,48,2,interval_bisect depth<= 8 x k=24 Lambda terms; roundOut 2^48,log_enclose_full,proxy: each cell priced as its transcendental nodes,16.890256361797476,2026.951576940558,1
MathExtras.Helfgott.CorC13Certificate.corC13_cert_w14_R17._native.native_decide.ax_1_1,MathExtras.NumberTheory.Vinogradov,MathExtras.NumberTheory.Vinogradov.HelfgottCorC13Certificate,MathExtras.Helfgott.CorC13Certificate.corC13_cert_w14_R17,MathExtras.Helfgott.CorC13Certificate.corC13MarginKernel,bisection-tree,"RatInterval, roundOut 2^48",6144,48,2,interval_bisect depth<= 8 x k=24 Lambda terms; roundOut 2^48,log_enclose_full,proxy: each cell priced as its transcendental nodes,16.890256361797476,2026.951576940558,1
MathExtras.Helfgott.CorC13Certificate.corC13_cert_w14_R2._native.native_decide.ax_1_1,MathExtras.NumberTheory.Vinogradov,MathExtras.NumberTheory.Vinogradov.HelfgottCorC13Certificate,MathExtras.Helfgott.CorC13Certificate.corC13_cert_w14_R2,MathExtras.Helfgott.CorC13Certificate.corC13MarginKernel,bisection-tree,"RatInterval, roundOut 2^48",6144,48,2,interval_bisect depth<= 8 x k=24 Lambda terms; roundOut 2^48,log_enclose_full,proxy: each cell priced as its transcendental nodes,16.890256361797476,2026.951576940558,1
MathExtras.Helfgott.CorC13Certificate.corC13_cert_w14_R3._native.native_decide.ax_1_1,MathExtras.NumberTheory.Vinogradov,MathExtras.NumberTheory.Vinogradov.HelfgottCorC13Certificate,MathExtras.Helfgott.CorC13Certificate.corC13_cert_w14_R3,MathExtras.Helfgott.CorC13Certificate.corC13MarginKernel,bisection-tree,"RatInterval, roundOut 2^48",6144,48,2,interval_bisect depth<= 8 x k=24 Lambda terms; roundOut 2^48,log_enclose_full,proxy: each cell priced as its transcendental nodes,16.890256361797476,2026.951576940558,1
MathExtras.Helfgott.CorC13Certificate.corC13_cert_w14_R4._native.native_decide.ax_1_1,MathExtras.NumberTheory.Vinogradov,MathExtras.NumberTheory.Vinogradov.HelfgottCorC13Certificate,MathExtras.Helfgott.CorC13Certificate.corC13_cert_w14_R4,MathExtras.Helfgott.CorC13Certificate.corC13MarginKernel,bisection-tree,"RatInterval, roundOut 2^48",6144,48,2,interval_bisect depth<= 8 x k=24 Lambda terms; roundOut 2^48,log_enclose_full,proxy: each cell priced as its transcendental nodes,16.890256361797476,2026.951576940558,1
MathExtras.Helfgott.CorC13Certificate.corC13_cert_w14_R5._native.native_decide.ax_1_1,MathExtras.NumberTheory.Vinogradov,MathExtras.NumberTheory.Vinogradov.HelfgottCorC13Certificate,MathExtras.Helfgott.CorC13Certificate.corC13_cert_w14_R5,MathExtras.Helfgott.CorC13Certificate.corC13MarginKernel,bisection-tree,"RatInterval, roundOut 2^48",6144,48,2,interval_bisect depth<= 8 x k=24 Lambda terms; roundOut 2^48,log_enclose_full,proxy: each cell priced as its transcendental nodes,16.890256361797476,2026.951576940558,1
MathExtras.Helfgott.CorC13Certificate.corC13_cert_w14_R6._native.native_decide.ax_1_1,MathExtras.NumberTheory.Vinogradov,MathExtras.NumberTheory.Vinogradov.HelfgottCorC13Certificate,MathExtras.Helfgott.CorC13Certificate.corC13_cert_w14_R6,MathExtras.Helfgott.CorC13Certificate.corC13MarginKernel,bisection-tree,"RatInterval, roundOut 2^48",6144,48,2,interval_bisect depth<= 8 x k=24 Lambda terms; roundOut 2^48,log_enclose_full,proxy: each cell priced as its transcendental nodes,16.890256361797476,2026.951576940558,1
MathExtras.Helfgott.CorC13Certificate.corC13_cert_w14_R7._native.native_decide.ax_1_1,MathExtras.NumberTheory.Vinogradov,MathExtras.NumberTheory.Vinogradov.HelfgottCorC13Certificate,MathExtras.Helfgott.CorC13Certificate.corC13_cert_w14_R7,MathExtras.Helfgott.CorC13Certificate.corC13MarginKernel,bisection-tree,"RatInterval, roundOut 2^48",6144,48,2,interval_bisect depth<= 8 x k=24 Lambda terms; roundOut 2^48,log_enclose_full,proxy: each cell priced as its transcendental nodes,16.890256361797476,2026.951576940558,1
MathExtras.Helfgott.CorC13Certificate.corC13_cert_w14_R8._native.native_decide.ax_1_1,MathExtras.NumberTheory.Vinogradov,MathExtras.NumberTheory.Vinogradov.HelfgottCorC13Certificate,MathExtras.Helfgott.CorC13Certificate.corC13_cert_w14_R8,MathExtras.Helfgott.CorC13Certificate.corC13MarginKernel,bisection-tree,"RatInterval, roundOut 2^48",6144,48,2,interval_bisect depth<= 8 x k=24 Lambda terms; roundOut 2^48,log_enclose_full,proxy: each cell priced as its transcendental nodes,16.890256361797476,2026.951576940558,1
MathExtras.Helfgott.CorC13Certificate.corC13_cert_w14_R9._native.native_decide.ax_1_1,MathExtras.NumberTheory.Vinogradov,MathExtras.NumberTheory.Vinogradov.HelfgottCorC13Certificate,MathExtras.Helfgott.CorC13Certificate.corC13_cert_w14_R9,MathExtras.Helfgott.CorC13Certificate.corC13MarginKernel,bisection-tree,"RatInterval, roundOut 2^48",6144,48,2,interval_bisect depth<= 8 x k=24 Lambda terms; roundOut 2^48,log_enclose_full,proxy: each cell priced as its transcendental nodes,16.890256361797476,2026.951576940558,1
MathExtras.Helfgott.CorC13Certificate.corC13_cert_w14_inner._native.native_decide.ax_1_1,MathExtras.NumberTheory.Vinogradov,MathExtras.NumberTheory.Vinogradov.HelfgottCorC13Certificate,MathExtras.Helfgott.CorC13Certificate.corC13_cert_w14_inner,MathExtras.Helfgott.CorC13Certificate.corC13MarginKernel,bisection-tree,"RatInterval, roundOut 2^48",6144,48,2,interval_bisect depth<= 8 x k=24 Lambda terms; roundOut 2^48,log_enclose_full,proxy: each cell priced as its transcendental nodes,16.890256361797476,2026.951576940558,1
MathExtras.Helfgott.EtaPlusHDerivGridCert.cert._native.native_decide.ax_1_1,MathExtras.NumberTheory.Helfgott,MathExtras.NumberTheory.Helfgott.EtaPlusHDerivGridCert,MathExtras.Helfgott.EtaPlusHDerivGridCert.cert,MathExtras.Helfgott.EtaPlusHDerivGridCert.check,linear-fold-nat,Nat (10^12 fixed point),200000,,1,"200000 steps, degree-4 poly",cdem_rangeSweep,proxy: cheapest measured fold engine,362.33386133943617,8000.0,7
MathExtras.Helfgott.H1Margin.h1Margin_cert._native.native_decide.ax_1_1,MathExtras.NumberTheory.Helfgott,MathExtras.NumberTheory.Helfgott.H1MarginCertificate,MathExtras.Helfgott.H1Margin.h1Margin_cert,IntervalArith.RatInterval.interval_bisect,bisection-tree,Rat/RatInterval,14,,2,unconditional 2^depth leaf evaluations,log_enclose_full,proxy: each cell priced as its transcendental nodes,0.08279537432253664,9.93603714186548,1
MathExtras.Helfgott.MinorArcSwitchCompactInterval.minorArcLemma1121SwitchCorrected_marginSqrt_nonneg_20_25._native.native_decide.ax_1_3,MathExtras.NumberTheory.Vinogradov,MathExtras.NumberTheory.Vinogradov.HelfgottMinorArcCompactInterval,MathExtras.Helfgott.MinorArcSwitchCompactInterval.minorArcLemma1121SwitchCorrected_marginSqrt_nonneg_20_25,IntervalArith.RatInterval.interval_bisect,bisection-tree,Rat/RatInterval,25,,2,unconditional 2^depth leaf evaluations,log_enclose_full,proxy: each cell priced as its transcendental nodes,0.08279537432253664,9.93603714186548,1
MathExtras.Helfgott.MinorArcSwitchCompactInterval.minorArcLemma1121SwitchCorrected_marginSqrt_nonneg_25_30._native.native_decide.ax_1_3,MathExtras.NumberTheory.Vinogradov,MathExtras.NumberTheory.Vinogradov.HelfgottMinorArcCompactInterval,MathExtras.Helfgott.MinorArcSwitchCompactInterval.minorArcLemma1121SwitchCorrected_marginSqrt_nonneg_25_30,IntervalArith.RatInterval.interval_bisect,bisection-tree,Rat/RatInterval,30,,2,unconditional 2^depth leaf evaluations,log_enclose_full,proxy: each cell priced as its transcendental nodes,0.08279537432253664,9.93603714186548,1
MathExtras.Helfgott.MinorArcSwitchCompactInterval.minorArcLemma1121SwitchCorrected_marginSqrt_nonneg_30_33._native.native_decide.ax_1_3,MathExtras.NumberTheory.Vinogradov,MathExtras.NumberTheory.Vinogradov.HelfgottMinorArcCompactInterval,MathExtras.Helfgott.MinorArcSwitchCompactInterval.minorArcLemma1121SwitchCorrected_marginSqrt_nonneg_30_33,IntervalArith.RatInterval.interval_bisect,bisection-tree,Rat/RatInterval,33,,2,unconditional 2^depth leaf evaluations,log_enclose_full,proxy: each cell priced as its transcendental nodes,0.08279537432253664,9.93603714186548,1
MathExtras.Helfgott.MinorArcSwitchCompactInterval.minorArcLemma1121SwitchCorrected_marginSqrt_nonneg_first_20._native.native_decide.ax_1_3,MathExtras.NumberTheory.Vinogradov,MathExtras.NumberTheory.Vinogradov.HelfgottMinorArcCompactInterval,MathExtras.Helfgott.MinorArcSwitchCompactInterval.minorArcLemma1121SwitchCorrected_marginSqrt_nonneg_first_20,IntervalArith.RatInterval.interval_bisect,bisection-tree,Rat/RatInterval,1571,,4,unconditional 2^depth leaf evaluations,log_enclose_full,proxy: each cell priced as its transcendental nodes,4.374955333716093,597.2356470849573,1
MathExtras.Helfgott.MinorArcsStart.G2Large.mixedDHeadQ_cert._native.native_decide.ax_1_1,MathExtras.NumberTheory.Helfgott,MathExtras.NumberTheory.Helfgott.Section413Lemma42G2LargeMixedProducts,MathExtras.Helfgott.MinorArcsStart.G2Large.mixedDHeadQ_cert,(named constants only),fixed-expression,Rat/RatInterval,1,,2,constant-depth comparison of named constants,CONSTANT,"constant depth, below measurement resolution",0.1,10.0,1
MathExtras.Helfgott.MinorArcsStart.G2Large.mixedWeakHHeadQ_cert._native.native_decide.ax_1_1,MathExtras.NumberTheory.Helfgott,MathExtras.NumberTheory.Helfgott.Section413Lemma42G2LargeMixedProducts,MathExtras.Helfgott.MinorArcsStart.G2Large.mixedWeakHHeadQ_cert,(named constants only),fixed-expression,Rat/RatInterval,1,,2,constant-depth comparison of named constants,CONSTANT,"constant depth, below measurement resolution",0.1,10.0,1
MathExtras.Helfgott.MinorArcsStart.G2Large.weakCombinedHeadQ_cert._native.native_decide.ax_1_1,MathExtras.NumberTheory.Helfgott,MathExtras.NumberTheory.Helfgott.Section413Lemma42G2WeakProducts,MathExtras.Helfgott.MinorArcsStart.G2Large.weakCombinedHeadQ_cert,(named constants only),fixed-expression,Rat/RatInterval,1,,3,constant-depth comparison of named constants,CONSTANT,"constant depth, below measurement resolution",0.1,10.0,1
MathExtras.Helfgott.MinorArcsStart.headFoldA_two_cert._native.native_decide.ax_1_1,MathExtras.NumberTheory.Helfgott,MathExtras.NumberTheory.Helfgott.Section413HeadMassCert,MathExtras.Helfgott.MinorArcsStart.headFoldA_two_cert,(named constants only),fixed-expression,Rat/RatInterval,1,,8,constant-depth comparison of named constants,CONSTANT,"constant depth, below measurement resolution",0.1,10.0,1
MathExtras.Helfgott.MinorArcsStart.mainFold_two_cert._native.native_decide.ax_1_1,MathExtras.NumberTheory.Helfgott,MathExtras.NumberTheory.Helfgott.Section413MainTermCert,MathExtras.Helfgott.MinorArcsStart.mainFold_two_cert,(named constants only),fixed-expression,Rat/RatInterval,1,,8,constant-depth comparison of named constants,CONSTANT,"constant depth, below measurement resolution",0.1,10.0,1
MathExtras.Helfgott.MinorArcsStart.section413G2SmallCertificate_native._native.native_decide.ax_1_1,MathExtras.NumberTheory.Helfgott,MathExtras.NumberTheory.Helfgott.Section413G2SmallNative,MathExtras.Helfgott.MinorArcsStart.section413G2SmallCertificate_native,(named constants only),fixed-expression,Rat/RatInterval,1,,2,constant-depth comparison of named constants,CONSTANT,"constant depth, below measurement resolution",0.1,10.0,1
MathExtras.Helfgott.MinorArcsStart.section413LowQ64PointwiseCertificate_holds._native.native_decide.ax_1_3,MathExtras.NumberTheory.Helfgott,MathExtras.NumberTheory.Helfgott.Section413CorrectedLowQFiniteCert,MathExtras.Helfgott.MinorArcsStart.section413LowQ64PointwiseCertificate_holds,(named constants only),fixed-expression,Rat/RatInterval,1,,2,constant-depth comparison of named constants,CONSTANT,"constant depth, below measurement resolution",0.1,10.0,1
MathExtras.Helfgott.MinorArcsStart.section413LowQCoupledTailBudgetData_holds._native.native_decide.ax_1_1,MathExtras.NumberTheory.Helfgott,MathExtras.NumberTheory.Helfgott.Section413CorrectedLowQFiniteCert,MathExtras.Helfgott.MinorArcsStart.section413LowQCoupledTailBudgetData_holds,(named constants only),fixed-expression,Rat/RatInterval,1,,2,constant-depth comparison of named constants,CONSTANT,"constant depth, below measurement resolution",0.1,10.0,1
MathExtras.Helfgott.MinorArcsStart.section413LowQCoupledUnitBudgetData_holds._native.native_decide.ax_1_1,MathExtras.NumberTheory.Helfgott,MathExtras.NumberTheory.Helfgott.Section413CorrectedLowQFiniteCert,MathExtras.Helfgott.MinorArcsStart.section413LowQCoupledUnitBudgetData_holds,(named constants only),fixed-expression,Rat/RatInterval,1,,2,constant-depth comparison of named constants,CONSTANT,"constant depth, below measurement resolution",0.1,10.0,1
MathExtras.Helfgott.MinorArcsStart.section413LowQRawDerivativeData_holds._native.native_decide.ax_1_1,MathExtras.NumberTheory.Helfgott,MathExtras.NumberTheory.Helfgott.Section413CorrectedLowQFiniteCert,MathExtras.Helfgott.MinorArcsStart.section413LowQRawDerivativeData_holds,(named constants only),fixed-expression,Rat/RatInterval,1,,1,constant-depth comparison of named constants,CONSTANT,"constant depth, below measurement resolution",0.1,10.0,1
MathExtras.Helfgott.MinorArcsStart.section413LowQRawDerivativeData_holds._native.native_decide.ax_1_2,MathExtras.NumberTheory.Helfgott,MathExtras.NumberTheory.Helfgott.Section413CorrectedLowQFiniteCert,MathExtras.Helfgott.MinorArcsStart.section413LowQRawDerivativeData_holds,(named constants only),fixed-expression,Rat/RatInterval,1,,2,constant-depth comparison of named constants,CONSTANT,"constant depth, below measurement resolution",0.1,10.0,1
MathExtras.Helfgott.MinorArcsStart.section413LowQRawDerivativeData_holds._native.native_decide.ax_1_3,MathExtras.NumberTheory.Helfgott,MathExtras.NumberTheory.Helfgott.Section413CorrectedLowQFiniteCert,MathExtras.Helfgott.MinorArcsStart.section413LowQRawDerivativeData_holds,(named constants only),fixed-expression,Rat/RatInterval,1,,2,constant-depth comparison of named constants,CONSTANT,"constant depth, below measurement resolution",0.1,10.0,1
MathExtras.Helfgott.MinorArcsStart.section413LowQRawDerivativeData_holds._native.native_decide.ax_1_4,MathExtras.NumberTheory.Helfgott,MathExtras.NumberTheory.Helfgott.Section413CorrectedLowQFiniteCert,MathExtras.Helfgott.MinorArcsStart.section413LowQRawDerivativeData_holds,(named constants only),fixed-expression,Rat/RatInterval,1,,2,constant-depth comparison of named constants,CONSTANT,"constant depth, below measurement resolution",0.1,10.0,1
MathExtras.Helfgott.MinorArcsStart.section413Window431BothFixedCertificate_native._native.native_decide.ax_1_1,MathExtras.NumberTheory.Helfgott,MathExtras.NumberTheory.Helfgott.Section413FixedWindowNative,MathExtras.Helfgott.MinorArcsStart.section413Window431BothFixedCertificate_native,(named constants only),fixed-expression,Rat/RatInterval,1,,0,constant-depth comparison of named constants,CONSTANT,"constant depth, below measurement resolution",0.1,10.0,1
MathExtras.Helfgott.MinorSection51Pieces.bandESigmaRatioMargin_root_certificate._native.native_decide.ax_1_1,MathExtras.NumberTheory.Helfgott,MathExtras.NumberTheory.Helfgott.Section53Corrected4ThrBandEndpointGMTight,MathExtras.Helfgott.MinorSection51Pieces.bandESigmaRatioMargin_root_certificate,(named constants only),fixed-expression,Rat/RatInterval,1,,1,constant-depth comparison of named constants,CONSTANT,"constant depth, below measurement resolution",0.1,10.0,1
MathExtras.Helfgott.MinorSection51Pieces.bandESigmaRatioMargin_safe._native.native_decide.ax_1_1,MathExtras.NumberTheory.Helfgott,MathExtras.NumberTheory.Helfgott.Section53Corrected4ThrBandEndpointGMTight,MathExtras.Helfgott.MinorSection51Pieces.bandESigmaRatioMargin_safe,(named constants only),fixed-expression,Rat/RatInterval,1,,0,constant-depth comparison of named constants,CONSTANT,"constant depth, below measurement resolution",0.1,10.0,1
MathExtras.Helfgott.MinorSection51Pieces.bandFiniteC0LaterNoP2SII_verified._native.native_decide.ax_1_1,MathExtras.NumberTheory.Helfgott,MathExtras.NumberTheory.Helfgott.Section53Corrected4ThrBandNoP2SIIC0,MathExtras.Helfgott.MinorSection51Pieces.bandFiniteC0LaterNoP2SII_verified,MathExtras.Helfgott.MinorSection51Pieces.BandIntervalExpr.evalInterval,bisection-tree,"RatInterval (exp/log/sqrt nodes, no rounding)",7650,10000,0,adaptiveUpper depth 7 (worst case 255 cells) x ~30 transcendental nodes/cell,log_enclose_full,proxy: each cell priced as its transcendental nodes,21.112820452246844,2533.6894711756972,1
MathExtras.Helfgott.MinorSection51Pieces.bandFiniteC0LaterNoP2SII_verified._native.native_decide.ax_1_10,MathExtras.NumberTheory.Helfgott,MathExtras.NumberTheory.Helfgott.Section53Corrected4ThrBandNoP2SIIC0,MathExtras.Helfgott.MinorSection51Pieces.bandFiniteC0LaterNoP2SII_verified,MathExtras.Helfgott.MinorSection51Pieces.BandIntervalExpr.evalInterval,bisection-tree,"RatInterval (exp/log/sqrt nodes, no rounding)",7650,10000,0,adaptiveUpper depth 7 (worst case 255 cells) x ~30 transcendental nodes/cell,log_enclose_full,proxy: each cell priced as its transcendental nodes,21.112820452246844,2533.6894711756972,1
MathExtras.Helfgott.MinorSection51Pieces.bandFiniteC0LaterNoP2SII_verified._native.native_decide.ax_1_11,MathExtras.NumberTheory.Helfgott,MathExtras.NumberTheory.Helfgott.Section53Corrected4ThrBandNoP2SIIC0,MathExtras.Helfgott.MinorSection51Pieces.bandFiniteC0LaterNoP2SII_verified,MathExtras.Helfgott.MinorSection51Pieces.BandIntervalExpr.evalInterval,bisection-tree,"RatInterval (exp/log/sqrt nodes, no rounding)",7650,10000,0,adaptiveUpper depth 7 (worst case 255 cells) x ~30 transcendental nodes/cell,log_enclose_full,proxy: each cell priced as its transcendental nodes,21.112820452246844,2533.6894711756972,1
MathExtras.Helfgott.MinorSection51Pieces.bandFiniteC0LaterNoP2SII_verified._native.native_decide.ax_1_12,MathExtras.NumberTheory.Helfgott,MathExtras.NumberTheory.Helfgott.Section53Corrected4ThrBandNoP2SIIC0,MathExtras.Helfgott.MinorSection51Pieces.bandFiniteC0LaterNoP2SII_verified,MathExtras.Helfgott.MinorSection51Pieces.BandIntervalExpr.evalInterval,bisection-tree,"RatInterval (exp/log/sqrt nodes, no rounding)",7650,10000,0,adaptiveUpper depth 7 (worst case 255 cells) x ~30 transcendental nodes/cell,log_enclose_full,proxy: each cell priced as its transcendental nodes,21.112820452246844,2533.6894711756972,1
MathExtras.Helfgott.MinorSection51Pieces.bandFiniteC0LaterNoP2SII_verified._native.native_decide.ax_1_13,MathExtras.NumberTheory.Helfgott,MathExtras.NumberTheory.Helfgott.Section53Corrected4ThrBandNoP2SIIC0,MathExtras.Helfgott.MinorSection51Pieces.bandFiniteC0LaterNoP2SII_verified,MathExtras.Helfgott.MinorSection51Pieces.BandIntervalExpr.evalInterval,bisection-tree,"RatInterval (exp/log/sqrt nodes, no rounding)",7650,10000,0,adaptiveUpper depth 7 (worst case 255 cells) x ~30 transcendental nodes/cell,log_enclose_full,proxy: each cell priced as its transcendental nodes,21.112820452246844,2533.6894711756972,1
MathExtras.Helfgott.MinorSection51Pieces.bandFiniteC0LaterNoP2SII_verified._native.native_decide.ax_1_14,MathExtras.NumberTheory.Helfgott,MathExtras.NumberTheory.Helfgott.Section53Corrected4ThrBandNoP2SIIC0,MathExtras.Helfgott.MinorSection51Pieces.bandFiniteC0LaterNoP2SII_verified,MathExtras.Helfgott.MinorSection51Pieces.BandIntervalExpr.evalInterval,bisection-tree,"RatInterval (exp/log/sqrt nodes, no rounding)",7650,10000,0,adaptiveUpper depth 7 (worst case 255 cells) x ~30 transcendental nodes/cell,log_enclose_full,proxy: each cell priced as its transcendental nodes,21.112820452246844,2533.6894711756972,1
MathExtras.Helfgott.MinorSection51Pieces.bandFiniteC0LaterNoP2SII_verified._native.native_decide.ax_1_15,MathExtras.NumberTheory.Helfgott,MathExtras.NumberTheory.Helfgott.Section53Corrected4ThrBandNoP2SIIC0,MathExtras.Helfgott.MinorSection51Pieces.bandFiniteC0LaterNoP2SII_verified,MathExtras.Helfgott.MinorSection51Pieces.BandIntervalExpr.evalInterval,bisection-tree,"RatInterval (exp/log/sqrt nodes, no rounding)",7650,10000,0,adaptiveUpper depth 7 (worst case 255 cells) x ~30 transcendental nodes/cell,log_enclose_full,proxy: each cell priced as its transcendental nodes,21.112820452246844,2533.6894711756972,1
MathExtras.Helfgott.MinorSection51Pieces.bandFiniteC0LaterNoP2SII_verified._native.native_decide.ax_1_16,MathExtras.NumberTheory.Helfgott,MathExtras.NumberTheory.Helfgott.Section53Corrected4ThrBandNoP2SIIC0,MathExtras.Helfgott.MinorSection51Pieces.bandFiniteC0LaterNoP2SII_verified,MathExtras.Helfgott.MinorSection51Pieces.BandIntervalExpr.evalInterval,bisection-tree,"RatInterval (exp/log/sqrt nodes, no rounding)",7650,10000,0,adaptiveUpper depth 7 (worst case 255 cells) x ~30 transcendental nodes/cell,log_enclose_full,proxy: each cell priced as its transcendental nodes,21.112820452246844,2533.6894711756972,1
MathExtras.Helfgott.MinorSection51Pieces.bandFiniteC0LaterNoP2SII_verified._native.native_decide.ax_1_2,MathExtras.NumberTheory.Helfgott,MathExtras.NumberTheory.Helfgott.Section53Corrected4ThrBandNoP2SIIC0,MathExtras.Helfgott.MinorSection51Pieces.bandFiniteC0LaterNoP2SII_verified,MathExtras.Helfgott.MinorSection51Pieces.BandIntervalExpr.evalInterval,bisection-tree,"RatInterval (exp/log/sqrt nodes, no rounding)",7650,10000,0,adaptiveUpper depth 7 (worst case 255 cells) x ~30 transcendental nodes/cell,log_enclose_full,proxy: each cell priced as its transcendental nodes,21.112820452246844,2533.6894711756972,1
MathExtras.Helfgott.MinorSection51Pieces.bandFiniteC0LaterNoP2SII_verified._native.native_decide.ax_1_3,MathExtras.NumberTheory.Helfgott,MathExtras.NumberTheory.Helfgott.Section53Corrected4ThrBandNoP2SIIC0,MathExtras.Helfgott.MinorSection51Pieces.bandFiniteC0LaterNoP2SII_verified,MathExtras.Helfgott.MinorSection51Pieces.BandIntervalExpr.evalInterval,bisection-tree,"RatInterval (exp/log/sqrt nodes, no rounding)",7650,10000,0,adaptiveUpper depth 7 (worst case 255 cells) x ~30 transcendental nodes/cell,log_enclose_full,proxy: each cell priced as its transcendental nodes,21.112820452246844,2533.6894711756972,1
MathExtras.Helfgott.MinorSection51Pieces.bandFiniteC0LaterNoP2SII_verified._native.native_decide.ax_1_4,MathExtras.NumberTheory.Helfgott,MathExtras.NumberTheory.Helfgott.Section53Corrected4ThrBandNoP2SIIC0,MathExtras.Helfgott.MinorSection51Pieces.bandFiniteC0LaterNoP2SII_verified,MathExtras.Helfgott.MinorSection51Pieces.BandIntervalExpr.evalInterval,bisection-tree,"RatInterval (exp/log/sqrt nodes, no rounding)",7650,10000,0,adaptiveUpper depth 7 (worst case 255 cells) x ~30 transcendental nodes/cell,log_enclose_full,proxy: each cell priced as its transcendental nodes,21.112820452246844,2533.6894711756972,1
MathExtras.Helfgott.MinorSection51Pieces.bandFiniteC0LaterNoP2SII_verified._native.native_decide.ax_1_5,MathExtras.NumberTheory.Helfgott,MathExtras.NumberTheory.Helfgott.Section53Corrected4ThrBandNoP2SIIC0,MathExtras.Helfgott.MinorSection51Pieces.bandFiniteC0LaterNoP2SII_verified,MathExtras.Helfgott.MinorSection51Pieces.BandIntervalExpr.evalInterval,bisection-tree,"RatInterval (exp/log/sqrt nodes, no rounding)",7650,10000,0,adaptiveUpper depth 7 (worst case 255 cells) x ~30 transcendental nodes/cell,log_enclose_full,proxy: each cell priced as its transcendental nodes,21.112820452246844,2533.6894711756972,1
MathExtras.Helfgott.MinorSection51Pieces.bandFiniteC0LaterNoP2SII_verified._native.native_decide.ax_1_6,MathExtras.NumberTheory.Helfgott,MathExtras.NumberTheory.Helfgott.Section53Corrected4ThrBandNoP2SIIC0,MathExtras.Helfgott.MinorSection51Pieces.bandFiniteC0LaterNoP2SII_verified,MathExtras.Helfgott.MinorSection51Pieces.BandIntervalExpr.evalInterval,bisection-tree,"RatInterval (exp/log/sqrt nodes, no rounding)",7650,10000,0,adaptiveUpper depth 7 (worst case 255 cells) x ~30 transcendental nodes/cell,log_enclose_full,proxy: each cell priced as its transcendental nodes,21.112820452246844,2533.6894711756972,1
MathExtras.Helfgott.MinorSection51Pieces.bandFiniteC0LaterNoP2SII_verified._native.native_decide.ax_1_7,MathExtras.NumberTheory.Helfgott,MathExtras.NumberTheory.Helfgott.Section53Corrected4ThrBandNoP2SIIC0,MathExtras.Helfgott.MinorSection51Pieces.bandFiniteC0LaterNoP2SII_verified,MathExtras.Helfgott.MinorSection51Pieces.BandIntervalExpr.evalInterval,bisection-tree,"RatInterval (exp/log/sqrt nodes, no rounding)",7650,10000,0,adaptiveUpper depth 7 (worst case 255 cells) x ~30 transcendental nodes/cell,log_enclose_full,proxy: each cell priced as its transcendental nodes,21.112820452246844,2533.6894711756972,1
MathExtras.Helfgott.MinorSection51Pieces.bandFiniteC0LaterNoP2SII_verified._native.native_decide.ax_1_8,MathExtras.NumberTheory.Helfgott,MathExtras.NumberTheory.Helfgott.Section53Corrected4ThrBandNoP2SIIC0,MathExtras.Helfgott.MinorSection51Pieces.bandFiniteC0LaterNoP2SII_verified,MathExtras.Helfgott.MinorSection51Pieces.BandIntervalExpr.evalInterval,bisection-tree,"RatInterval (exp/log/sqrt nodes, no rounding)",7650,10000,0,adaptiveUpper depth 7 (worst case 255 cells) x ~30 transcendental nodes/cell,log_enclose_full,proxy: each cell priced as its transcendental nodes,21.112820452246844,2533.6894711756972,1
MathExtras.Helfgott.MinorSection51Pieces.bandFiniteC0LaterNoP2SII_verified._native.native_decide.ax_1_9,MathExtras.NumberTheory.Helfgott,MathExtras.NumberTheory.Helfgott.Section53Corrected4ThrBandNoP2SIIC0,MathExtras.Helfgott.MinorSection51Pieces.bandFiniteC0LaterNoP2SII_verified,MathExtras.Helfgott.MinorSection51Pieces.BandIntervalExpr.evalInterval,bisection-tree,"RatInterval (exp/log/sqrt nodes, no rounding)",7650,10000,0,adaptiveUpper depth 7 (worst case 255 cells) x ~30 transcendental nodes/cell,log_enclose_full,proxy: each cell priced as its transcendental nodes,21.112820452246844,2533.6894711756972,1
MathExtras.Helfgott.MinorSection51Pieces.bandFiniteC0RhoOneNoP2SII_verified._native.native_decide.ax_1_1,MathExtras.NumberTheory.Helfgott,MathExtras.NumberTheory.Helfgott.Section53Corrected4ThrBandNoP2SIIC0,MathExtras.Helfgott.MinorSection51Pieces.bandFiniteC0RhoOneNoP2SII_verified,MathExtras.Helfgott.MinorSection51Pieces.BandIntervalExpr.evalInterval,bisection-tree,"RatInterval (exp/log/sqrt nodes, no rounding)",7650,10000,0,adaptiveUpper depth 7 (worst case 255 cells) x ~30 transcendental nodes/cell,log_enclose_full,proxy: each cell priced as its transcendental nodes,21.112820452246844,2533.6894711756972,1
MathExtras.Helfgott.MinorSection51Pieces.bandFiniteC0RhoOneNoP2SII_verified._native.native_decide.ax_1_2,MathExtras.NumberTheory.Helfgott,MathExtras.NumberTheory.Helfgott.Section53Corrected4ThrBandNoP2SIIC0,MathExtras.Helfgott.MinorSection51Pieces.bandFiniteC0RhoOneNoP2SII_verified,MathExtras.Helfgott.MinorSection51Pieces.BandIntervalExpr.evalInterval,bisection-tree,"RatInterval (exp/log/sqrt nodes, no rounding)",7650,10000,0,adaptiveUpper depth 7 (worst case 255 cells) x ~30 transcendental nodes/cell,log_enclose_full,proxy: each cell priced as its transcendental nodes,21.112820452246844,2533.6894711756972,1
MathExtras.Helfgott.MinorSection51Pieces.bandFiniteC0RhoSixNoP2SII_verified._native.native_decide.ax_1_1,MathExtras.NumberTheory.Helfgott,MathExtras.NumberTheory.Helfgott.Section53Corrected4ThrBandNoP2SIIC0,MathExtras.Helfgott.MinorSection51Pieces.bandFiniteC0RhoSixNoP2SII_verified,MathExtras.Helfgott.MinorSection51Pieces.BandIntervalExpr.evalInterval,bisection-tree,"RatInterval (exp/log/sqrt nodes, no rounding)",7650,10000,0,adaptiveUpper depth 7 (worst case 255 cells) x ~30 transcendental nodes/cell,log_enclose_full,proxy: each cell priced as its transcendental nodes,21.112820452246844,2533.6894711756972,1
MathExtras.Helfgott.MinorSection51Pieces.bandFiniteC0RhoSixNoP2SII_verified._native.native_decide.ax_1_2,MathExtras.NumberTheory.Helfgott,MathExtras.NumberTheory.Helfgott.Section53Corrected4ThrBandNoP2SIIC0,MathExtras.Helfgott.MinorSection51Pieces.bandFiniteC0RhoSixNoP2SII_verified,MathExtras.Helfgott.MinorSection51Pieces.BandIntervalExpr.evalInterval,bisection-tree,"RatInterval (exp/log/sqrt nodes, no rounding)",7650,10000,0,adaptiveUpper depth 7 (worst case 255 cells) x ~30 transcendental nodes/cell,log_enclose_full,proxy: each cell priced as its transcendental nodes,21.112820452246844,2533.6894711756972,1
MathExtras.Helfgott.MinorSection51Pieces.bandFiniteMarginNoP2SII_highCell_verified._native.native_decide.ax_1_1,MathExtras.NumberTheory.Helfgott,MathExtras.NumberTheory.Helfgott.Section53Corrected4ThrBandNoP2SIIHighCells,MathExtras.Helfgott.MinorSection51Pieces.bandFiniteMarginNoP2SII_highCell_verified,MathExtras.Helfgott.MinorSection51Pieces.BandIntervalExpr.evalInterval,bisection-tree,"RatInterval (exp/log/sqrt nodes, no rounding)",7650,10000,0,adaptiveUpper depth 7 (worst case 255 cells) x ~30 transcendental nodes/cell,log_enclose_full,proxy: each cell priced as its transcendental nodes,21.112820452246844,2533.6894711756972,1
MathExtras.Helfgott.MinorSection51Pieces.bandFiniteMarginNoP2SII_highCell_verified._native.native_decide.ax_1_10,MathExtras.NumberTheory.Helfgott,MathExtras.NumberTheory.Helfgott.Section53Corrected4ThrBandNoP2SIIHighCells,MathExtras.Helfgott.MinorSection51Pieces.bandFiniteMarginNoP2SII_highCell_verified,MathExtras.Helfgott.MinorSection51Pieces.BandIntervalExpr.evalInterval,bisection-tree,"RatInterval (exp/log/sqrt nodes, no rounding)",7650,10000,0,adaptiveUpper depth 7 (worst case 255 cells) x ~30 transcendental nodes/cell,log_enclose_full,proxy: each cell priced as its transcendental nodes,21.112820452246844,2533.6894711756972,1
MathExtras.Helfgott.MinorSection51Pieces.bandFiniteMarginNoP2SII_highCell_verified._native.native_decide.ax_1_100,MathExtras.NumberTheory.Helfgott,MathExtras.NumberTheory.Helfgott.Section53Corrected4ThrBandNoP2SIIHighCells,MathExtras.Helfgott.MinorSection51Pieces.bandFiniteMarginNoP2SII_highCell_verified,MathExtras.Helfgott.MinorSection51Pieces.BandIntervalExpr.evalInterval,bisection-tree,"RatInterval (exp/log/sqrt nodes, no rounding)",7650,10000,0,adaptiveUpper depth 7 (worst case 255 cells) x ~30 transcendental nodes/cell,log_enclose_full,proxy: each cell priced as its transcendental nodes,21.112820452246844,2533.6894711756972,1
MathExtras.Helfgott.MinorSection51Pieces.bandFiniteMarginNoP2SII_highCell_verified._native.native_decide.ax_1_11,MathExtras.NumberTheory.Helfgott,MathExtras.NumberTheory.Helfgott.Section53Corrected4ThrBandNoP2SIIHighCells,MathExtras.Helfgott.MinorSection51Pieces.bandFiniteMarginNoP2SII_highCell_verified,MathExtras.Helfgott.MinorSection51Pieces.BandIntervalExpr.evalInterval,bisection-tree,"RatInterval (exp/log/sqrt nodes, no rounding)",7650,10000,0,adaptiveUpper depth 7 (worst case 255 cells) x ~30 transcendental nodes/cell,log_enclose_full,proxy: each cell priced as its transcendental nodes,21.112820452246844,2533.6894711756972,1
MathExtras.Helfgott.MinorSection51Pieces.bandFiniteMarginNoP2SII_highCell_verified._native.native_decide.ax_1_12,MathExtras.NumberTheory.Helfgott,MathExtras.NumberTheory.Helfgott.Section53Corrected4ThrBandNoP2SIIHighCells,MathExtras.Helfgott.MinorSection51Pieces.bandFiniteMarginNoP2SII_highCell_verified,MathExtras.Helfgott.MinorSection51Pieces.BandIntervalExpr.evalInterval,bisection-tree,"RatInterval (exp/log/sqrt nodes, no rounding)",7650,10000,0,adaptiveUpper depth 7 (worst case 255 cells) x ~30 transcendental nodes/cell,log_enclose_full,proxy: each cell priced as its transcendental nodes,21.112820452246844,2533.6894711756972,1
MathExtras.Helfgott.MinorSection51Pieces.bandFiniteMarginNoP2SII_highCell_verified._native.native_decide.ax_1_13,MathExtras.NumberTheory.Helfgott,MathExtras.NumberTheory.Helfgott.Section53Corrected4ThrBandNoP2SIIHighCells,MathExtras.Helfgott.MinorSection51Pieces.bandFiniteMarginNoP2SII_highCell_verified,MathExtras.Helfgott.MinorSection51Pieces.BandIntervalExpr.evalInterval,bisection-tree,"RatInterval (exp/log/sqrt nodes, no rounding)",7650,10000,0,adaptiveUpper depth 7 (worst case 255 cells) x ~30 transcendental nodes/cell,log_enclose_full,proxy: each cell priced as its transcendental nodes,21.112820452246844,2533.6894711756972,1
MathExtras.Helfgott.MinorSection51Pieces.bandFiniteMarginNoP2SII_highCell_verified._native.native_decide.ax_1_14,MathExtras.NumberTheory.Helfgott,MathExtras.NumberTheory.Helfgott.Section53Corrected4ThrBandNoP2SIIHighCells,MathExtras.Helfgott.MinorSection51Pieces.bandFiniteMarginNoP2SII_highCell_verified,MathExtras.Helfgott.MinorSection51Pieces.BandIntervalExpr.evalInterval,bisection-tree,"RatInterval (exp/log/sqrt nodes, no rounding)",7650,10000,0,adaptiveUpper depth 7 (worst case 255 cells) x ~30 transcendental nodes/cell,log_enclose_full,proxy: each cell priced as its transcendental nodes,21.112820452246844,2533.6894711756972,1
MathExtras.Helfgott.MinorSection51Pieces.bandFiniteMarginNoP2SII_highCell_verified._native.native_decide.ax_1_15,MathExtras.NumberTheory.Helfgott,MathExtras.NumberTheory.Helfgott.Section53Corrected4ThrBandNoP2SIIHighCells,MathExtras.Helfgott.MinorSection51Pieces.bandFiniteMarginNoP2SII_highCell_verified,MathExtras.Helfgott.MinorSection51Pieces.BandIntervalExpr.evalInterval,bisection-tree,"RatInterval (exp/log/sqrt nodes, no rounding)",7650,10000,0,adaptiveUpper depth 7 (worst case 255 cells) x ~30 transcendental nodes/cell,log_enclose_full,proxy: each cell priced as its transcendental nodes,21.112820452246844,2533.6894711756972,1
MathExtras.Helfgott.MinorSection51Pieces.bandFiniteMarginNoP2SII_highCell_verified._native.native_decide.ax_1_16,MathExtras.NumberTheory.Helfgott,MathExtras.NumberTheory.Helfgott.Section53Corrected4ThrBandNoP2SIIHighCells,MathExtras.Helfgott.MinorSection51Pieces.bandFiniteMarginNoP2SII_highCell_verified,MathExtras.Helfgott.MinorSection51Pieces.BandIntervalExpr.evalInterval,bisection-tree,"RatInterval (exp/log/sqrt nodes, no rounding)",7650,10000,0,adaptiveUpper depth 7 (worst case 255 cells) x ~30 transcendental nodes/cell,log_enclose_full,proxy: each cell priced as its transcendental nodes,21.112820452246844,2533.6894711756972,1
MathExtras.Helfgott.MinorSection51Pieces.bandFiniteMarginNoP2SII_highCell_verified._native.native_decide.ax_1_17,MathExtras.NumberTheory.Helfgott,MathExtras.NumberTheory.Helfgott.Section53Corrected4ThrBandNoP2SIIHighCells,MathExtras.Helfgott.MinorSection51Pieces.bandFiniteMarginNoP2SII_highCell_verified,MathExtras.Helfgott.MinorSection51Pieces.BandIntervalExpr.evalInterval,bisection-tree,"RatInterval (exp/log/sqrt nodes, no rounding)",7650,10000,0,adaptiveUpper depth 7 (worst case 255 cells) x ~30 transcendental nodes/cell,log_enclose_full,proxy: each cell priced as its transcendental nodes,21.112820452246844,2533.6894711756972,1
MathExtras.Helfgott.MinorSection51Pieces.bandFiniteMarginNoP2SII_highCell_verified._native.native_decide.ax_1_18,MathExtras.NumberTheory.Helfgott,MathExtras.NumberTheory.Helfgott.Section53Corrected4ThrBandNoP2SIIHighCells,MathExtras.Helfgott.MinorSection51Pieces.bandFiniteMarginNoP2SII_highCell_verified,MathExtras.Helfgott.MinorSection51Pieces.BandIntervalExpr.evalInterval,bisection-tree,"RatInterval (exp/log/sqrt nodes, no rounding)",7650,10000,0,adaptiveUpper depth 7 (worst case 255 cells) x ~30 transcendental nodes/cell,log_enclose_full,proxy: each cell priced as its transcendental nodes,21.112820452246844,2533.6894711756972,1
MathExtras.Helfgott.MinorSection51Pieces.bandFiniteMarginNoP2SII_highCell_verified._native.native_decide.ax_1_19,MathExtras.NumberTheory.Helfgott,MathExtras.NumberTheory.Helfgott.Section53Corrected4ThrBandNoP2SIIHighCells,MathExtras.Helfgott.MinorSection51Pieces.bandFiniteMarginNoP2SII_highCell_verified,MathExtras.Helfgott.MinorSection51Pieces.BandIntervalExpr.evalInterval,bisection-tree,"RatInterval (exp/log/sqrt nodes, no rounding)",7650,10000,0,adaptiveUpper depth 7 (worst case 255 cells) x ~30 transcendental nodes/cell,log_enclose_full,proxy: each cell priced as its transcendental nodes,21.112820452246844,2533.6894711756972,1
MathExtras.Helfgott.MinorSection51Pieces.bandFiniteMarginNoP2SII_highCell_verified._native.native_decide.ax_1_2,MathExtras.NumberTheory.Helfgott,MathExtras.NumberTheory.Helfgott.Section53Corrected4ThrBandNoP2SIIHighCells,MathExtras.Helfgott.MinorSection51Pieces.bandFiniteMarginNoP2SII_highCell_verified,MathExtras.Helfgott.MinorSection51Pieces.BandIntervalExpr.evalInterval,bisection-tree,"RatInterval (exp/log/sqrt nodes, no rounding)",7650,10000,0,adaptiveUpper depth 7 (worst case 255 cells) x ~30 transcendental nodes/cell,log_enclose_full,proxy: each cell priced as its transcendental nodes,21.112820452246844,2533.6894711756972,1
MathExtras.Helfgott.MinorSection51Pieces.bandFiniteMarginNoP2SII_highCell_verified._native.native_decide.ax_1_20,MathExtras.NumberTheory.Helfgott,MathExtras.NumberTheory.Helfgott.Section53Corrected4ThrBandNoP2SIIHighCells,MathExtras.Helfgott.MinorSection51Pieces.bandFiniteMarginNoP2SII_highCell_verified,MathExtras.Helfgott.MinorSection51Pieces.BandIntervalExpr.evalInterval,bisection-tree,"RatInterval (exp/log/sqrt nodes, no rounding)",7650,10000,0,adaptiveUpper depth 7 (worst case 255 cells) x ~30 transcendental nodes/cell,log_enclose_full,proxy: each cell priced as its transcendental nodes,21.112820452246844,2533.6894711756972,1
MathExtras.Helfgott.MinorSection51Pieces.bandFiniteMarginNoP2SII_highCell_verified._native.native_decide.ax_1_21,MathExtras.NumberTheory.Helfgott,MathExtras.NumberTheory.Helfgott.Section53Corrected4ThrBandNoP2SIIHighCells,MathExtras.Helfgott.MinorSection51Pieces.bandFiniteMarginNoP2SII_highCell_verified,MathExtras.Helfgott.MinorSection51Pieces.BandIntervalExpr.evalInterval,bisection-tree,"RatInterval (exp/log/sqrt nodes, no rounding)",7650,10000,0,adaptiveUpper depth 7 (worst case 255 cells) x ~30 transcendental nodes/cell,log_enclose_full,proxy: each cell priced as its transcendental nodes,21.112820452246844,2533.6894711756972,1
MathExtras.Helfgott.MinorSection51Pieces.bandFiniteMarginNoP2SII_highCell_verified._native.native_decide.ax_1_22,MathExtras.NumberTheory.Helfgott,MathExtras.NumberTheory.Helfgott.Section53Corrected4ThrBandNoP2SIIHighCells,MathExtras.Helfgott.MinorSection51Pieces.bandFiniteMarginNoP2SII_highCell_verified,MathExtras.Helfgott.MinorSection51Pieces.BandIntervalExpr.evalInterval,bisection-tree,"RatInterval (exp/log/sqrt nodes, no rounding)",7650,10000,0,adaptiveUpper depth 7 (worst case 255 cells) x ~30 transcendental nodes/cell,log_enclose_full,proxy: each cell priced as its transcendental nodes,21.112820452246844,2533.6894711756972,1
MathExtras.Helfgott.MinorSection51Pieces.bandFiniteMarginNoP2SII_highCell_verified._native.native_decide.ax_1_23,MathExtras.NumberTheory.Helfgott,MathExtras.NumberTheory.Helfgott.Section53Corrected4ThrBandNoP2SIIHighCells,MathExtras.Helfgott.MinorSection51Pieces.bandFiniteMarginNoP2SII_highCell_verified,MathExtras.Helfgott.MinorSection51Pieces.BandIntervalExpr.evalInterval,bisection-tree,"RatInterval (exp/log/sqrt nodes, no rounding)",7650,10000,0,adaptiveUpper depth 7 (worst case 255 cells) x ~30 transcendental nodes/cell,log_enclose_full,proxy: each cell priced as its transcendental nodes,21.112820452246844,2533.6894711756972,1
MathExtras.Helfgott.MinorSection51Pieces.bandFiniteMarginNoP2SII_highCell_verified._native.native_decide.ax_1_24,MathExtras.NumberTheory.Helfgott,MathExtras.NumberTheory.Helfgott.Section53Corrected4ThrBandNoP2SIIHighCells,MathExtras.Helfgott.MinorSection51Pieces.bandFiniteMarginNoP2SII_highCell_verified,MathExtras.Helfgott.MinorSection51Pieces.BandIntervalExpr.evalInterval,bisection-tree,"RatInterval (exp/log/sqrt nodes, no rounding)",7650,10000,0,adaptiveUpper depth 7 (worst case 255 cells) x ~30 transcendental nodes/cell,log_enclose_full,proxy: each cell priced as its transcendental nodes,21.112820452246844,2533.6894711756972,1
MathExtras.Helfgott.MinorSection51Pieces.bandFiniteMarginNoP2SII_highCell_verified._native.native_decide.ax_1_25,MathExtras.NumberTheory.Helfgott,MathExtras.NumberTheory.Helfgott.Section53Corrected4ThrBandNoP2SIIHighCells,MathExtras.Helfgott.MinorSection51Pieces.bandFiniteMarginNoP2SII_highCell_verified,MathExtras.Helfgott.MinorSection51Pieces.BandIntervalExpr.evalInterval,bisection-tree,"RatInterval (exp/log/sqrt nodes, no rounding)",7650,10000,0,adaptiveUpper depth 7 (worst case 255 cells) x ~30 transcendental nodes/cell,log_enclose_full,proxy: each cell priced as its transcendental nodes,21.112820452246844,2533.6894711756972,1
MathExtras.Helfgott.MinorSection51Pieces.bandFiniteMarginNoP2SII_highCell_verified._native.native_decide.ax_1_26,MathExtras.NumberTheory.Helfgott,MathExtras.NumberTheory.Helfgott.Section53Corrected4ThrBandNoP2SIIHighCells,MathExtras.Helfgott.MinorSection51Pieces.bandFiniteMarginNoP2SII_highCell_verified,MathExtras.Helfgott.MinorSection51Pieces.BandIntervalExpr.evalInterval,bisection-tree,"RatInterval (exp/log/sqrt nodes, no rounding)",7650,10000,0,adaptiveUpper depth 7 (worst case 255 cells) x ~30 transcendental nodes/cell,log_enclose_full,proxy: each cell priced as its transcendental nodes,21.112820452246844,2533.6894711756972,1
MathExtras.Helfgott.MinorSection51Pieces.bandFiniteMarginNoP2SII_highCell_verified._native.native_decide.ax_1_27,MathExtras.NumberTheory.Helfgott,MathExtras.NumberTheory.Helfgott.Section53Corrected4ThrBandNoP2SIIHighCells,MathExtras.Helfgott.MinorSection51Pieces.bandFiniteMarginNoP2SII_highCell_verified,MathExtras.Helfgott.MinorSection51Pieces.BandIntervalExpr.evalInterval,bisection-tree,"RatInterval (exp/log/sqrt nodes, no rounding)",7650,10000,0,adaptiveUpper depth 7 (worst case 255 cells) x ~30 transcendental nodes/cell,log_enclose_full,proxy: each cell priced as its transcendental nodes,21.112820452246844,2533.6894711756972,1
MathExtras.Helfgott.MinorSection51Pieces.bandFiniteMarginNoP2SII_highCell_verified._native.native_decide.ax_1_28,MathExtras.NumberTheory.Helfgott,MathExtras.NumberTheory.Helfgott.Section53Corrected4ThrBandNoP2SIIHighCells,MathExtras.Helfgott.MinorSection51Pieces.bandFiniteMarginNoP2SII_highCell_verified,MathExtras.Helfgott.MinorSection51Pieces.BandIntervalExpr.evalInterval,bisection-tree,"RatInterval (exp/log/sqrt nodes, no rounding)",7650,10000,0,adaptiveUpper depth 7 (worst case 255 cells) x ~30 transcendental nodes/cell,log_enclose_full,proxy: each cell priced as its transcendental nodes,21.112820452246844,2533.6894711756972,1
MathExtras.Helfgott.MinorSection51Pieces.bandFiniteMarginNoP2SII_highCell_verified._native.native_decide.ax_1_29,MathExtras.NumberTheory.Helfgott,MathExtras.NumberTheory.Helfgott.Section53Corrected4ThrBandNoP2SIIHighCells,MathExtras.Helfgott.MinorSection51Pieces.bandFiniteMarginNoP2SII_highCell_verified,MathExtras.Helfgott.MinorSection51Pieces.BandIntervalExpr.evalInterval,bisection-tree,"RatInterval (exp/log/sqrt nodes, no rounding)",7650,10000,0,adaptiveUpper depth 7 (worst case 255 cells) x ~30 transcendental nodes/cell,log_enclose_full,proxy: each cell priced as its transcendental nodes,21.112820452246844,2533.6894711756972,1
MathExtras.Helfgott.MinorSection51Pieces.bandFiniteMarginNoP2SII_highCell_verified._native.native_decide.ax_1_3,MathExtras.NumberTheory.Helfgott,MathExtras.NumberTheory.Helfgott.Section53Corrected4ThrBandNoP2SIIHighCells,MathExtras.Helfgott.MinorSection51Pieces.bandFiniteMarginNoP2SII_highCell_verified,MathExtras.Helfgott.MinorSection51Pieces.BandIntervalExpr.evalInterval,bisection-tree,"RatInterval (exp/log/sqrt nodes, no rounding)",7650,10000,0,adaptiveUpper depth 7 (worst case 255 cells) x ~30 transcendental nodes/cell,log_enclose_full,proxy: each cell priced as its transcendental nodes,21.112820452246844,2533.6894711756972,1
MathExtras.Helfgott.MinorSection51Pieces.bandFiniteMarginNoP2SII_highCell_verified._native.native_decide.ax_1_30,MathExtras.NumberTheory.Helfgott,MathExtras.NumberTheory.Helfgott.Section53Corrected4ThrBandNoP2SIIHighCells,MathExtras.Helfgott.MinorSection51Pieces.bandFiniteMarginNoP2SII_highCell_verified,MathExtras.Helfgott.MinorSection51Pieces.BandIntervalExpr.evalInterval,bisection-tree,"RatInterval (exp/log/sqrt nodes, no rounding)",7650,10000,0,adaptiveUpper depth 7 (worst case 255 cells) x ~30 transcendental nodes/cell,log_enclose_full,proxy: each cell priced as its transcendental nodes,21.112820452246844,2533.6894711756972,1
MathExtras.Helfgott.MinorSection51Pieces.bandFiniteMarginNoP2SII_highCell_verified._native.native_decide.ax_1_31,MathExtras.NumberTheory.Helfgott,MathExtras.NumberTheory.Helfgott.Section53Corrected4ThrBandNoP2SIIHighCells,MathExtras.Helfgott.MinorSection51Pieces.bandFiniteMarginNoP2SII_highCell_verified,MathExtras.Helfgott.MinorSection51Pieces.BandIntervalExpr.evalInterval,bisection-tree,"RatInterval (exp/log/sqrt nodes, no rounding)",7650,10000,0,adaptiveUpper depth 7 (worst case 255 cells) x ~30 transcendental nodes/cell,log_enclose_full,proxy: each cell priced as its transcendental nodes,21.112820452246844,2533.6894711756972,1
MathExtras.Helfgott.MinorSection51Pieces.bandFiniteMarginNoP2SII_highCell_verified._native.native_decide.ax_1_32,MathExtras.NumberTheory.Helfgott,MathExtras.NumberTheory.Helfgott.Section53Corrected4ThrBandNoP2SIIHighCells,MathExtras.Helfgott.MinorSection51Pieces.bandFiniteMarginNoP2SII_highCell_verified,MathExtras.Helfgott.MinorSection51Pieces.BandIntervalExpr.evalInterval,bisection-tree,"RatInterval (exp/log/sqrt nodes, no rounding)",7650,10000,0,adaptiveUpper depth 7 (worst case 255 cells) x ~30 transcendental nodes/cell,log_enclose_full,proxy: each cell priced as its transcendental nodes,21.112820452246844,2533.6894711756972,1
MathExtras.Helfgott.MinorSection51Pieces.bandFiniteMarginNoP2SII_highCell_verified._native.native_decide.ax_1_33,MathExtras.NumberTheory.Helfgott,MathExtras.NumberTheory.Helfgott.Section53Corrected4ThrBandNoP2SIIHighCells,MathExtras.Helfgott.MinorSection51Pieces.bandFiniteMarginNoP2SII_highCell_verified,MathExtras.Helfgott.MinorSection51Pieces.BandIntervalExpr.evalInterval,bisection-tree,"RatInterval (exp/log/sqrt nodes, no rounding)",7650,10000,0,adaptiveUpper depth 7 (worst case 255 cells) x ~30 transcendental nodes/cell,log_enclose_full,proxy: each cell priced as its transcendental nodes,21.112820452246844,2533.6894711756972,1
MathExtras.Helfgott.MinorSection51Pieces.bandFiniteMarginNoP2SII_highCell_verified._native.native_decide.ax_1_34,MathExtras.NumberTheory.Helfgott,MathExtras.NumberTheory.Helfgott.Section53Corrected4ThrBandNoP2SIIHighCells,MathExtras.Helfgott.MinorSection51Pieces.bandFiniteMarginNoP2SII_highCell_verified,MathExtras.Helfgott.MinorSection51Pieces.BandIntervalExpr.evalInterval,bisection-tree,"RatInterval (exp/log/sqrt nodes, no rounding)",7650,10000,0,adaptiveUpper depth 7 (worst case 255 cells) x ~30 transcendental nodes/cell,log_enclose_full,proxy: each cell priced as its transcendental nodes,21.112820452246844,2533.6894711756972,1
MathExtras.Helfgott.MinorSection51Pieces.bandFiniteMarginNoP2SII_highCell_verified._native.native_decide.ax_1_35,MathExtras.NumberTheory.Helfgott,MathExtras.NumberTheory.Helfgott.Section53Corrected4ThrBandNoP2SIIHighCells,MathExtras.Helfgott.MinorSection51Pieces.bandFiniteMarginNoP2SII_highCell_verified,MathExtras.Helfgott.MinorSection51Pieces.BandIntervalExpr.evalInterval,bisection-tree,"RatInterval (exp/log/sqrt nodes, no rounding)",7650,10000,0,adaptiveUpper depth 7 (worst case 255 cells) x ~30 transcendental nodes/cell,log_enclose_full,proxy: each cell priced as its transcendental nodes,21.112820452246844,2533.6894711756972,1
MathExtras.Helfgott.MinorSection51Pieces.bandFiniteMarginNoP2SII_highCell_verified._native.native_decide.ax_1_36,MathExtras.NumberTheory.Helfgott,MathExtras.NumberTheory.Helfgott.Section53Corrected4ThrBandNoP2SIIHighCells,MathExtras.Helfgott.MinorSection51Pieces.bandFiniteMarginNoP2SII_highCell_verified,MathExtras.Helfgott.MinorSection51Pieces.BandIntervalExpr.evalInterval,bisection-tree,"RatInterval (exp/log/sqrt nodes, no rounding)",7650,10000,0,adaptiveUpper depth 7 (worst case 255 cells) x ~30 transcendental nodes/cell,log_enclose_full,proxy: each cell priced as its transcendental nodes,21.112820452246844,2533.6894711756972,1
MathExtras.Helfgott.MinorSection51Pieces.bandFiniteMarginNoP2SII_highCell_verified._native.native_decide.ax_1_37,MathExtras.NumberTheory.Helfgott,MathExtras.NumberTheory.Helfgott.Section53Corrected4ThrBandNoP2SIIHighCells,MathExtras.Helfgott.MinorSection51Pieces.bandFiniteMarginNoP2SII_highCell_verified,MathExtras.Helfgott.MinorSection51Pieces.BandIntervalExpr.evalInterval,bisection-tree,"RatInterval (exp/log/sqrt nodes, no rounding)",7650,10000,0,adaptiveUpper depth 7 (worst case 255 cells) x ~30 transcendental nodes/cell,log_enclose_full,proxy: each cell priced as its transcendental nodes,21.112820452246844,2533.6894711756972,1
MathExtras.Helfgott.MinorSection51Pieces.bandFiniteMarginNoP2SII_highCell_verified._native.native_decide.ax_1_38,MathExtras.NumberTheory.Helfgott,MathExtras.NumberTheory.Helfgott.Section53Corrected4ThrBandNoP2SIIHighCells,MathExtras.Helfgott.MinorSection51Pieces.bandFiniteMarginNoP2SII_highCell_verified,MathExtras.Helfgott.MinorSection51Pieces.BandIntervalExpr.evalInterval,bisection-tree,"RatInterval (exp/log/sqrt nodes, no rounding)",7650,10000,0,adaptiveUpper depth 7 (worst case 255 cells) x ~30 transcendental nodes/cell,log_enclose_full,proxy: each cell priced as its transcendental nodes,21.112820452246844,2533.6894711756972,1
MathExtras.Helfgott.MinorSection51Pieces.bandFiniteMarginNoP2SII_highCell_verified._native.native_decide.ax_1_39,MathExtras.NumberTheory.Helfgott,MathExtras.NumberTheory.Helfgott.Section53Corrected4ThrBandNoP2SIIHighCells,MathExtras.Helfgott.MinorSection51Pieces.bandFiniteMarginNoP2SII_highCell_verified,MathExtras.Helfgott.MinorSection51Pieces.BandIntervalExpr.evalInterval,bisection-tree,"RatInterval (exp/log/sqrt nodes, no rounding)",7650,10000,0,adaptiveUpper depth 7 (worst case 255 cells) x ~30 transcendental nodes/cell,log_enclose_full,proxy: each cell priced as its transcendental nodes,21.112820452246844,2533.6894711756972,1
MathExtras.Helfgott.MinorSection51Pieces.bandFiniteMarginNoP2SII_highCell_verified._native.native_decide.ax_1_4,MathExtras.NumberTheory.Helfgott,MathExtras.NumberTheory.Helfgott.Section53Corrected4ThrBandNoP2SIIHighCells,MathExtras.Helfgott.MinorSection51Pieces.bandFiniteMarginNoP2SII_highCell_verified,MathExtras.Helfgott.MinorSection51Pieces.BandIntervalExpr.evalInterval,bisection-tree,"RatInterval (exp/log/sqrt nodes, no rounding)",7650,10000,0,adaptiveUpper depth 7 (worst case 255 cells) x ~30 transcendental nodes/cell,log_enclose_full,proxy: each cell priced as its transcendental nodes,21.112820452246844,2533.6894711756972,1
MathExtras.Helfgott.MinorSection51Pieces.bandFiniteMarginNoP2SII_highCell_verified._native.native_decide.ax_1_40,MathExtras.NumberTheory.Helfgott,MathExtras.NumberTheory.Helfgott.Section53Corrected4ThrBandNoP2SIIHighCells,MathExtras.Helfgott.MinorSection51Pieces.bandFiniteMarginNoP2SII_highCell_verified,MathExtras.Helfgott.MinorSection51Pieces.BandIntervalExpr.evalInterval,bisection-tree,"RatInterval (exp/log/sqrt nodes, no rounding)",7650,10000,0,adaptiveUpper depth 7 (worst case 255 cells) x ~30 transcendental nodes/cell,log_enclose_full,proxy: each cell priced as its transcendental nodes,21.112820452246844,2533.6894711756972,1
MathExtras.Helfgott.MinorSection51Pieces.bandFiniteMarginNoP2SII_highCell_verified._native.native_decide.ax_1_41,MathExtras.NumberTheory.Helfgott,MathExtras.NumberTheory.Helfgott.Section53Corrected4ThrBandNoP2SIIHighCells,MathExtras.Helfgott.MinorSection51Pieces.bandFiniteMarginNoP2SII_highCell_verified,MathExtras.Helfgott.MinorSection51Pieces.BandIntervalExpr.evalInterval,bisection-tree,"RatInterval (exp/log/sqrt nodes, no rounding)",7650,10000,0,adaptiveUpper depth 7 (worst case 255 cells) x ~30 transcendental nodes/cell,log_enclose_full,proxy: each cell priced as its transcendental nodes,21.112820452246844,2533.6894711756972,1
MathExtras.Helfgott.MinorSection51Pieces.bandFiniteMarginNoP2SII_highCell_verified._native.native_decide.ax_1_42,MathExtras.NumberTheory.Helfgott,MathExtras.NumberTheory.Helfgott.Section53Corrected4ThrBandNoP2SIIHighCells,MathExtras.Helfgott.MinorSection51Pieces.bandFiniteMarginNoP2SII_highCell_verified,MathExtras.Helfgott.MinorSection51Pieces.BandIntervalExpr.evalInterval,bisection-tree,"RatInterval (exp/log/sqrt nodes, no rounding)",7650,10000,0,adaptiveUpper depth 7 (worst case 255 cells) x ~30 transcendental nodes/cell,log_enclose_full,proxy: each cell priced as its transcendental nodes,21.112820452246844,2533.6894711756972,1
MathExtras.Helfgott.MinorSection51Pieces.bandFiniteMarginNoP2SII_highCell_verified._native.native_decide.ax_1_43,MathExtras.NumberTheory.Helfgott,MathExtras.NumberTheory.Helfgott.Section53Corrected4ThrBandNoP2SIIHighCells,MathExtras.Helfgott.MinorSection51Pieces.bandFiniteMarginNoP2SII_highCell_verified,MathExtras.Helfgott.MinorSection51Pieces.BandIntervalExpr.evalInterval,bisection-tree,"RatInterval (exp/log/sqrt nodes, no rounding)",7650,10000,0,adaptiveUpper depth 7 (worst case 255 cells) x ~30 transcendental nodes/cell,log_enclose_full,proxy: each cell priced as its transcendental nodes,21.112820452246844,2533.6894711756972,1
MathExtras.Helfgott.MinorSection51Pieces.bandFiniteMarginNoP2SII_highCell_verified._native.native_decide.ax_1_44,MathExtras.NumberTheory.Helfgott,MathExtras.NumberTheory.Helfgott.Section53Corrected4ThrBandNoP2SIIHighCells,MathExtras.Helfgott.MinorSection51Pieces.bandFiniteMarginNoP2SII_highCell_verified,MathExtras.Helfgott.MinorSection51Pieces.BandIntervalExpr.evalInterval,bisection-tree,"RatInterval (exp/log/sqrt nodes, no rounding)",7650,10000,0,adaptiveUpper depth 7 (worst case 255 cells) x ~30 transcendental nodes/cell,log_enclose_full,proxy: each cell priced as its transcendental nodes,21.112820452246844,2533.6894711756972,1
MathExtras.Helfgott.MinorSection51Pieces.bandFiniteMarginNoP2SII_highCell_verified._native.native_decide.ax_1_45,MathExtras.NumberTheory.Helfgott,MathExtras.NumberTheory.Helfgott.Section53Corrected4ThrBandNoP2SIIHighCells,MathExtras.Helfgott.MinorSection51Pieces.bandFiniteMarginNoP2SII_highCell_verified,MathExtras.Helfgott.MinorSection51Pieces.BandIntervalExpr.evalInterval,bisection-tree,"RatInterval (exp/log/sqrt nodes, no rounding)",7650,10000,0,adaptiveUpper depth 7 (worst case 255 cells) x ~30 transcendental nodes/cell,log_enclose_full,proxy: each cell priced as its transcendental nodes,21.112820452246844,2533.6894711756972,1
MathExtras.Helfgott.MinorSection51Pieces.bandFiniteMarginNoP2SII_highCell_verified._native.native_decide.ax_1_46,MathExtras.NumberTheory.Helfgott,MathExtras.NumberTheory.Helfgott.Section53Corrected4ThrBandNoP2SIIHighCells,MathExtras.Helfgott.MinorSection51Pieces.bandFiniteMarginNoP2SII_highCell_verified,MathExtras.Helfgott.MinorSection51Pieces.BandIntervalExpr.evalInterval,bisection-tree,"RatInterval (exp/log/sqrt nodes, no rounding)",7650,10000,0,adaptiveUpper depth 7 (worst case 255 cells) x ~30 transcendental nodes/cell,log_enclose_full,proxy: each cell priced as its transcendental nodes,21.112820452246844,2533.6894711756972,1
MathExtras.Helfgott.MinorSection51Pieces.bandFiniteMarginNoP2SII_highCell_verified._native.native_decide.ax_1_47,MathExtras.NumberTheory.Helfgott,MathExtras.NumberTheory.Helfgott.Section53Corrected4ThrBandNoP2SIIHighCells,MathExtras.Helfgott.MinorSection51Pieces.bandFiniteMarginNoP2SII_highCell_verified,MathExtras.Helfgott.MinorSection51Pieces.BandIntervalExpr.evalInterval,bisection-tree,"RatInterval (exp/log/sqrt nodes, no rounding)",7650,10000,0,adaptiveUpper depth 7 (worst case 255 cells) x ~30 transcendental nodes/cell,log_enclose_full,proxy: each cell priced as its transcendental nodes,21.112820452246844,2533.6894711756972,1
MathExtras.Helfgott.MinorSection51Pieces.bandFiniteMarginNoP2SII_highCell_verified._native.native_decide.ax_1_48,MathExtras.NumberTheory.Helfgott,MathExtras.NumberTheory.Helfgott.Section53Corrected4ThrBandNoP2SIIHighCells,MathExtras.Helfgott.MinorSection51Pieces.bandFiniteMarginNoP2SII_highCell_verified,MathExtras.Helfgott.MinorSection51Pieces.BandIntervalExpr.evalInterval,bisection-tree,"RatInterval (exp/log/sqrt nodes, no rounding)",7650,10000,0,adaptiveUpper depth 7 (worst case 255 cells) x ~30 transcendental nodes/cell,log_enclose_full,proxy: each cell priced as its transcendental nodes,21.112820452246844,2533.6894711756972,1
MathExtras.Helfgott.MinorSection51Pieces.bandFiniteMarginNoP2SII_highCell_verified._native.native_decide.ax_1_49,MathExtras.NumberTheory.Helfgott,MathExtras.NumberTheory.Helfgott.Section53Corrected4ThrBandNoP2SIIHighCells,MathExtras.Helfgott.MinorSection51Pieces.bandFiniteMarginNoP2SII_highCell_verified,MathExtras.Helfgott.MinorSection51Pieces.BandIntervalExpr.evalInterval,bisection-tree,"RatInterval (exp/log/sqrt nodes, no rounding)",7650,10000,0,adaptiveUpper depth 7 (worst case 255 cells) x ~30 transcendental nodes/cell,log_enclose_full,proxy: each cell priced as its transcendental nodes,21.112820452246844,2533.6894711756972,1
MathExtras.Helfgott.MinorSection51Pieces.bandFiniteMarginNoP2SII_highCell_verified._native.native_decide.ax_1_5,MathExtras.NumberTheory.Helfgott,MathExtras.NumberTheory.Helfgott.Section53Corrected4ThrBandNoP2SIIHighCells,MathExtras.Helfgott.MinorSection51Pieces.bandFiniteMarginNoP2SII_highCell_verified,MathExtras.Helfgott.MinorSection51Pieces.BandIntervalExpr.evalInterval,bisection-tree,"RatInterval (exp/log/sqrt nodes, no rounding)",7650,10000,0,adaptiveUpper depth 7 (worst case 255 cells) x ~30 transcendental nodes/cell,log_enclose_full,proxy: each cell priced as its transcendental nodes,21.112820452246844,2533.6894711756972,1
MathExtras.Helfgott.MinorSection51Pieces.bandFiniteMarginNoP2SII_highCell_verified._native.native_decide.ax_1_50,MathExtras.NumberTheory.Helfgott,MathExtras.NumberTheory.Helfgott.Section53Corrected4ThrBandNoP2SIIHighCells,MathExtras.Helfgott.MinorSection51Pieces.bandFiniteMarginNoP2SII_highCell_verified,MathExtras.Helfgott.MinorSection51Pieces.BandIntervalExpr.evalInterval,bisection-tree,"RatInterval (exp/log/sqrt nodes, no rounding)",7650,10000,0,adaptiveUpper depth 7 (worst case 255 cells) x ~30 transcendental nodes/cell,log_enclose_full,proxy: each cell priced as its transcendental nodes,21.112820452246844,2533.6894711756972,1
MathExtras.Helfgott.MinorSection51Pieces.bandFiniteMarginNoP2SII_highCell_verified._native.native_decide.ax_1_51,MathExtras.NumberTheory.Helfgott,MathExtras.NumberTheory.Helfgott.Section53Corrected4ThrBandNoP2SIIHighCells,MathExtras.Helfgott.MinorSection51Pieces.bandFiniteMarginNoP2SII_highCell_verified,MathExtras.Helfgott.MinorSection51Pieces.BandIntervalExpr.evalInterval,bisection-tree,"RatInterval (exp/log/sqrt nodes, no rounding)",7650,10000,0,adaptiveUpper depth 7 (worst case 255 cells) x ~30 transcendental nodes/cell,log_enclose_full,proxy: each cell priced as its transcendental nodes,21.112820452246844,2533.6894711756972,1
MathExtras.Helfgott.MinorSection51Pieces.bandFiniteMarginNoP2SII_highCell_verified._native.native_decide.ax_1_52,MathExtras.NumberTheory.Helfgott,MathExtras.NumberTheory.Helfgott.Section53Corrected4ThrBandNoP2SIIHighCells,MathExtras.Helfgott.MinorSection51Pieces.bandFiniteMarginNoP2SII_highCell_verified,MathExtras.Helfgott.MinorSection51Pieces.BandIntervalExpr.evalInterval,bisection-tree,"RatInterval (exp/log/sqrt nodes, no rounding)",7650,10000,0,adaptiveUpper depth 7 (worst case 255 cells) x ~30 transcendental nodes/cell,log_enclose_full,proxy: each cell priced as its transcendental nodes,21.112820452246844,2533.6894711756972,1
MathExtras.Helfgott.MinorSection51Pieces.bandFiniteMarginNoP2SII_highCell_verified._native.native_decide.ax_1_53,MathExtras.NumberTheory.Helfgott,MathExtras.NumberTheory.Helfgott.Section53Corrected4ThrBandNoP2SIIHighCells,MathExtras.Helfgott.MinorSection51Pieces.bandFiniteMarginNoP2SII_highCell_verified,MathExtras.Helfgott.MinorSection51Pieces.BandIntervalExpr.evalInterval,bisection-tree,"RatInterval (exp/log/sqrt nodes, no rounding)",7650,10000,0,adaptiveUpper depth 7 (worst case 255 cells) x ~30 transcendental nodes/cell,log_enclose_full,proxy: each cell priced as its transcendental nodes,21.112820452246844,2533.6894711756972,1
MathExtras.Helfgott.MinorSection51Pieces.bandFiniteMarginNoP2SII_highCell_verified._native.native_decide.ax_1_54,MathExtras.NumberTheory.Helfgott,MathExtras.NumberTheory.Helfgott.Section53Corrected4ThrBandNoP2SIIHighCells,MathExtras.Helfgott.MinorSection51Pieces.bandFiniteMarginNoP2SII_highCell_verified,MathExtras.Helfgott.MinorSection51Pieces.BandIntervalExpr.evalInterval,bisection-tree,"RatInterval (exp/log/sqrt nodes, no rounding)",7650,10000,0,adaptiveUpper depth 7 (worst case 255 cells) x ~30 transcendental nodes/cell,log_enclose_full,proxy: each cell priced as its transcendental nodes,21.112820452246844,2533.6894711756972,1
MathExtras.Helfgott.MinorSection51Pieces.bandFiniteMarginNoP2SII_highCell_verified._native.native_decide.ax_1_55,MathExtras.NumberTheory.Helfgott,MathExtras.NumberTheory.Helfgott.Section53Corrected4ThrBandNoP2SIIHighCells,MathExtras.Helfgott.MinorSection51Pieces.bandFiniteMarginNoP2SII_highCell_verified,MathExtras.Helfgott.MinorSection51Pieces.BandIntervalExpr.evalInterval,bisection-tree,"RatInterval (exp/log/sqrt nodes, no rounding)",7650,10000,0,adaptiveUpper depth 7 (worst case 255 cells) x ~30 transcendental nodes/cell,log_enclose_full,proxy: each cell priced as its transcendental nodes,21.112820452246844,2533.6894711756972,1
MathExtras.Helfgott.MinorSection51Pieces.bandFiniteMarginNoP2SII_highCell_verified._native.native_decide.ax_1_56,MathExtras.NumberTheory.Helfgott,MathExtras.NumberTheory.Helfgott.Section53Corrected4ThrBandNoP2SIIHighCells,MathExtras.Helfgott.MinorSection51Pieces.bandFiniteMarginNoP2SII_highCell_verified,MathExtras.Helfgott.MinorSection51Pieces.BandIntervalExpr.evalInterval,bisection-tree,"RatInterval (exp/log/sqrt nodes, no rounding)",7650,10000,0,adaptiveUpper depth 7 (worst case 255 cells) x ~30 transcendental nodes/cell,log_enclose_full,proxy: each cell priced as its transcendental nodes,21.112820452246844,2533.6894711756972,1
MathExtras.Helfgott.MinorSection51Pieces.bandFiniteMarginNoP2SII_highCell_verified._native.native_decide.ax_1_57,MathExtras.NumberTheory.Helfgott,MathExtras.NumberTheory.Helfgott.Section53Corrected4ThrBandNoP2SIIHighCells,MathExtras.Helfgott.MinorSection51Pieces.bandFiniteMarginNoP2SII_highCell_verified,MathExtras.Helfgott.MinorSection51Pieces.BandIntervalExpr.evalInterval,bisection-tree,"RatInterval (exp/log/sqrt nodes, no rounding)",7650,10000,0,adaptiveUpper depth 7 (worst case 255 cells) x ~30 transcendental nodes/cell,log_enclose_full,proxy: each cell priced as its transcendental nodes,21.112820452246844,2533.6894711756972,1
MathExtras.Helfgott.MinorSection51Pieces.bandFiniteMarginNoP2SII_highCell_verified._native.native_decide.ax_1_58,MathExtras.NumberTheory.Helfgott,MathExtras.NumberTheory.Helfgott.Section53Corrected4ThrBandNoP2SIIHighCells,MathExtras.Helfgott.MinorSection51Pieces.bandFiniteMarginNoP2SII_highCell_verified,MathExtras.Helfgott.MinorSection51Pieces.BandIntervalExpr.evalInterval,bisection-tree,"RatInterval (exp/log/sqrt nodes, no rounding)",7650,10000,0,adaptiveUpper depth 7 (worst case 255 cells) x ~30 transcendental nodes/cell,log_enclose_full,proxy: each cell priced as its transcendental nodes,21.112820452246844,2533.6894711756972,1
MathExtras.Helfgott.MinorSection51Pieces.bandFiniteMarginNoP2SII_highCell_verified._native.native_decide.ax_1_59,MathExtras.NumberTheory.Helfgott,MathExtras.NumberTheory.Helfgott.Section53Corrected4ThrBandNoP2SIIHighCells,MathExtras.Helfgott.MinorSection51Pieces.bandFiniteMarginNoP2SII_highCell_verified,MathExtras.Helfgott.MinorSection51Pieces.BandIntervalExpr.evalInterval,bisection-tree,"RatInterval (exp/log/sqrt nodes, no rounding)",7650,10000,0,adaptiveUpper depth 7 (worst case 255 cells) x ~30 transcendental nodes/cell,log_enclose_full,proxy: each cell priced as its transcendental nodes,21.112820452246844,2533.6894711756972,1
MathExtras.Helfgott.MinorSection51Pieces.bandFiniteMarginNoP2SII_highCell_verified._native.native_decide.ax_1_6,MathExtras.NumberTheory.Helfgott,MathExtras.NumberTheory.Helfgott.Section53Corrected4ThrBandNoP2SIIHighCells,MathExtras.Helfgott.MinorSection51Pieces.bandFiniteMarginNoP2SII_highCell_verified,MathExtras.Helfgott.MinorSection51Pieces.BandIntervalExpr.evalInterval,bisection-tree,"RatInterval (exp/log/sqrt nodes, no rounding)",7650,10000,0,adaptiveUpper depth 7 (worst case 255 cells) x ~30 transcendental nodes/cell,log_enclose_full,proxy: each cell priced as its transcendental nodes,21.112820452246844,2533.6894711756972,1
MathExtras.Helfgott.MinorSection51Pieces.bandFiniteMarginNoP2SII_highCell_verified._native.native_decide.ax_1_60,MathExtras.NumberTheory.Helfgott,MathExtras.NumberTheory.Helfgott.Section53Corrected4ThrBandNoP2SIIHighCells,MathExtras.Helfgott.MinorSection51Pieces.bandFiniteMarginNoP2SII_highCell_verified,MathExtras.Helfgott.MinorSection51Pieces.BandIntervalExpr.evalInterval,bisection-tree,"RatInterval (exp/log/sqrt nodes, no rounding)",7650,10000,0,adaptiveUpper depth 7 (worst case 255 cells) x ~30 transcendental nodes/cell,log_enclose_full,proxy: each cell priced as its transcendental nodes,21.112820452246844,2533.6894711756972,1
MathExtras.Helfgott.MinorSection51Pieces.bandFiniteMarginNoP2SII_highCell_verified._native.native_decide.ax_1_61,MathExtras.NumberTheory.Helfgott,MathExtras.NumberTheory.Helfgott.Section53Corrected4ThrBandNoP2SIIHighCells,MathExtras.Helfgott.MinorSection51Pieces.bandFiniteMarginNoP2SII_highCell_verified,MathExtras.Helfgott.MinorSection51Pieces.BandIntervalExpr.evalInterval,bisection-tree,"RatInterval (exp/log/sqrt nodes, no rounding)",7650,10000,0,adaptiveUpper depth 7 (worst case 255 cells) x ~30 transcendental nodes/cell,log_enclose_full,proxy: each cell priced as its transcendental nodes,21.112820452246844,2533.6894711756972,1
MathExtras.Helfgott.MinorSection51Pieces.bandFiniteMarginNoP2SII_highCell_verified._native.native_decide.ax_1_62,MathExtras.NumberTheory.Helfgott,MathExtras.NumberTheory.Helfgott.Section53Corrected4ThrBandNoP2SIIHighCells,MathExtras.Helfgott.MinorSection51Pieces.bandFiniteMarginNoP2SII_highCell_verified,MathExtras.Helfgott.MinorSection51Pieces.BandIntervalExpr.evalInterval,bisection-tree,"RatInterval (exp/log/sqrt nodes, no rounding)",7650,10000,0,adaptiveUpper depth 7 (worst case 255 cells) x ~30 transcendental nodes/cell,log_enclose_full,proxy: each cell priced as its transcendental nodes,21.112820452246844,2533.6894711756972,1
MathExtras.Helfgott.MinorSection51Pieces.bandFiniteMarginNoP2SII_highCell_verified._native.native_decide.ax_1_63,MathExtras.NumberTheory.Helfgott,MathExtras.NumberTheory.Helfgott.Section53Corrected4ThrBandNoP2SIIHighCells,MathExtras.Helfgott.MinorSection51Pieces.bandFiniteMarginNoP2SII_highCell_verified,MathExtras.Helfgott.MinorSection51Pieces.BandIntervalExpr.evalInterval,bisection-tree,"RatInterval (exp/log/sqrt nodes, no rounding)",7650,10000,0,adaptiveUpper depth 7 (worst case 255 cells) x ~30 transcendental nodes/cell,log_enclose_full,proxy: each cell priced as its transcendental nodes,21.112820452246844,2533.6894711756972,1
MathExtras.Helfgott.MinorSection51Pieces.bandFiniteMarginNoP2SII_highCell_verified._native.native_decide.ax_1_64,MathExtras.NumberTheory.Helfgott,MathExtras.NumberTheory.Helfgott.Section53Corrected4ThrBandNoP2SIIHighCells,MathExtras.Helfgott.MinorSection51Pieces.bandFiniteMarginNoP2SII_highCell_verified,MathExtras.Helfgott.MinorSection51Pieces.BandIntervalExpr.evalInterval,bisection-tree,"RatInterval (exp/log/sqrt nodes, no rounding)",7650,10000,0,adaptiveUpper depth 7 (worst case 255 cells) x ~30 transcendental nodes/cell,log_enclose_full,proxy: each cell priced as its transcendental nodes,21.112820452246844,2533.6894711756972,1
MathExtras.Helfgott.MinorSection51Pieces.bandFiniteMarginNoP2SII_highCell_verified._native.native_decide.ax_1_65,MathExtras.NumberTheory.Helfgott,MathExtras.NumberTheory.Helfgott.Section53Corrected4ThrBandNoP2SIIHighCells,MathExtras.Helfgott.MinorSection51Pieces.bandFiniteMarginNoP2SII_highCell_verified,MathExtras.Helfgott.MinorSection51Pieces.BandIntervalExpr.evalInterval,bisection-tree,"RatInterval (exp/log/sqrt nodes, no rounding)",7650,10000,0,adaptiveUpper depth 7 (worst case 255 cells) x ~30 transcendental nodes/cell,log_enclose_full,proxy: each cell priced as its transcendental nodes,21.112820452246844,2533.6894711756972,1
MathExtras.Helfgott.MinorSection51Pieces.bandFiniteMarginNoP2SII_highCell_verified._native.native_decide.ax_1_66,MathExtras.NumberTheory.Helfgott,MathExtras.NumberTheory.Helfgott.Section53Corrected4ThrBandNoP2SIIHighCells,MathExtras.Helfgott.MinorSection51Pieces.bandFiniteMarginNoP2SII_highCell_verified,MathExtras.Helfgott.MinorSection51Pieces.BandIntervalExpr.evalInterval,bisection-tree,"RatInterval (exp/log/sqrt nodes, no rounding)",7650,10000,0,adaptiveUpper depth 7 (worst case 255 cells) x ~30 transcendental nodes/cell,log_enclose_full,proxy: each cell priced as its transcendental nodes,21.112820452246844,2533.6894711756972,1
MathExtras.Helfgott.MinorSection51Pieces.bandFiniteMarginNoP2SII_highCell_verified._native.native_decide.ax_1_67,MathExtras.NumberTheory.Helfgott,MathExtras.NumberTheory.Helfgott.Section53Corrected4ThrBandNoP2SIIHighCells,MathExtras.Helfgott.MinorSection51Pieces.bandFiniteMarginNoP2SII_highCell_verified,MathExtras.Helfgott.MinorSection51Pieces.BandIntervalExpr.evalInterval,bisection-tree,"RatInterval (exp/log/sqrt nodes, no rounding)",7650,10000,0,adaptiveUpper depth 7 (worst case 255 cells) x ~30 transcendental nodes/cell,log_enclose_full,proxy: each cell priced as its transcendental nodes,21.112820452246844,2533.6894711756972,1
MathExtras.Helfgott.MinorSection51Pieces.bandFiniteMarginNoP2SII_highCell_verified._native.native_decide.ax_1_68,MathExtras.NumberTheory.Helfgott,MathExtras.NumberTheory.Helfgott.Section53Corrected4ThrBandNoP2SIIHighCells,MathExtras.Helfgott.MinorSection51Pieces.bandFiniteMarginNoP2SII_highCell_verified,MathExtras.Helfgott.MinorSection51Pieces.BandIntervalExpr.evalInterval,bisection-tree,"RatInterval (exp/log/sqrt nodes, no rounding)",7650,10000,0,adaptiveUpper depth 7 (worst case 255 cells) x ~30 transcendental nodes/cell,log_enclose_full,proxy: each cell priced as its transcendental nodes,21.112820452246844,2533.6894711756972,1
MathExtras.Helfgott.MinorSection51Pieces.bandFiniteMarginNoP2SII_highCell_verified._native.native_decide.ax_1_69,MathExtras.NumberTheory.Helfgott,MathExtras.NumberTheory.Helfgott.Section53Corrected4ThrBandNoP2SIIHighCells,MathExtras.Helfgott.MinorSection51Pieces.bandFiniteMarginNoP2SII_highCell_verified,MathExtras.Helfgott.MinorSection51Pieces.BandIntervalExpr.evalInterval,bisection-tree,"RatInterval (exp/log/sqrt nodes, no rounding)",7650,10000,0,adaptiveUpper depth 7 (worst case 255 cells) x ~30 transcendental nodes/cell,log_enclose_full,proxy: each cell priced as its transcendental nodes,21.112820452246844,2533.6894711756972,1
MathExtras.Helfgott.MinorSection51Pieces.bandFiniteMarginNoP2SII_highCell_verified._native.native_decide.ax_1_7,MathExtras.NumberTheory.Helfgott,MathExtras.NumberTheory.Helfgott.Section53Corrected4ThrBandNoP2SIIHighCells,MathExtras.Helfgott.MinorSection51Pieces.bandFiniteMarginNoP2SII_highCell_verified,MathExtras.Helfgott.MinorSection51Pieces.BandIntervalExpr.evalInterval,bisection-tree,"RatInterval (exp/log/sqrt nodes, no rounding)",7650,10000,0,adaptiveUpper depth 7 (worst case 255 cells) x ~30 transcendental nodes/cell,log_enclose_full,proxy: each cell priced as its transcendental nodes,21.112820452246844,2533.6894711756972,1
MathExtras.Helfgott.MinorSection51Pieces.bandFiniteMarginNoP2SII_highCell_verified._native.native_decide.ax_1_70,MathExtras.NumberTheory.Helfgott,MathExtras.NumberTheory.Helfgott.Section53Corrected4ThrBandNoP2SIIHighCells,MathExtras.Helfgott.MinorSection51Pieces.bandFiniteMarginNoP2SII_highCell_verified,MathExtras.Helfgott.MinorSection51Pieces.BandIntervalExpr.evalInterval,bisection-tree,"RatInterval (exp/log/sqrt nodes, no rounding)",7650,10000,0,adaptiveUpper depth 7 (worst case 255 cells) x ~30 transcendental nodes/cell,log_enclose_full,proxy: each cell priced as its transcendental nodes,21.112820452246844,2533.6894711756972,1
MathExtras.Helfgott.MinorSection51Pieces.bandFiniteMarginNoP2SII_highCell_verified._native.native_decide.ax_1_71,MathExtras.NumberTheory.Helfgott,MathExtras.NumberTheory.Helfgott.Section53Corrected4ThrBandNoP2SIIHighCells,MathExtras.Helfgott.MinorSection51Pieces.bandFiniteMarginNoP2SII_highCell_verified,MathExtras.Helfgott.MinorSection51Pieces.BandIntervalExpr.evalInterval,bisection-tree,"RatInterval (exp/log/sqrt nodes, no rounding)",7650,10000,0,adaptiveUpper depth 7 (worst case 255 cells) x ~30 transcendental nodes/cell,log_enclose_full,proxy: each cell priced as its transcendental nodes,21.112820452246844,2533.6894711756972,1
MathExtras.Helfgott.MinorSection51Pieces.bandFiniteMarginNoP2SII_highCell_verified._native.native_decide.ax_1_72,MathExtras.NumberTheory.Helfgott,MathExtras.NumberTheory.Helfgott.Section53Corrected4ThrBandNoP2SIIHighCells,MathExtras.Helfgott.MinorSection51Pieces.bandFiniteMarginNoP2SII_highCell_verified,MathExtras.Helfgott.MinorSection51Pieces.BandIntervalExpr.evalInterval,bisection-tree,"RatInterval (exp/log/sqrt nodes, no rounding)",7650,10000,0,adaptiveUpper depth 7 (worst case 255 cells) x ~30 transcendental nodes/cell,log_enclose_full,proxy: each cell priced as its transcendental nodes,21.112820452246844,2533.6894711756972,1
MathExtras.Helfgott.MinorSection51Pieces.bandFiniteMarginNoP2SII_highCell_verified._native.native_decide.ax_1_73,MathExtras.NumberTheory.Helfgott,MathExtras.NumberTheory.Helfgott.Section53Corrected4ThrBandNoP2SIIHighCells,MathExtras.Helfgott.MinorSection51Pieces.bandFiniteMarginNoP2SII_highCell_verified,MathExtras.Helfgott.MinorSection51Pieces.BandIntervalExpr.evalInterval,bisection-tree,"RatInterval (exp/log/sqrt nodes, no rounding)",7650,10000,0,adaptiveUpper depth 7 (worst case 255 cells) x ~30 transcendental nodes/cell,log_enclose_full,proxy: each cell priced as its transcendental nodes,21.112820452246844,2533.6894711756972,1
MathExtras.Helfgott.MinorSection51Pieces.bandFiniteMarginNoP2SII_highCell_verified._native.native_decide.ax_1_74,MathExtras.NumberTheory.Helfgott,MathExtras.NumberTheory.Helfgott.Section53Corrected4ThrBandNoP2SIIHighCells,MathExtras.Helfgott.MinorSection51Pieces.bandFiniteMarginNoP2SII_highCell_verified,MathExtras.Helfgott.MinorSection51Pieces.BandIntervalExpr.evalInterval,bisection-tree,"RatInterval (exp/log/sqrt nodes, no rounding)",7650,10000,0,adaptiveUpper depth 7 (worst case 255 cells) x ~30 transcendental nodes/cell,log_enclose_full,proxy: each cell priced as its transcendental nodes,21.112820452246844,2533.6894711756972,1
MathExtras.Helfgott.MinorSection51Pieces.bandFiniteMarginNoP2SII_highCell_verified._native.native_decide.ax_1_75,MathExtras.NumberTheory.Helfgott,MathExtras.NumberTheory.Helfgott.Section53Corrected4ThrBandNoP2SIIHighCells,MathExtras.Helfgott.MinorSection51Pieces.bandFiniteMarginNoP2SII_highCell_verified,MathExtras.Helfgott.MinorSection51Pieces.BandIntervalExpr.evalInterval,bisection-tree,"RatInterval (exp/log/sqrt nodes, no rounding)",7650,10000,0,adaptiveUpper depth 7 (worst case 255 cells) x ~30 transcendental nodes/cell,log_enclose_full,proxy: each cell priced as its transcendental nodes,21.112820452246844,2533.6894711756972,1
MathExtras.Helfgott.MinorSection51Pieces.bandFiniteMarginNoP2SII_highCell_verified._native.native_decide.ax_1_76,MathExtras.NumberTheory.Helfgott,MathExtras.NumberTheory.Helfgott.Section53Corrected4ThrBandNoP2SIIHighCells,MathExtras.Helfgott.MinorSection51Pieces.bandFiniteMarginNoP2SII_highCell_verified,MathExtras.Helfgott.MinorSection51Pieces.BandIntervalExpr.evalInterval,bisection-tree,"RatInterval (exp/log/sqrt nodes, no rounding)",7650,10000,0,adaptiveUpper depth 7 (worst case 255 cells) x ~30 transcendental nodes/cell,log_enclose_full,proxy: each cell priced as its transcendental nodes,21.112820452246844,2533.6894711756972,1
MathExtras.Helfgott.MinorSection51Pieces.bandFiniteMarginNoP2SII_highCell_verified._native.native_decide.ax_1_77,MathExtras.NumberTheory.Helfgott,MathExtras.NumberTheory.Helfgott.Section53Corrected4ThrBandNoP2SIIHighCells,MathExtras.Helfgott.MinorSection51Pieces.bandFiniteMarginNoP2SII_highCell_verified,MathExtras.Helfgott.MinorSection51Pieces.BandIntervalExpr.evalInterval,bisection-tree,"RatInterval (exp/log/sqrt nodes, no rounding)",7650,10000,0,adaptiveUpper depth 7 (worst case 255 cells) x ~30 transcendental nodes/cell,log_enclose_full,proxy: each cell priced as its transcendental nodes,21.112820452246844,2533.6894711756972,1
MathExtras.Helfgott.MinorSection51Pieces.bandFiniteMarginNoP2SII_highCell_verified._native.native_decide.ax_1_78,MathExtras.NumberTheory.Helfgott,MathExtras.NumberTheory.Helfgott.Section53Corrected4ThrBandNoP2SIIHighCells,MathExtras.Helfgott.MinorSection51Pieces.bandFiniteMarginNoP2SII_highCell_verified,MathExtras.Helfgott.MinorSection51Pieces.BandIntervalExpr.evalInterval,bisection-tree,"RatInterval (exp/log/sqrt nodes, no rounding)",7650,10000,0,adaptiveUpper depth 7 (worst case 255 cells) x ~30 transcendental nodes/cell,log_enclose_full,proxy: each cell priced as its transcendental nodes,21.112820452246844,2533.6894711756972,1
MathExtras.Helfgott.MinorSection51Pieces.bandFiniteMarginNoP2SII_highCell_verified._native.native_decide.ax_1_79,MathExtras.NumberTheory.Helfgott,MathExtras.NumberTheory.Helfgott.Section53Corrected4ThrBandNoP2SIIHighCells,MathExtras.Helfgott.MinorSection51Pieces.bandFiniteMarginNoP2SII_highCell_verified,MathExtras.Helfgott.MinorSection51Pieces.BandIntervalExpr.evalInterval,bisection-tree,"RatInterval (exp/log/sqrt nodes, no rounding)",7650,10000,0,adaptiveUpper depth 7 (worst case 255 cells) x ~30 transcendental nodes/cell,log_enclose_full,proxy: each cell priced as its transcendental nodes,21.112820452246844,2533.6894711756972,1
MathExtras.Helfgott.MinorSection51Pieces.bandFiniteMarginNoP2SII_highCell_verified._native.native_decide.ax_1_8,MathExtras.NumberTheory.Helfgott,MathExtras.NumberTheory.Helfgott.Section53Corrected4ThrBandNoP2SIIHighCells,MathExtras.Helfgott.MinorSection51Pieces.bandFiniteMarginNoP2SII_highCell_verified,MathExtras.Helfgott.MinorSection51Pieces.BandIntervalExpr.evalInterval,bisection-tree,"RatInterval (exp/log/sqrt nodes, no rounding)",7650,10000,0,adaptiveUpper depth 7 (worst case 255 cells) x ~30 transcendental nodes/cell,log_enclose_full,proxy: each cell priced as its transcendental nodes,21.112820452246844,2533.6894711756972,1
MathExtras.Helfgott.MinorSection51Pieces.bandFiniteMarginNoP2SII_highCell_verified._native.native_decide.ax_1_80,MathExtras.NumberTheory.Helfgott,MathExtras.NumberTheory.Helfgott.Section53Corrected4ThrBandNoP2SIIHighCells,MathExtras.Helfgott.MinorSection51Pieces.bandFiniteMarginNoP2SII_highCell_verified,MathExtras.Helfgott.MinorSection51Pieces.BandIntervalExpr.evalInterval,bisection-tree,"RatInterval (exp/log/sqrt nodes, no rounding)",7650,10000,0,adaptiveUpper depth 7 (worst case 255 cells) x ~30 transcendental nodes/cell,log_enclose_full,proxy: each cell priced as its transcendental nodes,21.112820452246844,2533.6894711756972,1
MathExtras.Helfgott.MinorSection51Pieces.bandFiniteMarginNoP2SII_highCell_verified._native.native_decide.ax_1_81,MathExtras.NumberTheory.Helfgott,MathExtras.NumberTheory.Helfgott.Section53Corrected4ThrBandNoP2SIIHighCells,MathExtras.Helfgott.MinorSection51Pieces.bandFiniteMarginNoP2SII_highCell_verified,MathExtras.Helfgott.MinorSection51Pieces.BandIntervalExpr.evalInterval,bisection-tree,"RatInterval (exp/log/sqrt nodes, no rounding)",7650,10000,0,adaptiveUpper depth 7 (worst case 255 cells) x ~30 transcendental nodes/cell,log_enclose_full,proxy: each cell priced as its transcendental nodes,21.112820452246844,2533.6894711756972,1
MathExtras.Helfgott.MinorSection51Pieces.bandFiniteMarginNoP2SII_highCell_verified._native.native_decide.ax_1_82,MathExtras.NumberTheory.Helfgott,MathExtras.NumberTheory.Helfgott.Section53Corrected4ThrBandNoP2SIIHighCells,MathExtras.Helfgott.MinorSection51Pieces.bandFiniteMarginNoP2SII_highCell_verified,MathExtras.Helfgott.MinorSection51Pieces.BandIntervalExpr.evalInterval,bisection-tree,"RatInterval (exp/log/sqrt nodes, no rounding)",7650,10000,0,adaptiveUpper depth 7 (worst case 255 cells) x ~30 transcendental nodes/cell,log_enclose_full,proxy: each cell priced as its transcendental nodes,21.112820452246844,2533.6894711756972,1
MathExtras.Helfgott.MinorSection51Pieces.bandFiniteMarginNoP2SII_highCell_verified._native.native_decide.ax_1_83,MathExtras.NumberTheory.Helfgott,MathExtras.NumberTheory.Helfgott.Section53Corrected4ThrBandNoP2SIIHighCells,MathExtras.Helfgott.MinorSection51Pieces.bandFiniteMarginNoP2SII_highCell_verified,MathExtras.Helfgott.MinorSection51Pieces.BandIntervalExpr.evalInterval,bisection-tree,"RatInterval (exp/log/sqrt nodes, no rounding)",7650,10000,0,adaptiveUpper depth 7 (worst case 255 cells) x ~30 transcendental nodes/cell,log_enclose_full,proxy: each cell priced as its transcendental nodes,21.112820452246844,2533.6894711756972,1
MathExtras.Helfgott.MinorSection51Pieces.bandFiniteMarginNoP2SII_highCell_verified._native.native_decide.ax_1_84,MathExtras.NumberTheory.Helfgott,MathExtras.NumberTheory.Helfgott.Section53Corrected4ThrBandNoP2SIIHighCells,MathExtras.Helfgott.MinorSection51Pieces.bandFiniteMarginNoP2SII_highCell_verified,MathExtras.Helfgott.MinorSection51Pieces.BandIntervalExpr.evalInterval,bisection-tree,"RatInterval (exp/log/sqrt nodes, no rounding)",7650,10000,0,adaptiveUpper depth 7 (worst case 255 cells) x ~30 transcendental nodes/cell,log_enclose_full,proxy: each cell priced as its transcendental nodes,21.112820452246844,2533.6894711756972,1
MathExtras.Helfgott.MinorSection51Pieces.bandFiniteMarginNoP2SII_highCell_verified._native.native_decide.ax_1_85,MathExtras.NumberTheory.Helfgott,MathExtras.NumberTheory.Helfgott.Section53Corrected4ThrBandNoP2SIIHighCells,MathExtras.Helfgott.MinorSection51Pieces.bandFiniteMarginNoP2SII_highCell_verified,MathExtras.Helfgott.MinorSection51Pieces.BandIntervalExpr.evalInterval,bisection-tree,"RatInterval (exp/log/sqrt nodes, no rounding)",7650,10000,0,adaptiveUpper depth 7 (worst case 255 cells) x ~30 transcendental nodes/cell,log_enclose_full,proxy: each cell priced as its transcendental nodes,21.112820452246844,2533.6894711756972,1
MathExtras.Helfgott.MinorSection51Pieces.bandFiniteMarginNoP2SII_highCell_verified._native.native_decide.ax_1_86,MathExtras.NumberTheory.Helfgott,MathExtras.NumberTheory.Helfgott.Section53Corrected4ThrBandNoP2SIIHighCells,MathExtras.Helfgott.MinorSection51Pieces.bandFiniteMarginNoP2SII_highCell_verified,MathExtras.Helfgott.MinorSection51Pieces.BandIntervalExpr.evalInterval,bisection-tree,"RatInterval (exp/log/sqrt nodes, no rounding)",7650,10000,0,adaptiveUpper depth 7 (worst case 255 cells) x ~30 transcendental nodes/cell,log_enclose_full,proxy: each cell priced as its transcendental nodes,21.112820452246844,2533.6894711756972,1
MathExtras.Helfgott.MinorSection51Pieces.bandFiniteMarginNoP2SII_highCell_verified._native.native_decide.ax_1_87,MathExtras.NumberTheory.Helfgott,MathExtras.NumberTheory.Helfgott.Section53Corrected4ThrBandNoP2SIIHighCells,MathExtras.Helfgott.MinorSection51Pieces.bandFiniteMarginNoP2SII_highCell_verified,MathExtras.Helfgott.MinorSection51Pieces.BandIntervalExpr.evalInterval,bisection-tree,"RatInterval (exp/log/sqrt nodes, no rounding)",7650,10000,0,adaptiveUpper depth 7 (worst case 255 cells) x ~30 transcendental nodes/cell,log_enclose_full,proxy: each cell priced as its transcendental nodes,21.112820452246844,2533.6894711756972,1
MathExtras.Helfgott.MinorSection51Pieces.bandFiniteMarginNoP2SII_highCell_verified._native.native_decide.ax_1_88,MathExtras.NumberTheory.Helfgott,MathExtras.NumberTheory.Helfgott.Section53Corrected4ThrBandNoP2SIIHighCells,MathExtras.Helfgott.MinorSection51Pieces.bandFiniteMarginNoP2SII_highCell_verified,MathExtras.Helfgott.MinorSection51Pieces.BandIntervalExpr.evalInterval,bisection-tree,"RatInterval (exp/log/sqrt nodes, no rounding)",7650,10000,0,adaptiveUpper depth 7 (worst case 255 cells) x ~30 transcendental nodes/cell,log_enclose_full,proxy: each cell priced as its transcendental nodes,21.112820452246844,2533.6894711756972,1
MathExtras.Helfgott.MinorSection51Pieces.bandFiniteMarginNoP2SII_highCell_verified._native.native_decide.ax_1_89,MathExtras.NumberTheory.Helfgott,MathExtras.NumberTheory.Helfgott.Section53Corrected4ThrBandNoP2SIIHighCells,MathExtras.Helfgott.MinorSection51Pieces.bandFiniteMarginNoP2SII_highCell_verified,MathExtras.Helfgott.MinorSection51Pieces.BandIntervalExpr.evalInterval,bisection-tree,"RatInterval (exp/log/sqrt nodes, no rounding)",7650,10000,0,adaptiveUpper depth 7 (worst case 255 cells) x ~30 transcendental nodes/cell,log_enclose_full,proxy: each cell priced as its transcendental nodes,21.112820452246844,2533.6894711756972,1
MathExtras.Helfgott.MinorSection51Pieces.bandFiniteMarginNoP2SII_highCell_verified._native.native_decide.ax_1_9,MathExtras.NumberTheory.Helfgott,MathExtras.NumberTheory.Helfgott.Section53Corrected4ThrBandNoP2SIIHighCells,MathExtras.Helfgott.MinorSection51Pieces.bandFiniteMarginNoP2SII_highCell_verified,MathExtras.Helfgott.MinorSection51Pieces.BandIntervalExpr.evalInterval,bisection-tree,"RatInterval (exp/log/sqrt nodes, no rounding)",7650,10000,0,adaptiveUpper depth 7 (worst case 255 cells) x ~30 transcendental nodes/cell,log_enclose_full,proxy: each cell priced as its transcendental nodes,21.112820452246844,2533.6894711756972,1
MathExtras.Helfgott.MinorSection51Pieces.bandFiniteMarginNoP2SII_highCell_verified._native.native_decide.ax_1_90,MathExtras.NumberTheory.Helfgott,MathExtras.NumberTheory.Helfgott.Section53Corrected4ThrBandNoP2SIIHighCells,MathExtras.Helfgott.MinorSection51Pieces.bandFiniteMarginNoP2SII_highCell_verified,MathExtras.Helfgott.MinorSection51Pieces.BandIntervalExpr.evalInterval,bisection-tree,"RatInterval (exp/log/sqrt nodes, no rounding)",7650,10000,0,adaptiveUpper depth 7 (worst case 255 cells) x ~30 transcendental nodes/cell,log_enclose_full,proxy: each cell priced as its transcendental nodes,21.112820452246844,2533.6894711756972,1
MathExtras.Helfgott.MinorSection51Pieces.bandFiniteMarginNoP2SII_highCell_verified._native.native_decide.ax_1_91,MathExtras.NumberTheory.Helfgott,MathExtras.NumberTheory.Helfgott.Section53Corrected4ThrBandNoP2SIIHighCells,MathExtras.Helfgott.MinorSection51Pieces.bandFiniteMarginNoP2SII_highCell_verified,MathExtras.Helfgott.MinorSection51Pieces.BandIntervalExpr.evalInterval,bisection-tree,"RatInterval (exp/log/sqrt nodes, no rounding)",7650,10000,0,adaptiveUpper depth 7 (worst case 255 cells) x ~30 transcendental nodes/cell,log_enclose_full,proxy: each cell priced as its transcendental nodes,21.112820452246844,2533.6894711756972,1
MathExtras.Helfgott.MinorSection51Pieces.bandFiniteMarginNoP2SII_highCell_verified._native.native_decide.ax_1_92,MathExtras.NumberTheory.Helfgott,MathExtras.NumberTheory.Helfgott.Section53Corrected4ThrBandNoP2SIIHighCells,MathExtras.Helfgott.MinorSection51Pieces.bandFiniteMarginNoP2SII_highCell_verified,MathExtras.Helfgott.MinorSection51Pieces.BandIntervalExpr.evalInterval,bisection-tree,"RatInterval (exp/log/sqrt nodes, no rounding)",7650,10000,0,adaptiveUpper depth 7 (worst case 255 cells) x ~30 transcendental nodes/cell,log_enclose_full,proxy: each cell priced as its transcendental nodes,21.112820452246844,2533.6894711756972,1
MathExtras.Helfgott.MinorSection51Pieces.bandFiniteMarginNoP2SII_highCell_verified._native.native_decide.ax_1_93,MathExtras.NumberTheory.Helfgott,MathExtras.NumberTheory.Helfgott.Section53Corrected4ThrBandNoP2SIIHighCells,MathExtras.Helfgott.MinorSection51Pieces.bandFiniteMarginNoP2SII_highCell_verified,MathExtras.Helfgott.MinorSection51Pieces.BandIntervalExpr.evalInterval,bisection-tree,"RatInterval (exp/log/sqrt nodes, no rounding)",7650,10000,0,adaptiveUpper depth 7 (worst case 255 cells) x ~30 transcendental nodes/cell,log_enclose_full,proxy: each cell priced as its transcendental nodes,21.112820452246844,2533.6894711756972,1
MathExtras.Helfgott.MinorSection51Pieces.bandFiniteMarginNoP2SII_highCell_verified._native.native_decide.ax_1_94,MathExtras.NumberTheory.Helfgott,MathExtras.NumberTheory.Helfgott.Section53Corrected4ThrBandNoP2SIIHighCells,MathExtras.Helfgott.MinorSection51Pieces.bandFiniteMarginNoP2SII_highCell_verified,MathExtras.Helfgott.MinorSection51Pieces.BandIntervalExpr.evalInterval,bisection-tree,"RatInterval (exp/log/sqrt nodes, no rounding)",7650,10000,0,adaptiveUpper depth 7 (worst case 255 cells) x ~30 transcendental nodes/cell,log_enclose_full,proxy: each cell priced as its transcendental nodes,21.112820452246844,2533.6894711756972,1
MathExtras.Helfgott.MinorSection51Pieces.bandFiniteMarginNoP2SII_highCell_verified._native.native_decide.ax_1_95,MathExtras.NumberTheory.Helfgott,MathExtras.NumberTheory.Helfgott.Section53Corrected4ThrBandNoP2SIIHighCells,MathExtras.Helfgott.MinorSection51Pieces.bandFiniteMarginNoP2SII_highCell_verified,MathExtras.Helfgott.MinorSection51Pieces.BandIntervalExpr.evalInterval,bisection-tree,"RatInterval (exp/log/sqrt nodes, no rounding)",7650,10000,0,adaptiveUpper depth 7 (worst case 255 cells) x ~30 transcendental nodes/cell,log_enclose_full,proxy: each cell priced as its transcendental nodes,21.112820452246844,2533.6894711756972,1
MathExtras.Helfgott.MinorSection51Pieces.bandFiniteMarginNoP2SII_highCell_verified._native.native_decide.ax_1_96,MathExtras.NumberTheory.Helfgott,MathExtras.NumberTheory.Helfgott.Section53Corrected4ThrBandNoP2SIIHighCells,MathExtras.Helfgott.MinorSection51Pieces.bandFiniteMarginNoP2SII_highCell_verified,MathExtras.Helfgott.MinorSection51Pieces.BandIntervalExpr.evalInterval,bisection-tree,"RatInterval (exp/log/sqrt nodes, no rounding)",7650,10000,0,adaptiveUpper depth 7 (worst case 255 cells) x ~30 transcendental nodes/cell,log_enclose_full,proxy: each cell priced as its transcendental nodes,21.112820452246844,2533.6894711756972,1
MathExtras.Helfgott.MinorSection51Pieces.bandFiniteMarginNoP2SII_highCell_verified._native.native_decide.ax_1_97,MathExtras.NumberTheory.Helfgott,MathExtras.NumberTheory.Helfgott.Section53Corrected4ThrBandNoP2SIIHighCells,MathExtras.Helfgott.MinorSection51Pieces.bandFiniteMarginNoP2SII_highCell_verified,MathExtras.Helfgott.MinorSection51Pieces.BandIntervalExpr.evalInterval,bisection-tree,"RatInterval (exp/log/sqrt nodes, no rounding)",7650,10000,0,adaptiveUpper depth 7 (worst case 255 cells) x ~30 transcendental nodes/cell,log_enclose_full,proxy: each cell priced as its transcendental nodes,21.112820452246844,2533.6894711756972,1
MathExtras.Helfgott.MinorSection51Pieces.bandFiniteMarginNoP2SII_highCell_verified._native.native_decide.ax_1_98,MathExtras.NumberTheory.Helfgott,MathExtras.NumberTheory.Helfgott.Section53Corrected4ThrBandNoP2SIIHighCells,MathExtras.Helfgott.MinorSection51Pieces.bandFiniteMarginNoP2SII_highCell_verified,MathExtras.Helfgott.MinorSection51Pieces.BandIntervalExpr.evalInterval,bisection-tree,"RatInterval (exp/log/sqrt nodes, no rounding)",7650,10000,0,adaptiveUpper depth 7 (worst case 255 cells) x ~30 transcendental nodes/cell,log_enclose_full,proxy: each cell priced as its transcendental nodes,21.112820452246844,2533.6894711756972,1
MathExtras.Helfgott.MinorSection51Pieces.bandFiniteMarginNoP2SII_highCell_verified._native.native_decide.ax_1_99,MathExtras.NumberTheory.Helfgott,MathExtras.NumberTheory.Helfgott.Section53Corrected4ThrBandNoP2SIIHighCells,MathExtras.Helfgott.MinorSection51Pieces.bandFiniteMarginNoP2SII_highCell_verified,MathExtras.Helfgott.MinorSection51Pieces.BandIntervalExpr.evalInterval,bisection-tree,"RatInterval (exp/log/sqrt nodes, no rounding)",7650,10000,0,adaptiveUpper depth 7 (worst case 255 cells) x ~30 transcendental nodes/cell,log_enclose_full,proxy: each cell priced as its transcendental nodes,21.112820452246844,2533.6894711756972,1
MathExtras.Helfgott.MinorSection51Pieces.bandFiniteMarginNoP2SII_verified._native.native_decide.ax_1_1,MathExtras.NumberTheory.Helfgott,MathExtras.NumberTheory.Helfgott.Section53Corrected4ThrBandNoP2SII,MathExtras.Helfgott.MinorSection51Pieces.bandFiniteMarginNoP2SII_verified,MathExtras.Helfgott.MinorSection51Pieces.BandIntervalExpr.evalInterval,bisection-tree,"RatInterval (exp/log/sqrt nodes, no rounding)",7650,10000,0,adaptiveUpper depth 7 (worst case 255 cells) x ~30 transcendental nodes/cell,log_enclose_full,proxy: each cell priced as its transcendental nodes,21.112820452246844,2533.6894711756972,1
MathExtras.Helfgott.MinorSection51Pieces.bandFiniteMarginNoP2SII_verified._native.native_decide.ax_1_10,MathExtras.NumberTheory.Helfgott,MathExtras.NumberTheory.Helfgott.Section53Corrected4ThrBandNoP2SII,MathExtras.Helfgott.MinorSection51Pieces.bandFiniteMarginNoP2SII_verified,MathExtras.Helfgott.MinorSection51Pieces.BandIntervalExpr.evalInterval,bisection-tree,"RatInterval (exp/log/sqrt nodes, no rounding)",7650,10000,0,adaptiveUpper depth 7 (worst case 255 cells) x ~30 transcendental nodes/cell,log_enclose_full,proxy: each cell priced as its transcendental nodes,21.112820452246844,2533.6894711756972,1
MathExtras.Helfgott.MinorSection51Pieces.bandFiniteMarginNoP2SII_verified._native.native_decide.ax_1_11,MathExtras.NumberTheory.Helfgott,MathExtras.NumberTheory.Helfgott.Section53Corrected4ThrBandNoP2SII,MathExtras.Helfgott.MinorSection51Pieces.bandFiniteMarginNoP2SII_verified,MathExtras.Helfgott.MinorSection51Pieces.BandIntervalExpr.evalInterval,bisection-tree,"RatInterval (exp/log/sqrt nodes, no rounding)",7650,10000,0,adaptiveUpper depth 7 (worst case 255 cells) x ~30 transcendental nodes/cell,log_enclose_full,proxy: each cell priced as its transcendental nodes,21.112820452246844,2533.6894711756972,1
MathExtras.Helfgott.MinorSection51Pieces.bandFiniteMarginNoP2SII_verified._native.native_decide.ax_1_12,MathExtras.NumberTheory.Helfgott,MathExtras.NumberTheory.Helfgott.Section53Corrected4ThrBandNoP2SII,MathExtras.Helfgott.MinorSection51Pieces.bandFiniteMarginNoP2SII_verified,MathExtras.Helfgott.MinorSection51Pieces.BandIntervalExpr.evalInterval,bisection-tree,"RatInterval (exp/log/sqrt nodes, no rounding)",7650,10000,0,adaptiveUpper depth 7 (worst case 255 cells) x ~30 transcendental nodes/cell,log_enclose_full,proxy: each cell priced as its transcendental nodes,21.112820452246844,2533.6894711756972,1
MathExtras.Helfgott.MinorSection51Pieces.bandFiniteMarginNoP2SII_verified._native.native_decide.ax_1_13,MathExtras.NumberTheory.Helfgott,MathExtras.NumberTheory.Helfgott.Section53Corrected4ThrBandNoP2SII,MathExtras.Helfgott.MinorSection51Pieces.bandFiniteMarginNoP2SII_verified,MathExtras.Helfgott.MinorSection51Pieces.BandIntervalExpr.evalInterval,bisection-tree,"RatInterval (exp/log/sqrt nodes, no rounding)",7650,10000,0,adaptiveUpper depth 7 (worst case 255 cells) x ~30 transcendental nodes/cell,log_enclose_full,proxy: each cell priced as its transcendental nodes,21.112820452246844,2533.6894711756972,1
MathExtras.Helfgott.MinorSection51Pieces.bandFiniteMarginNoP2SII_verified._native.native_decide.ax_1_14,MathExtras.NumberTheory.Helfgott,MathExtras.NumberTheory.Helfgott.Section53Corrected4ThrBandNoP2SII,MathExtras.Helfgott.MinorSection51Pieces.bandFiniteMarginNoP2SII_verified,MathExtras.Helfgott.MinorSection51Pieces.BandIntervalExpr.evalInterval,bisection-tree,"RatInterval (exp/log/sqrt nodes, no rounding)",7650,10000,0,adaptiveUpper depth 7 (worst case 255 cells) x ~30 transcendental nodes/cell,log_enclose_full,proxy: each cell priced as its transcendental nodes,21.112820452246844,2533.6894711756972,1
MathExtras.Helfgott.MinorSection51Pieces.bandFiniteMarginNoP2SII_verified._native.native_decide.ax_1_15,MathExtras.NumberTheory.Helfgott,MathExtras.NumberTheory.Helfgott.Section53Corrected4ThrBandNoP2SII,MathExtras.Helfgott.MinorSection51Pieces.bandFiniteMarginNoP2SII_verified,MathExtras.Helfgott.MinorSection51Pieces.BandIntervalExpr.evalInterval,bisection-tree,"RatInterval (exp/log/sqrt nodes, no rounding)",7650,10000,0,adaptiveUpper depth 7 (worst case 255 cells) x ~30 transcendental nodes/cell,log_enclose_full,proxy: each cell priced as its transcendental nodes,21.112820452246844,2533.6894711756972,1
MathExtras.Helfgott.MinorSection51Pieces.bandFiniteMarginNoP2SII_verified._native.native_decide.ax_1_16,MathExtras.NumberTheory.Helfgott,MathExtras.NumberTheory.Helfgott.Section53Corrected4ThrBandNoP2SII,MathExtras.Helfgott.MinorSection51Pieces.bandFiniteMarginNoP2SII_verified,MathExtras.Helfgott.MinorSection51Pieces.BandIntervalExpr.evalInterval,bisection-tree,"RatInterval (exp/log/sqrt nodes, no rounding)",7650,10000,0,adaptiveUpper depth 7 (worst case 255 cells) x ~30 transcendental nodes/cell,log_enclose_full,proxy: each cell priced as its transcendental nodes,21.112820452246844,2533.6894711756972,1
MathExtras.Helfgott.MinorSection51Pieces.bandFiniteMarginNoP2SII_verified._native.native_decide.ax_1_17,MathExtras.NumberTheory.Helfgott,MathExtras.NumberTheory.Helfgott.Section53Corrected4ThrBandNoP2SII,MathExtras.Helfgott.MinorSection51Pieces.bandFiniteMarginNoP2SII_verified,MathExtras.Helfgott.MinorSection51Pieces.BandIntervalExpr.evalInterval,bisection-tree,"RatInterval (exp/log/sqrt nodes, no rounding)",7650,10000,0,adaptiveUpper depth 7 (worst case 255 cells) x ~30 transcendental nodes/cell,log_enclose_full,proxy: each cell priced as its transcendental nodes,21.112820452246844,2533.6894711756972,1
MathExtras.Helfgott.MinorSection51Pieces.bandFiniteMarginNoP2SII_verified._native.native_decide.ax_1_18,MathExtras.NumberTheory.Helfgott,MathExtras.NumberTheory.Helfgott.Section53Corrected4ThrBandNoP2SII,MathExtras.Helfgott.MinorSection51Pieces.bandFiniteMarginNoP2SII_verified,MathExtras.Helfgott.MinorSection51Pieces.BandIntervalExpr.evalInterval,bisection-tree,"RatInterval (exp/log/sqrt nodes, no rounding)",7650,10000,0,adaptiveUpper depth 7 (worst case 255 cells) x ~30 transcendental nodes/cell,log_enclose_full,proxy: each cell priced as its transcendental nodes,21.112820452246844,2533.6894711756972,1
MathExtras.Helfgott.MinorSection51Pieces.bandFiniteMarginNoP2SII_verified._native.native_decide.ax_1_19,MathExtras.NumberTheory.Helfgott,MathExtras.NumberTheory.Helfgott.Section53Corrected4ThrBandNoP2SII,MathExtras.Helfgott.MinorSection51Pieces.bandFiniteMarginNoP2SII_verified,MathExtras.Helfgott.MinorSection51Pieces.BandIntervalExpr.evalInterval,bisection-tree,"RatInterval (exp/log/sqrt nodes, no rounding)",7650,10000,0,adaptiveUpper depth 7 (worst case 255 cells) x ~30 transcendental nodes/cell,log_enclose_full,proxy: each cell priced as its transcendental nodes,21.112820452246844,2533.6894711756972,1
MathExtras.Helfgott.MinorSection51Pieces.bandFiniteMarginNoP2SII_verified._native.native_decide.ax_1_2,MathExtras.NumberTheory.Helfgott,MathExtras.NumberTheory.Helfgott.Section53Corrected4ThrBandNoP2SII,MathExtras.Helfgott.MinorSection51Pieces.bandFiniteMarginNoP2SII_verified,MathExtras.Helfgott.MinorSection51Pieces.BandIntervalExpr.evalInterval,bisection-tree,"RatInterval (exp/log/sqrt nodes, no rounding)",7650,10000,0,adaptiveUpper depth 7 (worst case 255 cells) x ~30 transcendental nodes/cell,log_enclose_full,proxy: each cell priced as its transcendental nodes,21.112820452246844,2533.6894711756972,1
MathExtras.Helfgott.MinorSection51Pieces.bandFiniteMarginNoP2SII_verified._native.native_decide.ax_1_20,MathExtras.NumberTheory.Helfgott,MathExtras.NumberTheory.Helfgott.Section53Corrected4ThrBandNoP2SII,MathExtras.Helfgott.MinorSection51Pieces.bandFiniteMarginNoP2SII_verified,MathExtras.Helfgott.MinorSection51Pieces.BandIntervalExpr.evalInterval,bisection-tree,"RatInterval (exp/log/sqrt nodes, no rounding)",7650,10000,0,adaptiveUpper depth 7 (worst case 255 cells) x ~30 transcendental nodes/cell,log_enclose_full,proxy: each cell priced as its transcendental nodes,21.112820452246844,2533.6894711756972,1
MathExtras.Helfgott.MinorSection51Pieces.bandFiniteMarginNoP2SII_verified._native.native_decide.ax_1_21,MathExtras.NumberTheory.Helfgott,MathExtras.NumberTheory.Helfgott.Section53Corrected4ThrBandNoP2SII,MathExtras.Helfgott.MinorSection51Pieces.bandFiniteMarginNoP2SII_verified,MathExtras.Helfgott.MinorSection51Pieces.BandIntervalExpr.evalInterval,bisection-tree,"RatInterval (exp/log/sqrt nodes, no rounding)",7650,10000,0,adaptiveUpper depth 7 (worst case 255 cells) x ~30 transcendental nodes/cell,log_enclose_full,proxy: each cell priced as its transcendental nodes,21.112820452246844,2533.6894711756972,1
MathExtras.Helfgott.MinorSection51Pieces.bandFiniteMarginNoP2SII_verified._native.native_decide.ax_1_22,MathExtras.NumberTheory.Helfgott,MathExtras.NumberTheory.Helfgott.Section53Corrected4ThrBandNoP2SII,MathExtras.Helfgott.MinorSection51Pieces.bandFiniteMarginNoP2SII_verified,MathExtras.Helfgott.MinorSection51Pieces.BandIntervalExpr.evalInterval,bisection-tree,"RatInterval (exp/log/sqrt nodes, no rounding)",7650,10000,0,adaptiveUpper depth 7 (worst case 255 cells) x ~30 transcendental nodes/cell,log_enclose_full,proxy: each cell priced as its transcendental nodes,21.112820452246844,2533.6894711756972,1
MathExtras.Helfgott.MinorSection51Pieces.bandFiniteMarginNoP2SII_verified._native.native_decide.ax_1_23,MathExtras.NumberTheory.Helfgott,MathExtras.NumberTheory.Helfgott.Section53Corrected4ThrBandNoP2SII,MathExtras.Helfgott.MinorSection51Pieces.bandFiniteMarginNoP2SII_verified,MathExtras.Helfgott.MinorSection51Pieces.BandIntervalExpr.evalInterval,bisection-tree,"RatInterval (exp/log/sqrt nodes, no rounding)",7650,10000,0,adaptiveUpper depth 7 (worst case 255 cells) x ~30 transcendental nodes/cell,log_enclose_full,proxy: each cell priced as its transcendental nodes,21.112820452246844,2533.6894711756972,1
MathExtras.Helfgott.MinorSection51Pieces.bandFiniteMarginNoP2SII_verified._native.native_decide.ax_1_24,MathExtras.NumberTheory.Helfgott,MathExtras.NumberTheory.Helfgott.Section53Corrected4ThrBandNoP2SII,MathExtras.Helfgott.MinorSection51Pieces.bandFiniteMarginNoP2SII_verified,MathExtras.Helfgott.MinorSection51Pieces.BandIntervalExpr.evalInterval,bisection-tree,"RatInterval (exp/log/sqrt nodes, no rounding)",7650,10000,0,adaptiveUpper depth 7 (worst case 255 cells) x ~30 transcendental nodes/cell,log_enclose_full,proxy: each cell priced as its transcendental nodes,21.112820452246844,2533.6894711756972,1
MathExtras.Helfgott.MinorSection51Pieces.bandFiniteMarginNoP2SII_verified._native.native_decide.ax_1_3,MathExtras.NumberTheory.Helfgott,MathExtras.NumberTheory.Helfgott.Section53Corrected4ThrBandNoP2SII,MathExtras.Helfgott.MinorSection51Pieces.bandFiniteMarginNoP2SII_verified,MathExtras.Helfgott.MinorSection51Pieces.BandIntervalExpr.evalInterval,bisection-tree,"RatInterval (exp/log/sqrt nodes, no rounding)",7650,10000,0,adaptiveUpper depth 7 (worst case 255 cells) x ~30 transcendental nodes/cell,log_enclose_full,proxy: each cell priced as its transcendental nodes,21.112820452246844,2533.6894711756972,1
MathExtras.Helfgott.MinorSection51Pieces.bandFiniteMarginNoP2SII_verified._native.native_decide.ax_1_4,MathExtras.NumberTheory.Helfgott,MathExtras.NumberTheory.Helfgott.Section53Corrected4ThrBandNoP2SII,MathExtras.Helfgott.MinorSection51Pieces.bandFiniteMarginNoP2SII_verified,MathExtras.Helfgott.MinorSection51Pieces.BandIntervalExpr.evalInterval,bisection-tree,"RatInterval (exp/log/sqrt nodes, no rounding)",7650,10000,0,adaptiveUpper depth 7 (worst case 255 cells) x ~30 transcendental nodes/cell,log_enclose_full,proxy: each cell priced as its transcendental nodes,21.112820452246844,2533.6894711756972,1
MathExtras.Helfgott.MinorSection51Pieces.bandFiniteMarginNoP2SII_verified._native.native_decide.ax_1_5,MathExtras.NumberTheory.Helfgott,MathExtras.NumberTheory.Helfgott.Section53Corrected4ThrBandNoP2SII,MathExtras.Helfgott.MinorSection51Pieces.bandFiniteMarginNoP2SII_verified,MathExtras.Helfgott.MinorSection51Pieces.BandIntervalExpr.evalInterval,bisection-tree,"RatInterval (exp/log/sqrt nodes, no rounding)",7650,10000,0,adaptiveUpper depth 7 (worst case 255 cells) x ~30 transcendental nodes/cell,log_enclose_full,proxy: each cell priced as its transcendental nodes,21.112820452246844,2533.6894711756972,1
MathExtras.Helfgott.MinorSection51Pieces.bandFiniteMarginNoP2SII_verified._native.native_decide.ax_1_6,MathExtras.NumberTheory.Helfgott,MathExtras.NumberTheory.Helfgott.Section53Corrected4ThrBandNoP2SII,MathExtras.Helfgott.MinorSection51Pieces.bandFiniteMarginNoP2SII_verified,MathExtras.Helfgott.MinorSection51Pieces.BandIntervalExpr.evalInterval,bisection-tree,"RatInterval (exp/log/sqrt nodes, no rounding)",7650,10000,0,adaptiveUpper depth 7 (worst case 255 cells) x ~30 transcendental nodes/cell,log_enclose_full,proxy: each cell priced as its transcendental nodes,21.112820452246844,2533.6894711756972,1
MathExtras.Helfgott.MinorSection51Pieces.bandFiniteMarginNoP2SII_verified._native.native_decide.ax_1_7,MathExtras.NumberTheory.Helfgott,MathExtras.NumberTheory.Helfgott.Section53Corrected4ThrBandNoP2SII,MathExtras.Helfgott.MinorSection51Pieces.bandFiniteMarginNoP2SII_verified,MathExtras.Helfgott.MinorSection51Pieces.BandIntervalExpr.evalInterval,bisection-tree,"RatInterval (exp/log/sqrt nodes, no rounding)",7650,10000,0,adaptiveUpper depth 7 (worst case 255 cells) x ~30 transcendental nodes/cell,log_enclose_full,proxy: each cell priced as its transcendental nodes,21.112820452246844,2533.6894711756972,1
MathExtras.Helfgott.MinorSection51Pieces.bandFiniteMarginNoP2SII_verified._native.native_decide.ax_1_8,MathExtras.NumberTheory.Helfgott,MathExtras.NumberTheory.Helfgott.Section53Corrected4ThrBandNoP2SII,MathExtras.Helfgott.MinorSection51Pieces.bandFiniteMarginNoP2SII_verified,MathExtras.Helfgott.MinorSection51Pieces.BandIntervalExpr.evalInterval,bisection-tree,"RatInterval (exp/log/sqrt nodes, no rounding)",7650,10000,0,adaptiveUpper depth 7 (worst case 255 cells) x ~30 transcendental nodes/cell,log_enclose_full,proxy: each cell priced as its transcendental nodes,21.112820452246844,2533.6894711756972,1
MathExtras.Helfgott.MinorSection51Pieces.bandFiniteMarginNoP2SII_verified._native.native_decide.ax_1_9,MathExtras.NumberTheory.Helfgott,MathExtras.NumberTheory.Helfgott.Section53Corrected4ThrBandNoP2SII,MathExtras.Helfgott.MinorSection51Pieces.bandFiniteMarginNoP2SII_verified,MathExtras.Helfgott.MinorSection51Pieces.BandIntervalExpr.evalInterval,bisection-tree,"RatInterval (exp/log/sqrt nodes, no rounding)",7650,10000,0,adaptiveUpper depth 7 (worst case 255 cells) x ~30 transcendental nodes/cell,log_enclose_full,proxy: each cell priced as its transcendental nodes,21.112820452246844,2533.6894711756972,1
MathExtras.Helfgott.MinorSection51Pieces.bandFiniteMarginTight_certificate_small_c0_A_one_lowLo._native.native_decide.ax_1_1,MathExtras.NumberTheory.Helfgott,MathExtras.NumberTheory.Helfgott.Section53Corrected4ThrBandEndpointCertificateTightSmallC0Deep,MathExtras.Helfgott.MinorSection51Pieces.bandFiniteMarginTight_certificate_small_c0_A_one_lowLo,IntervalArith.RatInterval.adaptiveUpper,bisection-tree,Rat/RatInterval,0,,1,"pruned binary bisection, worst case 2^(fuel+1)-1 leaf evaluations",log_enclose_full,proxy: each cell priced as its transcendental nodes,0.08279537432253664,9.93603714186548,1
MathExtras.Helfgott.MinorSection51Pieces.bandFiniteMarginTight_safe_small_c0_A_one_lowLo._native.native_decide.ax_1_1,MathExtras.NumberTheory.Helfgott,MathExtras.NumberTheory.Helfgott.Section53Corrected4ThrBandEndpointCertificateTightSmallC0,MathExtras.Helfgott.MinorSection51Pieces.bandFiniteMarginTight_safe_small_c0_A_one_lowLo,(named constants only),fixed-expression,Rat/RatInterval,1,,0,constant-depth comparison of named constants,CONSTANT,"constant depth, below measurement resolution",0.1,10.0,1
MathExtras.Helfgott.MinorSection51Pieces.bandFiniteMarginTight_verified_high._native.native_decide.ax_1_1,MathExtras.NumberTheory.Helfgott,MathExtras.NumberTheory.Helfgott.Section53Corrected4ThrBandEndpointCertificateTightHigh,MathExtras.Helfgott.MinorSection51Pieces.bandFiniteMarginTight_verified_high,IntervalArith.RatInterval.adaptiveUpper,bisection-tree,Rat/RatInterval,0,,1,"pruned binary bisection, worst case 2^(fuel+1)-1 leaf evaluations",log_enclose_full,proxy: each cell priced as its transcendental nodes,0.08279537432253664,9.93603714186548,1
MathExtras.Helfgott.MinorSection51Pieces.bandFiniteMarginTight_verified_medium._native.native_decide.ax_1_1,MathExtras.NumberTheory.Helfgott,MathExtras.NumberTheory.Helfgott.Section53Corrected4ThrBandEndpointCertificateTightMedium,MathExtras.Helfgott.MinorSection51Pieces.bandFiniteMarginTight_verified_medium,IntervalArith.RatInterval.adaptiveUpper,bisection-tree,Rat/RatInterval,0,,1,"pruned binary bisection, worst case 2^(fuel+1)-1 leaf evaluations",log_enclose_full,proxy: each cell priced as its transcendental nodes,0.08279537432253664,9.93603714186548,1
MathExtras.Helfgott.MinorSection51Pieces.bandFiniteMarginTight_verified_small_c0_rest._native.native_decide.ax_1_1,MathExtras.NumberTheory.Helfgott,MathExtras.NumberTheory.Helfgott.Section53Corrected4ThrBandEndpointCertificateTightSmallC0,MathExtras.Helfgott.MinorSection51Pieces.bandFiniteMarginTight_verified_small_c0_rest,IntervalArith.RatInterval.adaptiveUpper,bisection-tree,Rat/RatInterval,0,,1,"pruned binary bisection, worst case 2^(fuel+1)-1 leaf evaluations",log_enclose_full,proxy: each cell priced as its transcendental nodes,0.08279537432253664,9.93603714186548,1
MathExtras.Helfgott.MinorSection51Pieces.bandFiniteMarginTight_verified_small_c1_c2._native.native_decide.ax_1_1,MathExtras.NumberTheory.Helfgott,MathExtras.NumberTheory.Helfgott.Section53Corrected4ThrBandEndpointCertificateTightSmallC1C2,MathExtras.Helfgott.MinorSection51Pieces.bandFiniteMarginTight_verified_small_c1_c2,IntervalArith.RatInterval.adaptiveUpper,bisection-tree,Rat/RatInterval,0,,1,"pruned binary bisection, worst case 2^(fuel+1)-1 leaf evaluations",log_enclose_full,proxy: each cell priced as its transcendental nodes,0.08279537432253664,9.93603714186548,1
MathExtras.Helfgott.MinorSection51Pieces.bandFiniteMarginTight_verified_small_c3_c4._native.native_decide.ax_1_1,MathExtras.NumberTheory.Helfgott,MathExtras.NumberTheory.Helfgott.Section53Corrected4ThrBandEndpointCertificateTightSmallC3C4,MathExtras.Helfgott.MinorSection51Pieces.bandFiniteMarginTight_verified_small_c3_c4,IntervalArith.RatInterval.adaptiveUpper,bisection-tree,Rat/RatInterval,0,,1,"pruned binary bisection, worst case 2^(fuel+1)-1 leaf evaluations",log_enclose_full,proxy: each cell priced as its transcendental nodes,0.08279537432253664,9.93603714186548,1
MathExtras.Helfgott.MinorSection51Pieces.bandFiniteMarginTight_verified_small_tail._native.native_decide.ax_1_1,MathExtras.NumberTheory.Helfgott,MathExtras.NumberTheory.Helfgott.Section53Corrected4ThrBandEndpointCertificateTightSmallTail,MathExtras.Helfgott.MinorSection51Pieces.bandFiniteMarginTight_verified_small_tail,IntervalArith.RatInterval.adaptiveUpper,bisection-tree,Rat/RatInterval,0,,1,"pruned binary bisection, worst case 2^(fuel+1)-1 leaf evaluations",log_enclose_full,proxy: each cell priced as its transcendental nodes,0.08279537432253664,9.93603714186548,1
MathExtras.Helfgott.SIIMargin.mkA_cert._native.native_decide.ax_1_1,HelfgottCertificates,HelfgottCertificates.SIIMarginCertificate,MathExtras.Helfgott.SIIMargin.mkA_cert,IntervalArith.RatInterval.interval_bisect,bisection-tree,Rat/RatInterval,468218,,6,unconditional 2^depth leaf evaluations,log_enclose_full,proxy: each cell priced as its transcendental nodes,1360.5377751283756,8000.0,28
MathExtras.Helfgott.SIIMargin.mkB_cert._native.native_decide.ax_1_1,HelfgottCertificates,HelfgottCertificates.SIIMarginCertificate,MathExtras.Helfgott.SIIMargin.mkB_cert,IntervalArith.RatInterval.interval_bisect,bisection-tree,Rat/RatInterval,468218,,6,unconditional 2^depth leaf evaluations,log_enclose_full,proxy: each cell priced as its transcendental nodes,1360.5377751283756,8000.0,28
MathExtras.Helfgott.SIIMargin.mkC_cert._native.native_decide.ax_1_1,HelfgottCertificates,HelfgottCertificates.SIIMarginCertificate,MathExtras.Helfgott.SIIMargin.mkC_cert,IntervalArith.RatInterval.interval_bisect,bisection-tree,Rat/RatInterval,468218,,6,unconditional 2^depth leaf evaluations,log_enclose_full,proxy: each cell priced as its transcendental nodes,1360.5377751283756,8000.0,28
MathExtras.Helfgott.Section24.Head30000.scan_ok_cert._native.native_decide.ax_1_1,MathExtras.NumberTheory.Helfgott.Certs,MathExtras.NumberTheory.Helfgott.Certs.LogWeightedMertensHead30000Cert,MathExtras.Helfgott.Section24.Head30000.scan_ok_cert,MathExtras.Helfgott.Section24.Head30000.scan,linear-fold-rat,"RatInterval, wround pinned",30000,,0,"NON-TAIL recursion, 30000 levels deep",chebyshev_psi,"proxy, LOWER BOUND: exact-Rat folds also suffer denominator growth",283.96951374016265,8000.0,5
MathExtras.Helfgott.WACor49Eta2ExpMomentCert.eta2Enclosure_hi._native.native_decide.ax_1_1,MathExtras.NumberTheory.Helfgott,MathExtras.NumberTheory.Helfgott.WACor49Eta2ExpMomentCert,MathExtras.Helfgott.WACor49Eta2ExpMomentCert.eta2Enclosure_hi,(named constants only),fixed-expression,Rat/RatInterval,1,,0,constant-depth comparison of named constants,CONSTANT,"constant depth, below measurement resolution",0.1,10.0,1
MathExtras.Helfgott.WACor49Eta2ExpMomentCert.leftM4_hi._native.native_decide.ax_1_1,MathExtras.NumberTheory.Helfgott,MathExtras.NumberTheory.Helfgott.WACor49Eta2ExpMomentCert,MathExtras.Helfgott.WACor49Eta2ExpMomentCert.leftM4_hi,IntervalArith.RatInterval.interval_bisect,bisection-tree,Rat/RatInterval,4,,1,unconditional 2^depth leaf evaluations,log_enclose_full,proxy: each cell priced as its transcendental nodes,0.08279537432253664,9.93603714186548,1
MathExtras.Helfgott.WACor49Eta2ExpMomentCert.rightM4_hi._native.native_decide.ax_1_1,MathExtras.NumberTheory.Helfgott,MathExtras.NumberTheory.Helfgott.WACor49Eta2ExpMomentCert,MathExtras.Helfgott.WACor49Eta2ExpMomentCert.rightM4_hi,IntervalArith.RatInterval.interval_bisect,bisection-tree,Rat/RatInterval,1200000,,7,unconditional 2^depth leaf evaluations,log_enclose_full,proxy: each cell priced as its transcendental nodes,3553.927021868803,8000.0,77
MathExtras.Helfgott.WAProp48QuadraticInvSqrtCert.quarticGaussianEnclosure_hi._native.native_decide.ax_1_1,MathExtras.NumberTheory.Helfgott,MathExtras.NumberTheory.Helfgott.WAProp48QuadraticInvSqrtCert,MathExtras.Helfgott.WAProp48QuadraticInvSqrtCert.quarticGaussianEnclosure_hi,(named constants only),fixed-expression,Rat/RatInterval,1,,7,constant-depth comparison of named constants,CONSTANT,"constant depth, below measurement resolution",0.1,10.0,1
MathExtras.Helfgott.WAProp48QuadraticLogL2Cert.d4Enclosure_hi._native.native_decide.ax_1_1,MathExtras.NumberTheory.Helfgott,MathExtras.NumberTheory.Helfgott.WAProp48QuadraticLogL2Cert,MathExtras.Helfgott.WAProp48QuadraticLogL2Cert.d4Enclosure_hi,(named constants only),fixed-expression,Rat/RatInterval,1,,5,constant-depth comparison of named constants,CONSTANT,"constant depth, below measurement resolution",0.1,10.0,1
MathExtras.Helfgott.WAProp48QuadraticLogL2Cert.d4Enclosure_lo._native.native_decide.ax_1_1,MathExtras.NumberTheory.Helfgott,MathExtras.NumberTheory.Helfgott.WAProp48QuadraticLogL2Cert,MathExtras.Helfgott.WAProp48QuadraticLogL2Cert.d4Enclosure_lo,(named constants only),fixed-expression,Rat/RatInterval,1,,5,constant-depth comparison of named constants,CONSTANT,"constant depth, below measurement resolution",0.1,10.0,1
MathExtras.Helfgott.WAProp48QuadraticLogL2Cert.logMomentEnclosure_hi._native.native_decide.ax_1_1,MathExtras.NumberTheory.Helfgott,MathExtras.NumberTheory.Helfgott.WAProp48QuadraticLogL2Cert,MathExtras.Helfgott.WAProp48QuadraticLogL2Cert.logMomentEnclosure_hi,(named constants only),fixed-expression,Rat/RatInterval,1,,8,constant-depth comparison of named constants,CONSTANT,"constant depth, below measurement resolution",0.1,10.0,1
MathExtras.Helfgott.ZetaThreeHalves.zeta32_partial_cert._native.native_decide.ax_1_1,HelfgottCertificates,HelfgottCertificates.ZetaThreeHalvesCert,MathExtras.Helfgott.ZetaThreeHalves.zeta32_partial_cert,(named constants only),fixed-expression,Rat/RatInterval,1,,13,constant-depth comparison of named constants,CONSTANT,"constant depth, below measurement resolution",0.1,10.0,1
MathExtras.Helfgott1221.cert_m1._native.native_decide.ax_1_1,Rs62Certificates,Rs62Certificates.Helfgott1221FiniteLeaves,MathExtras.Helfgott1221.cert_m1,MathExtras.Helfgott1221.checkAll,linear-fold-rat,"Rat (exact product, growing)",300500,,4,qmax cells x (|S| exact Rat mults + 2 log series),chebyshev_psi,"proxy, LOWER BOUND: exact-Rat folds also suffer denominator growth",2328.5500126693337,8000.0,41
MathExtras.Helfgott1221.cert_m2._native.native_decide.ax_1_1,Rs62Certificates,Rs62Certificates.Helfgott1221FiniteLeaves,MathExtras.Helfgott1221.cert_m2,MathExtras.Helfgott1221.checkAll,linear-fold-rat,"Rat (exact product, growing)",110750,,4,qmax cells x (|S| exact Rat mults + 2 log series),chebyshev_psi,"proxy, LOWER BOUND: exact-Rat folds also suffer denominator growth",851.9085412204879,8000.0,15
MathExtras.Helfgott1221.cert_m3._native.native_decide.ax_1_1,Rs62Certificates,Rs62Certificates.Helfgott1221FiniteLeaves,MathExtras.Helfgott1221.cert_m3,MathExtras.Helfgott1221.checkAll,linear-fold-rat,"Rat (exact product, growing)",40750,,3,qmax cells x (|S| exact Rat mults + 2 log series),chebyshev_psi,"proxy, LOWER BOUND: exact-Rat folds also suffer denominator growth",340.76341648819516,8000.0,6
MathExtras.Helfgott1221.cert_m4._native.native_decide.ax_1_1,Rs62Certificates,Rs62Certificates.Helfgott1221FiniteLeaves,MathExtras.Helfgott1221.cert_m4,MathExtras.Helfgott1221.checkAll,linear-fold-rat,"Rat (exact product, growing)",15000,,3,qmax cells x (|S| exact Rat mults + 2 log series),chebyshev_psi,"proxy, LOWER BOUND: exact-Rat folds also suffer denominator growth",170.38170824409758,8000.0,3
MathExtras.Helfgott1221.cert_m5._native.native_decide.ax_1_1,Rs62Certificates,Rs62Certificates.Helfgott1221FiniteLeaves,MathExtras.Helfgott1221.cert_m5,MathExtras.Helfgott1221.checkAll,linear-fold-rat,"Rat (exact product, growing)",5550,,3,qmax cells x (|S| exact Rat mults + 2 log series),chebyshev_psi,"proxy, LOWER BOUND: exact-Rat folds also suffer denominator growth",42.10179303394118,6075.952884900995,1
MathExtras.Helfgott1221.cert_m6._native.native_decide.ax_1_1,Rs62Certificates,Rs62Certificates.Helfgott1221FiniteLeaves,MathExtras.Helfgott1221.cert_m6,MathExtras.Helfgott1221.checkAll,linear-fold-rat,"Rat (exact product, growing)",2050,,2,qmax cells x (|S| exact Rat mults + 2 log series),chebyshev_psi,"proxy, LOWER BOUND: exact-Rat folds also suffer denominator growth",15.43296611757115,2415.7493438253136,1
MathExtras.Helfgott1221.cert_m7._native.native_decide.ax_1_1,Rs62Certificates,Rs62Certificates.Helfgott1221FiniteLeaves,MathExtras.Helfgott1221.cert_m7,MathExtras.Helfgott1221.checkAll,linear-fold-rat,"Rat (exact product, growing)",1200,,2,qmax cells x (|S| exact Rat mults + 2 log series),chebyshev_psi,"proxy, LOWER BOUND: exact-Rat folds also suffer denominator growth",8.99696264422082,1471.2036675187494,1
MathExtras.Helfgott1221.cert_m8._native.native_decide.ax_1_1,Rs62Certificates,Rs62Certificates.Helfgott1221FiniteLeaves,MathExtras.Helfgott1221.cert_m8,MathExtras.Helfgott1221.checkAll,linear-fold-rat,"Rat (exact product, growing)",1200,,2,qmax cells x (|S| exact Rat mults + 2 log series),chebyshev_psi,"proxy, LOWER BOUND: exact-Rat folds also suffer denominator growth",8.99696264422082,1471.2036675187494,1
MathExtras.Helfgott1221.cert_m9._native.native_decide.ax_1_1,Rs62Certificates,Rs62Certificates.Helfgott1221FiniteLeaves,MathExtras.Helfgott1221.cert_m9,MathExtras.Helfgott1221.checkAll,linear-fold-rat,"Rat (exact product, growing)",1200,,2,qmax cells x (|S| exact Rat mults + 2 log series),chebyshev_psi,"proxy, LOWER BOUND: exact-Rat folds also suffer denominator growth",8.99696264422082,1471.2036675187494,1
MathExtras.HelfgottLargeQ.masterCheck_holds._native.native_decide.ax_1_1,Rs62Certificates,Rs62Certificates.HelfgottLargeQBlockLeaves,MathExtras.HelfgottLargeQ.masterCheck_holds,MathExtras.HelfgottLargeQ.masterCheck,fixed-expression,Rat,24,,2,112 leaves; already kernel-decided upstream,CONSTANT,"constant depth, below measurement resolution",0.1,10.0,1
MathExtras.LiouvilleSweep.ellSweep_cert._native.native_decide.ax_1_1,MathExtras.NumberTheory.Certs,MathExtras.NumberTheory.Certs.LiouvilleLittleSumSweepCert,MathExtras.LiouvilleSweep.ellSweep_cert,MathExtras.LiouvilleSweep.ladderRun,linear-fold-sieve,Int (<= 2^50),4000000,,19,"65 bands, lambda per step",rs62_loopE,proxy: same per-step work (one minFac / IsPrimePow / Squarefree decision),6481.116612880241,8000.0,108
MathExtras.NumberTheory.Analysis.MV73Lemma7Floor.certFrom_five._native.native_decide.ax_1_1,MathExtras.NumberTheory.Analysis,MathExtras.NumberTheory.Analysis.MV73Lemma7FiniteCert,MathExtras.NumberTheory.Analysis.MV73Lemma7Floor.certFrom_five,MathExtras.NumberTheory.Analysis.MV73Lemma7Floor.certFrom,linear-fold-rat,"Rat (denominator = lcm of phi(r), grows)",3595,,4,exact rational Mertens-type sum,chebyshev_psi,"proxy, LOWER BOUND: exact-Rat folds also suffer denominator growth",27.18080960503107,4064.0835181461994,1
MathExtras.NumberTheory.Analysis.MV73WeightedFloorSevenTwentieths.gridC_cert._native.native_decide.ax_1_1,MathExtras.NumberTheory.Analysis,MathExtras.NumberTheory.Analysis.MV73WeightedFloorSevenTwentiethsCert,MathExtras.NumberTheory.Analysis.MV73WeightedFloorSevenTwentieths.gridC_cert,MathExtras.NumberTheory.Analysis.MV73WeightedFloorSevenTwentieths.passC,linear-fold-rat,Rat (1000-term exact sum),1000,,4,~995 grid cells,chebyshev_psi,"proxy, LOWER BOUND: exact-Rat folds also suffer denominator growth",7.487009071688748,1242.6397308189664,1
MathExtras.NumberTheory.Analysis.MV73WeightedFloorSevenTwentieths.gridD_cert._native.native_decide.ax_1_1,MathExtras.NumberTheory.Analysis,MathExtras.NumberTheory.Analysis.MV73WeightedFloorTwoFifthsCert,MathExtras.NumberTheory.Analysis.MV73WeightedFloorSevenTwentieths.gridD_cert,MathExtras.NumberTheory.Analysis.MV73WeightedFloorSevenTwentieths.passD,linear-fold-rat,Rat (1000-term exact sum),1000,,4,~1003 grid cells,chebyshev_psi,"proxy, LOWER BOUND: exact-Rat folds also suffer denominator growth",7.487009071688748,1242.6397308189664,1
MathExtras.NumberTheory.Helfgott.AppendixA5Certificates.cert_a5_band_0_3._native.native_decide.ax_1_1,MathExtras.NumberTheory.Helfgott,MathExtras.NumberTheory.Helfgott.AppendixACertA5Small,MathExtras.NumberTheory.Helfgott.AppendixA5Certificates.cert_a5_band_0_3,MathExtras.NumberTheory.Helfgott.AppendixA5Certificates.numMomentEval,fixed-expression,"CInterval, roundOutC 2^120",120,120,4,"linear K<=60 series, roundOutC pins denominators at 2^120",CONSTANT,"constant depth, below measurement resolution",0.1,10.0,1
MathExtras.NumberTheory.Helfgott.AppendixA5Certificates.cert_a5_band_1130_end._native.native_decide.ax_1_1,MathExtras.NumberTheory.Helfgott,MathExtras.NumberTheory.Helfgott.AppendixACertA5WideB,MathExtras.NumberTheory.Helfgott.AppendixA5Certificates.cert_a5_band_1130_end,MathExtras.NumberTheory.Helfgott.AppendixA5Certificates.numEval,bisection-tree,"CInterval, roundOutC 2^120",200000,120,6,"bisection fuel 20; adaptiveUpper fuel 20-34, roundOutC pins denominators at 2^120",log_enclose_full,proxy: each cell priced as its transcendental nodes,581.107503620539,8000.0,12
MathExtras.NumberTheory.Helfgott.AppendixA5Certificates.cert_a5_band_35_4._native.native_decide.ax_1_1,MathExtras.NumberTheory.Helfgott,MathExtras.NumberTheory.Helfgott.AppendixACertA5Small,MathExtras.NumberTheory.Helfgott.AppendixA5Certificates.cert_a5_band_35_4,MathExtras.NumberTheory.Helfgott.AppendixA5Certificates.numEval,bisection-tree,"CInterval, roundOutC 2^120",200000,120,3,"bisection fuel 20; adaptiveUpper fuel 20-34, roundOutC pins denominators at 2^120",log_enclose_full,proxy: each cell priced as its transcendental nodes,551.9139652340292,8000.0,9
MathExtras.NumberTheory.Helfgott.AppendixA5Certificates.cert_a5_band_3_35._native.native_decide.ax_1_1,MathExtras.NumberTheory.Helfgott,MathExtras.NumberTheory.Helfgott.AppendixACertA5Small,MathExtras.NumberTheory.Helfgott.AppendixA5Certificates.cert_a5_band_3_35,MathExtras.NumberTheory.Helfgott.AppendixA5Certificates.numEval,bisection-tree,"CInterval, roundOutC 2^120",200000,120,3,"bisection fuel 20; adaptiveUpper fuel 20-34, roundOutC pins denominators at 2^120",log_enclose_full,proxy: each cell priced as its transcendental nodes,551.9139652340292,8000.0,9
MathExtras.NumberTheory.Helfgott.AppendixA5Certificates.cert_a5_band_4_8._native.native_decide.ax_1_1,MathExtras.NumberTheory.Helfgott,MathExtras.NumberTheory.Helfgott.AppendixACertA5Small,MathExtras.NumberTheory.Helfgott.AppendixA5Certificates.cert_a5_band_4_8,MathExtras.NumberTheory.Helfgott.AppendixA5Certificates.numEval,bisection-tree,"CInterval, roundOutC 2^120",200000,120,3,"bisection fuel 20; adaptiveUpper fuel 20-34, roundOutC pins denominators at 2^120",log_enclose_full,proxy: each cell priced as its transcendental nodes,551.9139652340292,8000.0,9
MathExtras.NumberTheory.Helfgott.AppendixA5Certificates.cert_a5_band_8_1130._native.native_decide.ax_1_1,MathExtras.NumberTheory.Helfgott,MathExtras.NumberTheory.Helfgott.AppendixACertA5WideA,MathExtras.NumberTheory.Helfgott.AppendixA5Certificates.cert_a5_band_8_1130,MathExtras.NumberTheory.Helfgott.AppendixA5Certificates.numEval,bisection-tree,"CInterval, roundOutC 2^120",200000,120,4,"bisection fuel 20; adaptiveUpper fuel 20-34, roundOutC pins denominators at 2^120",log_enclose_full,proxy: each cell priced as its transcendental nodes,560.835620279836,8000.0,10
MathExtras.NumberTheory.Helfgott.AppendixACertificates.cert_band_0_3._native.native_decide.ax_1_1,MathExtras.NumberTheory.Helfgott,MathExtras.NumberTheory.Helfgott.AppendixACertSmall,MathExtras.NumberTheory.Helfgott.AppendixACertificates.cert_band_0_3,MathExtras.NumberTheory.Helfgott.AppendixACertificates.momentEval,fixed-expression,"CInterval, roundOutC 2^120",120,120,9,"linear K<=60 series, roundOutC pins denominators at 2^120",CONSTANT,"constant depth, below measurement resolution",0.1,10.0,1
MathExtras.NumberTheory.Helfgott.AppendixACertificates.cert_band_12_16._native.native_decide.ax_1_1,MathExtras.NumberTheory.Helfgott,MathExtras.NumberTheory.Helfgott.AppendixACertMid,MathExtras.NumberTheory.Helfgott.AppendixACertificates.cert_band_12_16,MathExtras.NumberTheory.Helfgott.AppendixACertificates.bandEval,bisection-tree,"CInterval, roundOutC 2^120",200000,120,9,"K^2 complex mults per cell; bisection fuel 34; adaptiveUpper fuel 20-34, roundOutC pins denominators at 2^120",log_enclose_full,proxy: each cell priced as its transcendental nodes,616.2928329300045,8000.0,15
MathExtras.NumberTheory.Helfgott.AppendixACertificates.cert_band_16_655._native.native_decide.ax_1_1,MathExtras.NumberTheory.Helfgott,MathExtras.NumberTheory.Helfgott.AppendixACertWide,MathExtras.NumberTheory.Helfgott.AppendixACertificates.cert_band_16_655,MathExtras.NumberTheory.Helfgott.AppendixACertificates.bandEval,bisection-tree,"CInterval, roundOutC 2^120",200000,120,9,"K^2 complex mults per cell; bisection fuel 34; adaptiveUpper fuel 20-34, roundOutC pins denominators at 2^120",log_enclose_full,proxy: each cell priced as its transcendental nodes,616.2928329300045,8000.0,15
MathExtras.NumberTheory.Helfgott.AppendixACertificates.cert_band_3_4._native.native_decide.ax_1_1,MathExtras.NumberTheory.Helfgott,MathExtras.NumberTheory.Helfgott.AppendixACertSmall,MathExtras.NumberTheory.Helfgott.AppendixACertificates.cert_band_3_4,MathExtras.NumberTheory.Helfgott.AppendixACertificates.bandEval,bisection-tree,"CInterval, roundOutC 2^120",200000,120,9,"K^2 complex mults per cell; bisection fuel 34; adaptiveUpper fuel 20-34, roundOutC pins denominators at 2^120",log_enclose_full,proxy: each cell priced as its transcendental nodes,616.2928329300045,8000.0,15
MathExtras.NumberTheory.Helfgott.AppendixACertificates.cert_band_4_5._native.native_decide.ax_1_1,MathExtras.NumberTheory.Helfgott,MathExtras.NumberTheory.Helfgott.AppendixACertSmall,MathExtras.NumberTheory.Helfgott.AppendixACertificates.cert_band_4_5,MathExtras.NumberTheory.Helfgott.AppendixACertificates.bandEval,bisection-tree,"CInterval, roundOutC 2^120",200000,120,9,"K^2 complex mults per cell; bisection fuel 34; adaptiveUpper fuel 20-34, roundOutC pins denominators at 2^120",log_enclose_full,proxy: each cell priced as its transcendental nodes,616.2928329300045,8000.0,15
MathExtras.NumberTheory.Helfgott.AppendixACertificates.cert_band_5_6._native.native_decide.ax_1_1,MathExtras.NumberTheory.Helfgott,MathExtras.NumberTheory.Helfgott.AppendixACertSmall,MathExtras.NumberTheory.Helfgott.AppendixACertificates.cert_band_5_6,MathExtras.NumberTheory.Helfgott.AppendixACertificates.bandEval,bisection-tree,"CInterval, roundOutC 2^120",200000,120,9,"K^2 complex mults per cell; bisection fuel 34; adaptiveUpper fuel 20-34, roundOutC pins denominators at 2^120",log_enclose_full,proxy: each cell priced as its transcendental nodes,616.2928329300045,8000.0,15
MathExtras.NumberTheory.Helfgott.AppendixACertificates.cert_band_6_7._native.native_decide.ax_1_1,MathExtras.NumberTheory.Helfgott,MathExtras.NumberTheory.Helfgott.AppendixACertSmall,MathExtras.NumberTheory.Helfgott.AppendixACertificates.cert_band_6_7,MathExtras.NumberTheory.Helfgott.AppendixACertificates.bandEval,bisection-tree,"CInterval, roundOutC 2^120",200000,120,9,"K^2 complex mults per cell; bisection fuel 34; adaptiveUpper fuel 20-34, roundOutC pins denominators at 2^120",log_enclose_full,proxy: each cell priced as its transcendental nodes,616.2928329300045,8000.0,15
MathExtras.NumberTheory.Helfgott.AppendixACertificates.cert_band_7_8._native.native_decide.ax_1_1,MathExtras.NumberTheory.Helfgott,MathExtras.NumberTheory.Helfgott.AppendixACertSmall,MathExtras.NumberTheory.Helfgott.AppendixACertificates.cert_band_7_8,MathExtras.NumberTheory.Helfgott.AppendixACertificates.bandEval,bisection-tree,"CInterval, roundOutC 2^120",200000,120,9,"K^2 complex mults per cell; bisection fuel 34; adaptiveUpper fuel 20-34, roundOutC pins denominators at 2^120",log_enclose_full,proxy: each cell priced as its transcendental nodes,616.2928329300045,8000.0,15
MathExtras.NumberTheory.Helfgott.AppendixACertificates.cert_band_8_12._native.native_decide.ax_1_1,MathExtras.NumberTheory.Helfgott,MathExtras.NumberTheory.Helfgott.AppendixACertMid,MathExtras.NumberTheory.Helfgott.AppendixACertificates.cert_band_8_12,MathExtras.NumberTheory.Helfgott.AppendixACertificates.bandEval,bisection-tree,"CInterval, roundOutC 2^120",200000,120,9,"K^2 complex mults per cell; bisection fuel 34; adaptiveUpper fuel 20-34, roundOutC pins denominators at 2^120",log_enclose_full,proxy: each cell priced as its transcendental nodes,616.2928329300045,8000.0,15
MathExtras.NumberTheory.Mertens.LittleRamareFinite.littleSweep_cert._native.native_decide.ax_1_1,MathExtras.NumberTheory.Mertens,MathExtras.NumberTheory.Mertens.LittleMertensRamareFinite,MathExtras.NumberTheory.Mertens.LittleRamareFinite.littleSweep_cert,MathExtras.NumberTheory.Mertens.LittleRamareFinite.ladderRun,linear-fold-sieve,Int (<= 2^50),20953,,19,"10 bands, mu per step",rs62_loopE,proxy: same per-step work (one minFac / IsPrimePow / Squarefree decision),29.12388855287991,4040.2710574997895,1
MathExtras.RS62.harmonic_10000_le'._native.native_decide.ax_1_1,Rs62Certificates,Rs62Certificates.RS62LargeLogLeaves,MathExtras.RS62.harmonic_10000_le',(named constants only),fixed-expression,Rat/RatInterval,1,,7,constant-depth comparison of named constants,CONSTANT,"constant depth, below measurement resolution",0.1,10.0,1
MathExtras.RS62.theta314_log_1009._native.native_decide.ax_1_1,Rs62Certificates,Rs62Certificates.RS62Eq314Leaves,MathExtras.RS62.theta314_log_1009,IntervalArith.RatInterval.log_enclose_full,transcendental-enclosure,"Rat (exact, unbounded)",1415,34796,419,"24-term series, ~1391 halving steps, argument ~419 decimal digits",log_enclose_full,exact,2.3897449973164466,119.57875427334571,1
MathExtras.RS62.theta314_log_1013._native.native_decide.ax_1_1,Rs62Certificates,Rs62Certificates.RS62Eq314Leaves,MathExtras.RS62.theta314_log_1013,IntervalArith.RatInterval.log_enclose_full,transcendental-enclosure,"Rat (exact, unbounded)",1425,36447,422,"25-term series, ~1401 halving steps, argument ~422 decimal digits",log_enclose_full,exact,2.412263444603432,120.00922791879292,1
MathExtras.RS62.theta314_log_1019._native.native_decide.ax_1_1,Rs62Certificates,Rs62Certificates.RS62Eq314Leaves,MathExtras.RS62.theta314_log_1019,IntervalArith.RatInterval.log_enclose_full,transcendental-enclosure,"Rat (exact, unbounded)",1435,35295,425,"24-term series, ~1411 halving steps, argument ~425 decimal digits",log_enclose_full,exact,2.43483958112552,120.438185367492,1
MathExtras.RS62.theta314_log_1021._native.native_decide.ax_1_1,Rs62Certificates,Rs62Certificates.RS62Eq314Leaves,MathExtras.RS62.theta314_log_1021,IntervalArith.RatInterval.log_enclose_full,transcendental-enclosure,"Rat (exact, unbounded)",1445,285776,428,"200-term series, ~1421 halving steps, argument ~428 decimal digits",log_enclose_full,exact,2.4574731458890016,120.8656426061488,1
MathExtras.RS62.theta314_log_1031._native.native_decide.ax_1_1,Rs62Certificates,Rs62Certificates.RS62Eq314Leaves,MathExtras.RS62.theta314_log_1031,IntervalArith.RatInterval.log_enclose_full,transcendental-enclosure,"Rat (exact, unbounded)",1455,35793,431,"24-term series, ~1431 halving steps, argument ~431 decimal digits",log_enclose_full,exact,2.480163880904417,121.29161534222045,1
MathExtras.RS62.theta314_log_1033._native.native_decide.ax_1_1,Rs62Certificates,Rs62Certificates.RS62Eq314Leaves,MathExtras.RS62.theta314_log_1033,IntervalArith.RatInterval.log_enclose_full,transcendental-enclosure,"Rat (exact, unbounded)",1465,36042,434,"24-term series, ~1441 halving steps, argument ~434 decimal digits",log_enclose_full,exact,2.502911531131274,121.71611901069966,1
MathExtras.RS62.theta314_log_1039._native.native_decide.ax_1_1,Rs62Certificates,Rs62Certificates.RS62Eq314Leaves,MathExtras.RS62.theta314_log_1039,IntervalArith.RatInterval.log_enclose_full,transcendental-enclosure,"Rat (exact, unbounded)",1475,37743,437,"25-term series, ~1451 halving steps, argument ~437 decimal digits",log_enclose_full,exact,2.5257158444241616,122.13916878068842,1
MathExtras.RS62.theta314_log_1049._native.native_decide.ax_1_1,Rs62Certificates,Rs62Certificates.RS62Eq314Leaves,MathExtras.RS62.theta314_log_1049,IntervalArith.RatInterval.log_enclose_full,transcendental-enclosure,"Rat (exact, unbounded)",1485,293788,440,"200-term series, ~1461 halving steps, argument ~440 decimal digits",log_enclose_full,exact,2.5485765714802135,122.56077956176954,1
MathExtras.RS62.theta314_log_1051._native.native_decide.ax_1_1,Rs62Certificates,Rs62Certificates.RS62Eq314Leaves,MathExtras.RS62.theta314_log_1051,IntervalArith.RatInterval.log_enclose_full,transcendental-enclosure,"Rat (exact, unbounded)",1495,36790,443,"24-term series, ~1471 halving steps, argument ~443 decimal digits",log_enclose_full,exact,2.571493465787876,122.98096601018275,1
MathExtras.RS62.theta314_log_1061._native.native_decide.ax_1_1,Rs62Certificates,Rs62Certificates.RS62Eq314Leaves,MathExtras.RS62.theta314_log_1061,IntervalArith.RatInterval.log_enclose_full,transcendental-enclosure,"Rat (exact, unbounded)",1505,38520,446,"25-term series, ~1481 halving steps, argument ~446 decimal digits",log_enclose_full,exact,2.594466283576939,123.39974253481327,1
MathExtras.RS62.theta314_log_1063._native.native_decide.ax_1_1,Rs62Certificates,Rs62Certificates.RS62Eq314Leaves,MathExtras.RS62.theta314_log_1063,IntervalArith.RatInterval.log_enclose_full,transcendental-enclosure,"Rat (exact, unbounded)",1515,37288,449,"24-term series, ~1491 halving steps, argument ~449 decimal digits",log_enclose_full,exact,2.617494783769795,123.8171233029995,1
MathExtras.RS62.theta314_log_1069._native.native_decide.ax_1_1,Rs62Certificates,Rs62Certificates.RS62Eq314Leaves,MathExtras.RS62.theta314_log_1069,IntervalArith.RatInterval.log_enclose_full,transcendental-enclosure,"Rat (exact, unbounded)",1525,37537,452,"24-term series, ~1501 halving steps, argument ~452 decimal digits",log_enclose_full,exact,2.6405787279338817,124.23312224616653,1
MathExtras.RS62.theta314_log_1087._native.native_decide.ax_1_1,Rs62Certificates,Rs62Certificates.RS62Eq314Leaves,MathExtras.RS62.theta314_log_1087,IntervalArith.RatInterval.log_enclose_full,transcendental-enclosure,"Rat (exact, unbounded)",1535,37786,455,"24-term series, ~1511 halving steps, argument ~455 decimal digits",log_enclose_full,exact,2.663717880235278,124.64775306529181,1
MathExtras.RS62.theta314_log_1091._native.native_decide.ax_1_1,Rs62Certificates,Rs62Certificates.RS62Eq314Leaves,MathExtras.RS62.theta314_log_1091,IntervalArith.RatInterval.log_enclose_full,transcendental-enclosure,"Rat (exact, unbounded)",1545,38035,458,"24-term series, ~1521 halving steps, argument ~458 decimal digits",log_enclose_full,exact,2.6869120073934125,125.06102923620904,1
MathExtras.RS62.theta314_log_1093._native.native_decide.ax_1_1,Rs62Certificates,Rs62Certificates.RS62Eq314Leaves,MathExtras.RS62.theta314_log_1093,IntervalArith.RatInterval.log_enclose_full,transcendental-enclosure,"Rat (exact, unbounded)",1555,38284,461,"24-term series, ~1531 halving steps, argument ~461 decimal digits",log_enclose_full,exact,2.7101608786368563,125.47296401475607,1
MathExtras.RS62.theta314_log_1097._native.native_decide.ax_1_1,Rs62Certificates,Rs62Certificates.RS62Eq314Leaves,MathExtras.RS62.theta314_log_1097,IntervalArith.RatInterval.log_enclose_full,transcendental-enclosure,"Rat (exact, unbounded)",1565,38534,464,"24-term series, ~1541 halving steps, argument ~464 decimal digits",log_enclose_full,exact,2.733464265660159,125.88357044177242,1
MathExtras.RS62.theta314_log_1103._native.native_decide.ax_1_1,Rs62Certificates,Rs62Certificates.RS62Eq314Leaves,MathExtras.RS62.theta314_log_1103,IntervalArith.RatInterval.log_enclose_full,transcendental-enclosure,"Rat (exact, unbounded)",1575,38783,467,"24-term series, ~1551 halving steps, argument ~467 decimal digits",log_enclose_full,exact,2.756821942581709,126.29286134795186,1
MathExtras.RS62.theta314_log_1109._native.native_decide.ax_1_1,Rs62Certificates,Rs62Certificates.RS62Eq314Leaves,MathExtras.RS62.theta314_log_1109,IntervalArith.RatInterval.log_enclose_full,transcendental-enclosure,"Rat (exact, unbounded)",1585,39032,470,"24-term series, ~1561 halving steps, argument ~470 decimal digits",log_enclose_full,exact,2.780233685902575,126.70084935855475,1
MathExtras.RS62.theta314_log_1117._native.native_decide.ax_1_1,Rs62Certificates,Rs62Certificates.RS62Eq314Leaves,MathExtras.RS62.theta314_log_1117,IntervalArith.RatInterval.log_enclose_full,transcendental-enclosure,"Rat (exact, unbounded)",1595,39281,473,"24-term series, ~1571 halving steps, argument ~473 decimal digits",log_enclose_full,exact,2.803699274466306,127.10754689798576,1
MathExtras.RS62.theta314_log_1123._native.native_decide.ax_1_1,Rs62Certificates,Rs62Certificates.RS62Eq314Leaves,MathExtras.RS62.theta314_log_1123,IntervalArith.RatInterval.log_enclose_full,transcendental-enclosure,"Rat (exact, unbounded)",1605,14231,476,"8-term series, ~1581 halving steps, argument ~476 decimal digits",log_enclose_full,exact,2.8272184894196615,127.51296619424085,1
MathExtras.RS62.theta314_log_1129._native.native_decide.ax_1_1,Rs62Certificates,Rs62Certificates.RS62Eq314Leaves,MathExtras.RS62.theta314_log_1129,IntervalArith.RatInterval.log_enclose_full,transcendental-enclosure,"Rat (exact, unbounded)",1615,39779,479,"24-term series, ~1591 halving steps, argument ~479 decimal digits",log_enclose_full,exact,2.8507911141742426,127.91711928322869,1
MathExtras.RS62.theta314_log_1151._native.native_decide.ax_1_1,Rs62Certificates,Rs62Certificates.RS62Eq314Leaves,MathExtras.RS62.theta314_log_1151,IntervalArith.RatInterval.log_enclose_full,transcendental-enclosure,"Rat (exact, unbounded)",1625,40028,482,"24-term series, ~1601 halving steps, argument ~482 decimal digits",log_enclose_full,exact,2.874416934369002,128.32001801297048,1
MathExtras.RS62.theta314_log_1153._native.native_decide.ax_1_1,Rs62Certificates,Rs62Certificates.RS62Eq314Leaves,MathExtras.RS62.theta314_log_1153,IntervalArith.RatInterval.log_enclose_full,transcendental-enclosure,"Rat (exact, unbounded)",1638,40361,486,"24-term series, ~1614 halving steps, argument ~486 decimal digits",log_enclose_full,exact,2.9060004100213934,128.85528522819558,1
MathExtras.RS62.theta314_log_1163._native.native_decide.ax_1_1,Rs62Certificates,Rs62Certificates.RS62Eq314Leaves,MathExtras.RS62.theta314_log_1163,IntervalArith.RatInterval.log_enclose_full,transcendental-enclosure,"Rat (exact, unbounded)",1648,40610,489,"24-term series, ~1624 halving steps, argument ~489 decimal digits",log_enclose_full,exact,2.9297495315224618,129.2553021702676,1
MathExtras.RS62.theta314_log_1171._native.native_decide.ax_1_1,Rs62Certificates,Rs62Certificates.RS62Eq314Leaves,MathExtras.RS62.theta314_log_1171,IntervalArith.RatInterval.log_enclose_full,transcendental-enclosure,"Rat (exact, unbounded)",1658,40859,492,"24-term series, ~1634 halving steps, argument ~492 decimal digits",log_enclose_full,exact,2.9535511495489652,129.6541029411076,1
MathExtras.RS62.theta314_log_1181._native.native_decide.ax_1_1,Rs62Certificates,Rs62Certificates.RS62Eq314Leaves,MathExtras.RS62.theta314_log_1181,IntervalArith.RatInterval.log_enclose_full,transcendental-enclosure,"Rat (exact, unbounded)",1668,41108,495,"24-term series, ~1644 halving steps, argument ~495 decimal digits",log_enclose_full,exact,2.9774050589787127,130.05169862030556,1
MathExtras.RS62.theta314_log_1187._native.native_decide.ax_1_1,Rs62Certificates,Rs62Certificates.RS62Eq314Leaves,MathExtras.RS62.theta314_log_1187,IntervalArith.RatInterval.log_enclose_full,transcendental-enclosure,"Rat (exact, unbounded)",1678,41357,498,"24-term series, ~1654 halving steps, argument ~498 decimal digits",log_enclose_full,exact,3.0013110567306858,130.44810012007488,1
MathExtras.RS62.theta314_log_1193._native.native_decide.ax_1_1,Rs62Certificates,Rs62Certificates.RS62Eq314Leaves,MathExtras.RS62.theta314_log_1193,IntervalArith.RatInterval.log_enclose_full,transcendental-enclosure,"Rat (exact, unbounded)",1688,334518,501,"200-term series, ~1664 halving steps, argument ~501 decimal digits",log_enclose_full,exact,3.0252689417325414,130.84331818877283,1
MathExtras.RS62.theta314_log_1201._native.native_decide.ax_1_1,Rs62Certificates,Rs62Certificates.RS62Eq314Leaves,MathExtras.RS62.theta314_log_1201,IntervalArith.RatInterval.log_enclose_full,transcendental-enclosure,"Rat (exact, unbounded)",1698,41855,504,"24-term series, ~1674 halving steps, argument ~504 decimal digits",log_enclose_full,exact,3.049278514888816,131.23736341432573,1
MathExtras.RS62.theta314_log_1213._native.native_decide.ax_1_1,Rs62Certificates,Rs62Certificates.RS62Eq314Leaves,MathExtras.RS62.theta314_log_1213,IntervalArith.RatInterval.log_enclose_full,transcendental-enclosure,"Rat (exact, unbounded)",1708,42105,507,"24-term series, ~1684 halving steps, argument ~507 decimal digits",log_enclose_full,exact,3.073339579049834,131.63024622756302,1
MathExtras.RS62.theta314_log_1217._native.native_decide.ax_1_1,Rs62Certificates,Rs62Certificates.RS62Eq314Leaves,MathExtras.RS62.theta314_log_1217,IntervalArith.RatInterval.log_enclose_full,transcendental-enclosure,"Rat (exact, unbounded)",1718,42354,510,"24-term series, ~1694 halving steps, argument ~510 decimal digits",log_enclose_full,exact,3.0974519389812682,132.02197690546274,1
MathExtras.RS62.theta314_log_1223._native.native_decide.ax_1_1,Rs62Certificates,Rs62Certificates.RS62Eq314Leaves,MathExtras.RS62.theta314_log_1223,IntervalArith.RatInterval.log_enclose_full,transcendental-enclosure,"Rat (exact, unbounded)",1728,44307,513,"25-term series, ~1704 halving steps, argument ~513 decimal digits",log_enclose_full,exact,3.121615401334369,132.41256557431092,1
MathExtras.RS62.theta314_log_1229._native.native_decide.ax_1_1,Rs62Certificates,Rs62Certificates.RS62Eq314Leaves,MathExtras.RS62.theta314_log_1229,IntervalArith.RatInterval.log_enclose_full,transcendental-enclosure,"Rat (exact, unbounded)",1738,42852,516,"24-term series, ~1714 halving steps, argument ~516 decimal digits",log_enclose_full,exact,3.1458297746168196,132.80202221277844,1
MathExtras.RS62.theta314_log_1231._native.native_decide.ax_1_1,Rs62Certificates,Rs62Certificates.RS62Eq314Leaves,MathExtras.RS62.theta314_log_1231,IntervalArith.RatInterval.log_enclose_full,transcendental-enclosure,"Rat (exact, unbounded)",1748,43101,519,"24-term series, ~1724 halving steps, argument ~519 decimal digits",log_enclose_full,exact,3.1700948691642066,133.19035665491742,1
MathExtras.RS62.theta314_log_1237._native.native_decide.ax_1_1,Rs62Certificates,Rs62Certificates.RS62Eq314Leaves,MathExtras.RS62.theta314_log_1237,IntervalArith.RatInterval.log_enclose_full,transcendental-enclosure,"Rat (exact, unbounded)",1758,175137,522,"100-term series, ~1734 halving steps, argument ~522 decimal digits",log_enclose_full,exact,3.1944104971121012,133.57757859307972,1
MathExtras.RS62.theta314_log_1249._native.native_decide.ax_1_1,Rs62Certificates,Rs62Certificates.RS62Eq314Leaves,MathExtras.RS62.theta314_log_1249,IntervalArith.RatInterval.log_enclose_full,transcendental-enclosure,"Rat (exact, unbounded)",1771,43682,526,"24-term series, ~1747 halving steps, argument ~526 decimal digits",log_enclose_full,exact,3.2269096204997045,134.09216044144836,1
MathExtras.RS62.theta314_log_1259._native.native_decide.ax_1_1,Rs62Certificates,Rs62Certificates.RS62Eq314Leaves,MathExtras.RS62.theta314_log_1259,IntervalArith.RatInterval.log_enclose_full,transcendental-enclosure,"Rat (exact, unbounded)",1781,43932,529,"24-term series, ~1757 halving steps, argument ~529 decimal digits",log_enclose_full,exact,3.251342439038934,134.47682345465768,1
MathExtras.RS62.theta314_log_1277._native.native_decide.ax_1_1,Rs62Certificates,Rs62Certificates.RS62Eq314Leaves,MathExtras.RS62.theta314_log_1277,IntervalArith.RatInterval.log_enclose_full,transcendental-enclosure,"Rat (exact, unbounded)",1791,178492,532,"100-term series, ~1767 halving steps, argument ~532 decimal digits",log_enclose_full,exact,3.275825177416977,134.8604052843042,1
MathExtras.RS62.theta314_log_1279._native.native_decide.ax_1_1,Rs62Certificates,Rs62Certificates.RS62Eq314Leaves,MathExtras.RS62.theta314_log_1279,IntervalArith.RatInterval.log_enclose_full,transcendental-enclosure,"Rat (exact, unbounded)",1801,44430,535,"24-term series, ~1777 halving steps, argument ~535 decimal digits",log_enclose_full,exact,3.3003576552605933,135.24291504064163,1
MathExtras.RS62.theta314_log_1283._native.native_decide.ax_1_1,Rs62Certificates,Rs62Certificates.RS62Eq314Leaves,MathExtras.RS62.theta314_log_1283,IntervalArith.RatInterval.log_enclose_full,transcendental-enclosure,"Rat (exact, unbounded)",1811,44679,538,"24-term series, ~1787 halving steps, argument ~538 decimal digits",log_enclose_full,exact,3.324939693857102,135.62436170657327,1
MathExtras.RS62.theta314_log_1289._native.native_decide.ax_1_1,Rs62Certificates,Rs62Certificates.RS62Eq314Leaves,MathExtras.RS62.theta314_log_1289,IntervalArith.RatInterval.log_enclose_full,transcendental-enclosure,"Rat (exact, unbounded)",1821,44928,541,"24-term series, ~1797 halving steps, argument ~541 decimal digits",log_enclose_full,exact,3.349571116129908,136.00475414013152,1
MathExtras.RS62.theta314_log_1291._native.native_decide.ax_1_1,Rs62Certificates,Rs62Certificates.RS62Eq314Leaves,MathExtras.RS62.theta314_log_1291,IntervalArith.RatInterval.log_enclose_full,transcendental-enclosure,"Rat (exact, unbounded)",1831,45177,544,"24-term series, ~1807 halving steps, argument ~544 decimal digits",log_enclose_full,exact,3.374251746614526,136.3841010768956,1
MathExtras.RS62.theta314_log_1297._native.native_decide.ax_1_1,Rs62Certificates,Rs62Certificates.RS62Eq314Leaves,MathExtras.RS62.theta314_log_1297,IntervalArith.RatInterval.log_enclose_full,transcendental-enclosure,"Rat (exact, unbounded)",1841,45426,547,"24-term series, ~1817 halving steps, argument ~547 decimal digits",log_enclose_full,exact,3.3989814114350843,136.7624111323494,1
MathExtras.RS62.theta314_log_1301._native.native_decide.ax_1_1,Rs62Certificates,Rs62Certificates.RS62Eq314Leaves,MathExtras.RS62.theta314_log_1301,IntervalArith.RatInterval.log_enclose_full,transcendental-enclosure,"Rat (exact, unbounded)",1851,367236,550,"200-term series, ~1827 halving steps, argument ~550 decimal digits",log_enclose_full,exact,3.4237599382812993,137.13969280418124,1
MathExtras.RS62.theta314_log_1303._native.native_decide.ax_1_1,Rs62Certificates,Rs62Certificates.RS62Eq314Leaves,MathExtras.RS62.theta314_log_1303,IntervalArith.RatInterval.log_enclose_full,transcendental-enclosure,"Rat (exact, unbounded)",1864,46008,554,"24-term series, ~1840 halving steps, argument ~554 decimal digits",log_enclose_full,exact,3.4568736867379073,137.64114979670745,1
MathExtras.RS62.theta314_log_1307._native.native_decide.ax_1_1,Rs62Certificates,Rs62Certificates.RS62Eq314Leaves,MathExtras.RS62.theta314_log_1307,IntervalArith.RatInterval.log_enclose_full,transcendental-enclosure,"Rat (exact, unbounded)",1874,46257,557,"24-term series, ~1850 halving steps, argument ~557 decimal digits",log_enclose_full,exact,3.481765563508,138.0160643083232,1
MathExtras.RS62.theta314_log_1319._native.native_decide.ax_1_1,Rs62Certificates,Rs62Certificates.RS62Eq314Leaves,MathExtras.RS62.theta314_log_1319,IntervalArith.RatInterval.log_enclose_full,transcendental-enclosure,"Rat (exact, unbounded)",1884,46506,560,"24-term series, ~1860 halving steps, argument ~560 decimal digits",log_enclose_full,exact,3.5067057389567298,138.3899779395979,1
MathExtras.RS62.theta314_log_1321._native.native_decide.ax_1_1,Rs62Certificates,Rs62Certificates.RS62Eq314Leaves,MathExtras.RS62.theta314_log_1321,IntervalArith.RatInterval.log_enclose_full,transcendental-enclosure,"Rat (exact, unbounded)",1894,46755,563,"24-term series, ~1870 halving steps, argument ~563 decimal digits",log_enclose_full,exact,3.531694047302892,138.7628987030073,1
MathExtras.RS62.theta314_log_1327._native.native_decide.ax_1_1,Rs62Certificates,Rs62Certificates.RS62Eq314Leaves,MathExtras.RS62.theta314_log_1327,IntervalArith.RatInterval.log_enclose_full,transcendental-enclosure,"Rat (exact, unbounded)",1904,47004,566,"24-term series, ~1880 halving steps, argument ~566 decimal digits",log_enclose_full,exact,3.5567303242155237,139.13483450458543,1
MathExtras.RS62.theta314_log_1361._native.native_decide.ax_1_1,Rs62Certificates,Rs62Certificates.RS62Eq314Leaves,MathExtras.RS62.theta314_log_1361,IntervalArith.RatInterval.log_enclose_full,transcendental-enclosure,"Rat (exact, unbounded)",1914,190906,569,"100-term series, ~1890 halving steps, argument ~569 decimal digits",log_enclose_full,exact,3.581814406793587,139.5057931458949,1
MathExtras.RS62.theta314_log_1367._native.native_decide.ax_1_1,Rs62Certificates,Rs62Certificates.RS62Eq314Leaves,MathExtras.RS62.theta314_log_1367,IntervalArith.RatInterval.log_enclose_full,transcendental-enclosure,"Rat (exact, unbounded)",1924,191912,572,"100-term series, ~1900 halving steps, argument ~572 decimal digits",log_enclose_full,exact,3.6069461335460478,139.87578232594987,1
MathExtras.RS62.theta314_log_1373._native.native_decide.ax_1_1,Rs62Certificates,Rs62Certificates.RS62Eq314Leaves,MathExtras.RS62.theta314_log_1373,IntervalArith.RatInterval.log_enclose_full,transcendental-enclosure,"Rat (exact, unbounded)",1934,383928,575,"200-term series, ~1910 halving steps, argument ~575 decimal digits",log_enclose_full,exact,3.6321253443723336,140.24480964309453,1
MathExtras.RS62.theta314_log_1381._native.native_decide.ax_1_1,Rs62Certificates,Rs62Certificates.RS62Eq314Leaves,MathExtras.RS62.theta314_log_1381,IntervalArith.RatInterval.log_enclose_full,transcendental-enclosure,"Rat (exact, unbounded)",1947,48084,579,"24-term series, ~1923 halving steps, argument ~579 decimal digits",log_enclose_full,exact,3.6657712154371365,140.7353627828611,1
MathExtras.RS62.theta314_log_1399._native.native_decide.ax_1_1,Rs62Certificates,Rs62Certificates.RS62Eq314Leaves,MathExtras.RS62.theta314_log_1399,IntervalArith.RatInterval.log_enclose_full,transcendental-enclosure,"Rat (exact, unbounded)",1957,48333,582,"24-term series, ~1933 halving steps, argument ~582 decimal digits",log_enclose_full,exact,3.6910606074900927,141.10217475048884,1
MathExtras.RS62.theta314_log_1409._native.native_decide.ax_1_1,Rs62Certificates,Rs62Certificates.RS62Eq314Leaves,MathExtras.RS62.theta314_log_1409,IntervalArith.RatInterval.log_enclose_full,transcendental-enclosure,"Rat (exact, unbounded)",1967,50526,585,"25-term series, ~1943 halving steps, argument ~585 decimal digits",log_enclose_full,exact,3.7163969597470645,141.46804947918773,1
MathExtras.RS62.theta314_log_1423._native.native_decide.ax_1_1,Rs62Certificates,Rs62Certificates.RS62Eq314Leaves,MathExtras.RS62.theta314_log_1423,IntervalArith.RatInterval.log_enclose_full,transcendental-enclosure,"Rat (exact, unbounded)",1977,99617,588,"50-term series, ~1953 halving steps, argument ~588 decimal digits",log_enclose_full,exact,3.741780117915868,141.8329941517178,1
MathExtras.RS62.theta314_log_1427._native.native_decide.ax_1_1,Rs62Certificates,Rs62Certificates.RS62Eq314Leaves,MathExtras.RS62.theta314_log_1427,IntervalArith.RatInterval.log_enclose_full,transcendental-enclosure,"Rat (exact, unbounded)",1987,49081,591,"24-term series, ~1963 halving steps, argument ~591 decimal digits",log_enclose_full,exact,3.767209928996611,142.1970158594719,1
MathExtras.RS62.theta314_log_1429._native.native_decide.ax_1_1,Rs62Certificates,Rs62Certificates.RS62Eq314Leaves,MathExtras.RS62.theta314_log_1429,IntervalArith.RatInterval.log_enclose_full,transcendental-enclosure,"Rat (exact, unbounded)",1997,49330,594,"24-term series, ~1973 halving steps, argument ~594 decimal digits",log_enclose_full,exact,3.792686241264363,142.5601216040949,1
MathExtras.RS62.theta314_log_1433._native.native_decide.ax_1_1,Rs62Certificates,Rs62Certificates.RS62Eq314Leaves,MathExtras.RS62.theta314_log_1433,IntervalArith.RatInterval.log_enclose_full,transcendental-enclosure,"Rat (exact, unbounded)",2007,249879,597,"125-term series, ~1983 halving steps, argument ~597 decimal digits",log_enclose_full,exact,3.8182089042521365,142.92231829906686,1
MathExtras.RS62.theta314_log_1439._native.native_decide.ax_1_1,Rs62Certificates,Rs62Certificates.RS62Eq314Leaves,MathExtras.RS62.theta314_log_1439,IntervalArith.RatInterval.log_enclose_full,transcendental-enclosure,"Rat (exact, unbounded)",2020,251554,601,"125-term series, ~1996 halving steps, argument ~601 decimal digits",log_enclose_full,exact,3.8523109649448823,143.40384493568953,1
MathExtras.RS62.theta314_log_1447._native.native_decide.ax_1_1,Rs62Certificates,Rs62Certificates.RS62Eq314Leaves,MathExtras.RS62.theta314_log_1447,IntervalArith.RatInterval.log_enclose_full,transcendental-enclosure,"Rat (exact, unbounded)",2030,403291,604,"200-term series, ~2006 halving steps, argument ~604 decimal digits",log_enclose_full,exact,3.8779412014050334,143.7639469168352,1
MathExtras.RS62.theta314_log_1451._native.native_decide.ax_1_1,Rs62Certificates,Rs62Certificates.RS62Eq314Leaves,MathExtras.RS62.theta314_log_1451,IntervalArith.RatInterval.log_enclose_full,transcendental-enclosure,"Rat (exact, unbounded)",2040,405295,607,"200-term series, ~2016 halving steps, argument ~607 decimal digits",log_enclose_full,exact,3.9036172959015203,144.12316227612203,1
MathExtras.RS62.theta314_log_1453._native.native_decide.ax_1_1,Rs62Certificates,Rs62Certificates.RS62Eq314Leaves,MathExtras.RS62.theta314_log_1453,IntervalArith.RatInterval.log_enclose_full,transcendental-enclosure,"Rat (exact, unbounded)",2050,50658,610,"24-term series, ~2026 halving steps, argument ~610 decimal digits",log_enclose_full,exact,3.929339103229273,144.48149756242051,1
MathExtras.RS62.theta314_log_1459._native.native_decide.ax_1_1,Rs62Certificates,Rs62Certificates.RS62Eq314Leaves,MathExtras.RS62.theta314_log_1459,IntervalArith.RatInterval.log_enclose_full,transcendental-enclosure,"Rat (exact, unbounded)",2060,50908,613,"24-term series, ~2036 halving steps, argument ~613 decimal digits",log_enclose_full,exact,3.9551064793555017,144.83895924429797,1
MathExtras.RS62.theta314_log_1471._native.native_decide.ax_1_1,Rs62Certificates,Rs62Certificates.RS62Eq314Leaves,MathExtras.RS62.theta314_log_1471,IntervalArith.RatInterval.log_enclose_full,transcendental-enclosure,"Rat (exact, unbounded)",2070,411304,616,"200-term series, ~2046 halving steps, argument ~616 decimal digits",log_enclose_full,exact,3.98091928140454,145.1955537113909,1
MathExtras.RS62.theta314_log_1481._native.native_decide.ax_1_1,Rs62Certificates,Rs62Certificates.RS62Eq314Leaves,MathExtras.RS62.theta314_log_1481,IntervalArith.RatInterval.log_enclose_full,transcendental-enclosure,"Rat (exact, unbounded)",2083,51489,620,"24-term series, ~2059 halving steps, argument ~620 decimal digits",log_enclose_full,exact,4.01540676854117,145.66967489877385,1
MathExtras.RS62.theta314_log_1483._native.native_decide.ax_1_1,Rs62Certificates,Rs62Certificates.RS62Eq314Leaves,MathExtras.RS62.theta314_log_1483,IntervalArith.RatInterval.log_enclose_full,transcendental-enclosure,"Rat (exact, unbounded)",2093,51738,623,"24-term series, ~2069 halving steps, argument ~623 decimal digits",log_enclose_full,exact,4.041325015171379,146.0242702799082,1
MathExtras.RS62.theta314_log_1487._native.native_decide.ax_1_1,Rs62Certificates,Rs62Certificates.RS62Eq314Leaves,MathExtras.RS62.theta314_log_1487,IntervalArith.RatInterval.log_enclose_full,transcendental-enclosure,"Rat (exact, unbounded)",2103,51987,626,"24-term series, ~2079 halving steps, argument ~626 decimal digits",log_enclose_full,exact,4.067288219639928,146.37801919200882,1
MathExtras.RS62.theta314_log_1489._native.native_decide.ax_1_1,Rs62Certificates,Rs62Certificates.RS62Eq314Leaves,MathExtras.RS62.theta314_log_1489,IntervalArith.RatInterval.log_enclose_full,transcendental-enclosure,"Rat (exact, unbounded)",2113,52236,629,"24-term series, ~2089 halving steps, argument ~629 decimal digits",log_enclose_full,exact,4.093296243916601,146.7309276978213,1
MathExtras.RS62.theta314_log_1493._native.native_decide.ax_1_1,Rs62Certificates,Rs62Certificates.RS62Eq314Leaves,MathExtras.RS62.theta314_log_1493,IntervalArith.RatInterval.log_enclose_full,transcendental-enclosure,"Rat (exact, unbounded)",2123,52486,632,"24-term series, ~2099 halving steps, argument ~632 decimal digits",log_enclose_full,exact,4.119348951051847,147.08300178799215,1
MathExtras.RS62.theta314_log_1499._native.native_decide.ax_1_1,Rs62Certificates,Rs62Certificates.RS62Eq314Leaves,MathExtras.RS62.theta314_log_1499,IntervalArith.RatInterval.log_enclose_full,transcendental-enclosure,"Rat (exact, unbounded)",2136,52818,636,"24-term series, ~2112 halving steps, argument ~636 decimal digits",log_enclose_full,exact,4.154155165861232,147.55114614992019,1
MathExtras.RS62.theta314_log_1511._native.native_decide.ax_1_1,Rs62Certificates,Rs62Certificates.RS62Eq314Leaves,MathExtras.RS62.theta314_log_1511,IntervalArith.RatInterval.log_enclose_full,transcendental-enclosure,"Rat (exact, unbounded)",2146,108257,639,"50-term series, ~2122 halving steps, argument ~639 decimal digits",log_enclose_full,exact,4.180311606387587,147.90129617111785,1
MathExtras.RS62.theta314_log_1523._native.native_decide.ax_1_1,Rs62Certificates,Rs62Certificates.RS62Eq314Leaves,MathExtras.RS62.theta314_log_1523,IntervalArith.RatInterval.log_enclose_full,transcendental-enclosure,"Rat (exact, unbounded)",2156,53316,642,"24-term series, ~2132 halving steps, argument ~642 decimal digits",log_enclose_full,exact,4.206512280906531,148.25063123993547,1
MathExtras.RS62.theta314_log_1531._native.native_decide.ax_1_1,Rs62Certificates,Rs62Certificates.RS62Eq314Leaves,MathExtras.RS62.theta314_log_1531,IntervalArith.RatInterval.log_enclose_full,transcendental-enclosure,"Rat (exact, unbounded)",2166,53565,645,"24-term series, ~2142 halving steps, argument ~645 decimal digits",log_enclose_full,exact,4.232757056997725,148.59915704807986,1
MathExtras.RS62.theta314_log_1543._native.native_decide.ax_1_1,Rs62Certificates,Rs62Certificates.RS62Eq314Leaves,MathExtras.RS62.theta314_log_1543,IntervalArith.RatInterval.log_enclose_full,transcendental-enclosure,"Rat (exact, unbounded)",2176,53814,648,"24-term series, ~2152 halving steps, argument ~648 decimal digits",log_enclose_full,exact,4.259045803251837,148.94687922124805,1
MathExtras.RS62.theta314_log_1549._native.native_decide.ax_1_1,Rs62Certificates,Rs62Certificates.RS62Eq314Leaves,MathExtras.RS62.theta314_log_1549,IntervalArith.RatInterval.log_enclose_full,transcendental-enclosure,"Rat (exact, unbounded)",2186,54063,651,"24-term series, ~2162 halving steps, argument ~651 decimal digits",log_enclose_full,exact,4.285378389258173,149.2938033201948,1
MathExtras.RS62.theta314_log_1553._native.native_decide.ax_1_1,Rs62Certificates,Rs62Certificates.RS62Eq314Leaves,MathExtras.RS62.theta314_log_1553,IntervalArith.RatInterval.log_enclose_full,transcendental-enclosure,"Rat (exact, unbounded)",2199,54396,655,"24-term series, ~2175 halving steps, argument ~655 decimal digits",log_enclose_full,exact,4.320556475547828,149.7551368283343,1
MathExtras.RS62.theta314_log_1559._native.native_decide.ax_1_1,Rs62Certificates,Rs62Certificates.RS62Eq314Leaves,MathExtras.RS62.theta314_log_1559,IntervalArith.RatInterval.log_enclose_full,transcendental-enclosure,"Rat (exact, unbounded)",2209,54645,658,"24-term series, ~2185 halving steps, argument ~658 decimal digits",log_enclose_full,exact,4.346990852675617,150.10022002224017,1
MathExtras.RS62.theta314_log_1567._native.native_decide.ax_1_1,Rs62Certificates,Rs62Certificates.RS62Eq314Leaves,MathExtras.RS62.theta314_log_1567,IntervalArith.RatInterval.log_enclose_full,transcendental-enclosure,"Rat (exact, unbounded)",2219,441350,661,"200-term series, ~2195 halving steps, argument ~661 decimal digits",log_enclose_full,exact,4.373468641911087,150.4445232220046,1
MathExtras.RS62.theta314_log_1571._native.native_decide.ax_1_1,Rs62Certificates,Rs62Certificates.RS62Eq314Leaves,MathExtras.RS62.theta314_log_1571,IntervalArith.RatInterval.log_enclose_full,transcendental-enclosure,"Rat (exact, unbounded)",2229,90435,664,"40-term series, ~2205 halving steps, argument ~664 decimal digits",log_enclose_full,exact,4.399989717033036,150.7880517187704,1
MathExtras.RS62.theta314_log_1579._native.native_decide.ax_1_1,Rs62Certificates,Rs62Certificates.RS62Eq314Leaves,MathExtras.RS62.theta314_log_1579,IntervalArith.RatInterval.log_enclose_full,transcendental-enclosure,"Rat (exact, unbounded)",2239,55392,667,"24-term series, ~2215 halving steps, argument ~667 decimal digits",log_enclose_full,exact,4.426553952756341,151.13081074407026,1
MathExtras.RS62.theta314_log_1583._native.native_decide.ax_1_1,Rs62Certificates,Rs62Certificates.RS62Eq314Leaves,MathExtras.RS62.theta314_log_1583,IntervalArith.RatInterval.log_enclose_full,transcendental-enclosure,"Rat (exact, unbounded)",2252,55724,671,"24-term series, ~2228 halving steps, argument ~671 decimal digits",log_enclose_full,exact,4.462039857622319,151.58663475459738,1
MathExtras.RS62.theta314_log_1597._native.native_decide.ax_1_1,Rs62Certificates,Rs62Certificates.RS62Eq314Leaves,MathExtras.RS62.theta314_log_1597,IntervalArith.RatInterval.log_enclose_full,transcendental-enclosure,"Rat (exact, unbounded)",2262,55974,674,"24-term series, ~2238 halving steps, argument ~674 decimal digits",log_enclose_full,exact,4.488704319370789,151.9276183634546,1
MathExtras.RS62.theta314_log_1601._native.native_decide.ax_1_1,Rs62Certificates,Rs62Certificates.RS62Eq314Leaves,MathExtras.RS62.theta314_log_1601,IntervalArith.RatInterval.log_enclose_full,transcendental-enclosure,"Rat (exact, unbounded)",2272,56223,677,"24-term series, ~2248 halving steps, argument ~677 decimal digits",log_enclose_full,exact,4.515411530722619,152.2678495206529,1
MathExtras.RS62.theta314_log_1607._native.native_decide.ax_1_1,Rs62Certificates,Rs62Certificates.RS62Eq314Leaves,MathExtras.RS62.theta314_log_1607,IntervalArith.RatInterval.log_enclose_full,transcendental-enclosure,"Rat (exact, unbounded)",2282,56472,680,"24-term series, ~2258 halving steps, argument ~680 decimal digits",log_enclose_full,exact,4.542161370322776,152.60733320999628,1
MathExtras.RS62.theta314_log_1609._native.native_decide.ax_1_1,Rs62Certificates,Rs62Certificates.RS62Eq314Leaves,MathExtras.RS62.theta314_log_1609,IntervalArith.RatInterval.log_enclose_full,transcendental-enclosure,"Rat (exact, unbounded)",2292,56721,683,"24-term series, ~2268 halving steps, argument ~683 decimal digits",log_enclose_full,exact,4.568953717695023,152.94607436046084,1
MathExtras.RS62.theta314_log_1613._native.native_decide.ax_1_1,Rs62Certificates,Rs62Certificates.RS62Eq314Leaves,MathExtras.RS62.theta314_log_1613,IntervalArith.RatInterval.log_enclose_full,transcendental-enclosure,"Rat (exact, unbounded)",2306,57053,687,"24-term series, ~2282 halving steps, argument ~687 decimal digits",log_enclose_full,exact,4.604742764120313,153.39658258550318,1
MathExtras.RS62.theta314_log_1619._native.native_decide.ax_1_1,Rs62Certificates,Rs62Certificates.RS62Eq314Leaves,MathExtras.RS62.theta314_log_1619,IntervalArith.RatInterval.log_enclose_full,transcendental-enclosure,"Rat (exact, unbounded)",2316,57302,690,"24-term series, ~2292 halving steps, argument ~690 decimal digits",log_enclose_full,exact,4.631633832635789,153.73361001177304,1
MathExtras.RS62.theta314_log_1621._native.native_decide.ax_1_1,Rs62Certificates,Rs62Certificates.RS62Eq314Leaves,MathExtras.RS62.theta314_log_1621,IntervalArith.RatInterval.log_enclose_full,transcendental-enclosure,"Rat (exact, unbounded)",2326,57551,693,"24-term series, ~2302 halving steps, argument ~693 decimal digits",log_enclose_full,exact,4.658567013553022,154.06991094378088,1
MathExtras.RS62.theta314_log_1627._native.native_decide.ax_1_1,Rs62Certificates,Rs62Certificates.RS62Eq314Leaves,MathExtras.RS62.theta314_log_1627,IntervalArith.RatInterval.log_enclose_full,transcendental-enclosure,"Rat (exact, unbounded)",2336,57801,696,"24-term series, ~2312 halving steps, argument ~696 decimal digits",log_enclose_full,exact,4.685542190088099,154.4054900824251,1
MathExtras.RS62.theta314_log_1637._native.native_decide.ax_1_1,Rs62Certificates,Rs62Certificates.RS62Eq314Leaves,MathExtras.RS62.theta314_log_1637,IntervalArith.RatInterval.log_enclose_full,transcendental-enclosure,"Rat (exact, unbounded)",2346,58050,699,"24-term series, ~2322 halving steps, argument ~699 decimal digits",log_enclose_full,exact,4.712559246283346,154.7403520780761,1
MathExtras.RS62.theta314_log_1657._native.native_decide.ax_1_1,Rs62Certificates,Rs62Certificates.RS62Eq314Leaves,MathExtras.RS62.theta314_log_1657,IntervalArith.RatInterval.log_enclose_full,transcendental-enclosure,"Rat (exact, unbounded)",2359,49041,703,"20-term series, ~2335 halving steps, argument ~703 decimal digits",log_enclose_full,exact,4.748646935122752,155.18572712775511,1
MathExtras.RS62.theta314_log_1663._native.native_decide.ax_1_1,Rs62Certificates,Rs62Certificates.RS62Eq314Leaves,MathExtras.RS62.theta314_log_1663,IntervalArith.RatInterval.log_enclose_full,transcendental-enclosure,"Rat (exact, unbounded)",2369,58631,706,"24-term series, ~2345 halving steps, argument ~706 decimal digits",log_enclose_full,exact,4.775761264149876,155.5189335963424,1
MathExtras.RS62.theta314_log_1667._native.native_decide.ax_1_1,Rs62Certificates,Rs62Certificates.RS62Eq314Leaves,MathExtras.RS62.theta314_log_1667,IntervalArith.RatInterval.log_enclose_full,transcendental-enclosure,"Rat (exact, unbounded)",2379,473400,709,"200-term series, ~2355 halving steps, argument ~709 decimal digits",log_enclose_full,exact,4.8029170921596505,155.851438067863,1
MathExtras.RS62.theta314_log_1669._native.native_decide.ax_1_1,Rs62Certificates,Rs62Certificates.RS62Eq314Leaves,MathExtras.RS62.theta314_log_1669,IntervalArith.RatInterval.log_enclose_full,transcendental-enclosure,"Rat (exact, unbounded)",2389,475403,712,"200-term series, ~2365 halving steps, argument ~712 decimal digits",log_enclose_full,exact,4.830114306668344,156.18324498230055,1
MathExtras.RS62.theta314_log_1693._native.native_decide.ax_1_1,Rs62Certificates,Rs62Certificates.RS62Eq314Leaves,MathExtras.RS62.theta314_log_1693,IntervalArith.RatInterval.log_enclose_full,transcendental-enclosure,"Rat (exact, unbounded)",2402,121302,716,"50-term series, ~2378 halving steps, argument ~716 decimal digits",log_enclose_full,exact,4.866441445384119,156.62457669953335,1
MathExtras.RS62.theta314_log_1697._native.native_decide.ax_1_1,Rs62Certificates,Rs62Certificates.RS62Eq314Leaves,MathExtras.RS62.theta314_log_1697,IntervalArith.RatInterval.log_enclose_full,transcendental-enclosure,"Rat (exact, unbounded)",2412,300944,719,"125-term series, ~2388 halving steps, argument ~719 decimal digits",log_enclose_full,exact,4.893734795307224,156.9547729866003,1
MathExtras.RS62.theta314_log_1699._native.native_decide.ax_1_1,Rs62Certificates,Rs62Certificates.RS62Eq314Leaves,MathExtras.RS62.theta314_log_1699,IntervalArith.RatInterval.log_enclose_full,transcendental-enclosure,"Rat (exact, unbounded)",2422,59960,722,"24-term series, ~2398 halving steps, argument ~722 decimal digits",log_enclose_full,exact,4.921069162353581,157.28428618341363,1
MathExtras.RS62.theta314_log_1709._native.native_decide.ax_1_1,Rs62Certificates,Rs62Certificates.RS62Eq314Leaves,MathExtras.RS62.theta314_log_1709,IntervalArith.RatInterval.log_enclose_full,transcendental-enclosure,"Rat (exact, unbounded)",2432,60209,725,"24-term series, ~2408 halving steps, argument ~725 decimal digits",log_enclose_full,exact,4.948444437348885,157.61312053266354,1
MathExtras.RS62.theta314_log_1721._native.native_decide.ax_1_1,Rs62Certificates,Rs62Certificates.RS62Eq314Leaves,MathExtras.RS62.theta314_log_1721,IntervalArith.RatInterval.log_enclose_full,transcendental-enclosure,"Rat (exact, unbounded)",2445,60541,729,"24-term series, ~2421 halving steps, argument ~729 decimal digits",log_enclose_full,exact,4.985008251287571,158.05051759771234,1
MathExtras.RS62.theta314_log_1723._native.native_decide.ax_1_1,Rs62Certificates,Rs62Certificates.RS62Eq314Leaves,MathExtras.RS62.theta314_log_1723,IntervalArith.RatInterval.log_enclose_full,transcendental-enclosure,"Rat (exact, unbounded)",2455,63222,732,"25-term series, ~2431 halving steps, argument ~732 decimal digits",log_enclose_full,exact,5.012478557747015,158.37778422391526,1
MathExtras.RS62.theta314_log_1733._native.native_decide.ax_1_1,Rs62Certificates,Rs62Certificates.RS62Eq314Leaves,MathExtras.RS62.theta314_log_1733,IntervalArith.RatInterval.log_enclose_full,transcendental-enclosure,"Rat (exact, unbounded)",2465,61039,735,"24-term series, ~2441 halving steps, argument ~735 decimal digits",log_enclose_full,exact,5.039989413551068,158.7043858321798,1
MathExtras.RS62.theta314_log_1741._native.native_decide.ax_1_1,Rs62Certificates,Rs62Certificates.RS62Eq314Leaves,MathExtras.RS62.theta314_log_1741,IntervalArith.RatInterval.log_enclose_full,transcendental-enclosure,"Rat (exact, unbounded)",2475,63740,738,"25-term series, ~2451 halving steps, argument ~738 decimal digits",log_enclose_full,exact,5.06754071268088,159.0303264799664,1
MathExtras.RS62.theta314_log_1747._native.native_decide.ax_1_1,Rs62Certificates,Rs62Certificates.RS62Eq314Leaves,MathExtras.RS62.theta314_log_1747,IntervalArith.RatInterval.log_enclose_full,transcendental-enclosure,"Rat (exact, unbounded)",2485,61538,741,"24-term series, ~2461 halving steps, argument ~741 decimal digits",log_enclose_full,exact,5.095132349824952,159.35561018360283,1
MathExtras.RS62.theta314_log_1753._native.native_decide.ax_1_1,Rs62Certificates,Rs62Certificates.RS62Eq314Leaves,MathExtras.RS62.theta314_log_1753,IntervalArith.RatInterval.log_enclose_full,transcendental-enclosure,"Rat (exact, unbounded)",2498,497437,745,"200-term series, ~2474 halving steps, argument ~745 decimal digits",log_enclose_full,exact,5.131983766662065,159.78830674127323,1
MathExtras.RS62.theta314_log_1759._native.native_decide.ax_1_1,Rs62Certificates,Rs62Certificates.RS62Eq314Leaves,MathExtras.RS62.theta314_log_1759,IntervalArith.RatInterval.log_enclose_full,transcendental-enclosure,"Rat (exact, unbounded)",2508,62119,748,"24-term series, ~2484 halving steps, argument ~748 decimal digits",log_enclose_full,exact,5.159669120211674,160.1120729675616,1
MathExtras.RS62.theta314_log_1777._native.native_decide.ax_1_1,Rs62Certificates,Rs62Certificates.RS62Eq314Leaves,MathExtras.RS62.theta314_log_1777,IntervalArith.RatInterval.log_enclose_full,transcendental-enclosure,"Rat (exact, unbounded)",2518,251969,751,"100-term series, ~2494 halving steps, argument ~751 decimal digits",log_enclose_full,exact,5.187394465749583,160.43519534778142,1
MathExtras.RS62.theta314_log_1783._native.native_decide.ax_1_1,Rs62Certificates,Rs62Certificates.RS62Eq314Leaves,MathExtras.RS62.theta314_log_1783,IntervalArith.RatInterval.log_enclose_full,transcendental-enclosure,"Rat (exact, unbounded)",2528,315593,754,"125-term series, ~2504 halving steps, argument ~754 decimal digits",log_enclose_full,exact,5.215159700943488,160.7576777266077,1
MathExtras.RS62.theta314_log_1787._native.native_decide.ax_1_1,Rs62Certificates,Rs62Certificates.RS62Eq314Leaves,MathExtras.RS62.theta314_log_1787,IntervalArith.RatInterval.log_enclose_full,transcendental-enclosure,"Rat (exact, unbounded)",2542,317268,758,"125-term series, ~2518 halving steps, argument ~758 decimal digits",log_enclose_full,exact,5.252241889491097,161.18666524773818,1
MathExtras.RS62.theta314_log_1789._native.native_decide.ax_1_1,Rs62Certificates,Rs62Certificates.RS62Eq314Leaves,MathExtras.RS62.theta314_log_1789,IntervalArith.RatInterval.log_enclose_full,transcendental-enclosure,"Rat (exact, unbounded)",2551,63199,761,"24-term series, ~2527 halving steps, argument ~761 decimal digits",log_enclose_full,exact,5.280099806330744,161.50766902818705,1
MathExtras.RS62.theta314_log_1801._native.native_decide.ax_1_1,Rs62Certificates,Rs62Certificates.RS62Eq314Leaves,MathExtras.RS62.theta314_log_1801,IntervalArith.RatInterval.log_enclose_full,transcendental-enclosure,"Rat (exact, unbounded)",2561,256331,764,"100-term series, ~2537 halving steps, argument ~764 decimal digits",log_enclose_full,exact,5.307997276505909,161.82804535025355,1
MathExtras.RS62.theta314_log_1811._native.native_decide.ax_1_1,Rs62Certificates,Rs62Certificates.RS62Eq314Leaves,MathExtras.RS62.theta314_log_1811,IntervalArith.RatInterval.log_enclose_full,transcendental-enclosure,"Rat (exact, unbounded)",2571,63697,767,"24-term series, ~2547 halving steps, argument ~767 decimal digits",log_enclose_full,exact,5.335934200530115,162.14779789706168,1
MathExtras.RS62.theta314_log_1823._native.native_decide.ax_1_1,Rs62Certificates,Rs62Certificates.RS62Eq314Leaves,MathExtras.RS62.theta314_log_1823,IntervalArith.RatInterval.log_enclose_full,transcendental-enclosure,"Rat (exact, unbounded)",2585,130620,771,"50-term series, ~2561 halving steps, argument ~771 decimal digits",log_enclose_full,exact,5.3732446344595255,162.57317060775392,1
MathExtras.RS62.theta314_log_1831._native.native_decide.ax_1_1,Rs62Certificates,Rs62Certificates.RS62Eq314Leaves,MathExtras.RS62.theta314_log_1831,IntervalArith.RatInterval.log_enclose_full,transcendental-enclosure,"Rat (exact, unbounded)",2595,64278,774,"24-term series, ~2571 halving steps, argument ~774 decimal digits",log_enclose_full,exact,5.401273234148177,162.89148180132003,1
MathExtras.RS62.theta314_log_1847._native.native_decide.ax_1_1,Rs62Certificates,Rs62Certificates.RS62Eq314Leaves,MathExtras.RS62.theta314_log_1847,IntervalArith.RatInterval.log_enclose_full,transcendental-enclosure,"Rat (exact, unbounded)",2605,64527,777,"24-term series, ~2581 halving steps, argument ~777 decimal digits",log_enclose_full,exact,5.429340960640036,163.20918123996373,1
MathExtras.RS62.theta314_log_1861._native.native_decide.ax_1_1,Rs62Certificates,Rs62Certificates.RS62Eq314Leaves,MathExtras.RS62.theta314_log_1861,IntervalArith.RatInterval.log_enclose_full,transcendental-enclosure,"Rat (exact, unbounded)",2618,64860,781,"24-term series, ~2594 halving steps, argument ~781 decimal digits",log_enclose_full,exact,5.466825292716972,163.63183497066302,1
MathExtras.RS62.theta314_log_1867._native.native_decide.ax_1_1,Rs62Certificates,Rs62Certificates.RS62Eq314Leaves,MathExtras.RS62.theta314_log_1867,IntervalArith.RatInterval.log_enclose_full,transcendental-enclosure,"Rat (exact, unbounded)",2628,523478,784,"200-term series, ~2604 halving steps, argument ~784 decimal digits",log_enclose_full,exact,5.494983939825925,163.94812065404733,1
MathExtras.RS62.theta314_log_1871._native.native_decide.ax_1_1,Rs62Certificates,Rs62Certificates.RS62Eq314Leaves,MathExtras.RS62.theta314_log_1871,IntervalArith.RatInterval.log_enclose_full,transcendental-enclosure,"Rat (exact, unbounded)",2638,65358,787,"24-term series, ~2614 halving steps, argument ~787 decimal digits",log_enclose_full,exact,5.52318139354979,164.26380622132126,1
MathExtras.RS62.theta314_log_1873._native.native_decide.ax_1_1,Rs62Certificates,Rs62Certificates.RS62Eq314Leaves,MathExtras.RS62.theta314_log_1873,IntervalArith.RatInterval.log_enclose_full,transcendental-enclosure,"Rat (exact, unbounded)",2648,330661,790,"125-term series, ~2624 halving steps, argument ~790 decimal digits",log_enclose_full,exact,5.551417559134852,164.57889509226007,1
MathExtras.RS62.theta314_log_1877._native.native_decide.ax_1_1,Rs62Certificates,Rs62Certificates.RS62Eq314Leaves,MathExtras.RS62.theta314_log_1877,IntervalArith.RatInterval.log_enclose_full,transcendental-enclosure,"Rat (exact, unbounded)",2661,65939,794,"24-term series, ~2637 halving steps, argument ~794 decimal digits",log_enclose_full,exact,5.5891258356988684,164.99809124267782,1
MathExtras.RS62.theta314_log_1879._native.native_decide.ax_1_1,Rs62Certificates,Rs62Certificates.RS62Eq314Leaves,MathExtras.RS62.theta314_log_1879,IntervalArith.RatInterval.log_enclose_full,transcendental-enclosure,"Rat (exact, unbounded)",2671,135025,797,"50-term series, ~2647 halving steps, argument ~797 decimal digits",log_enclose_full,exact,5.617451963779659,165.31180094016113,1
MathExtras.RS62.theta314_log_1889._native.native_decide.ax_1_1,Rs62Certificates,Rs62Certificates.RS62Eq314Leaves,MathExtras.RS62.theta314_log_1889,IntervalArith.RatInterval.log_enclose_full,transcendental-enclosure,"Rat (exact, unbounded)",2681,66438,800,"24-term series, ~2657 halving steps, argument ~800 decimal digits",log_enclose_full,exact,5.645816492108038,165.6249251090366,1
MathExtras.RS62.theta314_log_1901._native.native_decide.ax_1_1,Rs62Certificates,Rs62Certificates.RS62Eq314Leaves,MathExtras.RS62.theta314_log_1901,IntervalArith.RatInterval.log_enclose_full,transcendental-enclosure,"Rat (exact, unbounded)",2691,66687,803,"24-term series, ~2667 halving steps, argument ~803 decimal digits",log_enclose_full,exact,5.674219328447185,165.9374670317816,1
MathExtras.RS62.theta314_log_1907._native.native_decide.ax_1_1,Rs62Certificates,Rs62Certificates.RS62Eq314Leaves,MathExtras.RS62.theta314_log_1907,IntervalArith.RatInterval.log_enclose_full,transcendental-enclosure,"Rat (exact, unbounded)",2704,67019,807,"24-term series, ~2680 halving steps, argument ~807 decimal digits",log_enclose_full,exact,5.7121492087749415,166.35328949543805,1
MathExtras.RS62.theta314_log_1913._native.native_decide.ax_1_1,Rs62Certificates,Rs62Certificates.RS62Eq314Leaves,MathExtras.RS62.theta314_log_1913,IntervalArith.RatInterval.log_enclose_full,transcendental-enclosure,"Rat (exact, unbounded)",2714,339033,810,"125-term series, ~2690 halving steps, argument ~810 decimal digits",log_enclose_full,exact,5.740641074940255,166.66448543800794,1
MathExtras.RS62.theta314_log_1931._native.native_decide.ax_1_1,Rs62Certificates,Rs62Certificates.RS62Eq314Leaves,MathExtras.RS62.theta314_log_1931,IntervalArith.RatInterval.log_enclose_full,transcendental-enclosure,"Rat (exact, unbounded)",2724,67517,813,"24-term series, ~2700 halving steps, argument ~813 decimal digits",log_enclose_full,exact,5.769170945713712,166.97510985736878,1
MathExtras.RS62.theta314_log_1933._native.native_decide.ax_1_1,Rs62Certificates,Rs62Certificates.RS62Eq314Leaves,MathExtras.RS62.theta314_log_1933,IntervalArith.RatInterval.log_enclose_full,transcendental-enclosure,"Rat (exact, unbounded)",2737,67849,817,"24-term series, ~2713 halving steps, argument ~817 decimal digits",log_enclose_full,exact,5.807269736514624,167.38839215882118,1
MathExtras.RS62.theta314_log_1949._native.native_decide.ax_1_1,Rs62Certificates,Rs62Certificates.RS62Eq314Leaves,MathExtras.RS62.theta314_log_1949,IntervalArith.RatInterval.log_enclose_full,transcendental-enclosure,"Rat (exact, unbounded)",2747,68098,820,"24-term series, ~2723 halving steps, argument ~820 decimal digits",log_enclose_full,exact,5.835887936320407,167.69769523491672,1
MathExtras.RS62.theta314_log_1951._native.native_decide.ax_1_1,Rs62Certificates,Rs62Certificates.RS62Eq314Leaves,MathExtras.RS62.theta314_log_1951,IntervalArith.RatInterval.log_enclose_full,transcendental-enclosure,"Rat (exact, unbounded)",2757,68348,823,"24-term series, ~2733 halving steps, argument ~823 decimal digits",log_enclose_full,exact,5.864543843413568,168.00643718527695,1
MathExtras.RS62.theta314_log_1973._native.native_decide.ax_1_1,Rs62Certificates,Rs62Certificates.RS62Eq314Leaves,MathExtras.RS62.theta314_log_1973,IntervalArith.RatInterval.log_enclose_full,transcendental-enclosure,"Rat (exact, unbounded)",2767,551521,826,"200-term series, ~2743 halving steps, argument ~826 decimal digits",log_enclose_full,exact,5.893237369754629,168.31462106774455,1
MathExtras.RS62.theta314_log_1979._native.native_decide.ax_1_1,Rs62Certificates,Rs62Certificates.RS62Eq314Leaves,MathExtras.RS62.theta314_log_1979,IntervalArith.RatInterval.log_enclose_full,transcendental-enclosure,"Rat (exact, unbounded)",2781,554192,830,"200-term series, ~2757 halving steps, argument ~830 decimal digits",log_enclose_full,exact,5.931553772521094,168.7246700387632,1
MathExtras.RS62.theta314_log_1987._native.native_decide.ax_1_1,Rs62Certificates,Rs62Certificates.RS62Eq314Leaves,MathExtras.RS62.theta314_log_1987,IntervalArith.RatInterval.log_enclose_full,transcendental-enclosure,"Rat (exact, unbounded)",2791,71945,833,"25-term series, ~2767 halving steps, argument ~833 decimal digits",log_enclose_full,exact,5.960334737669947,169.03156349948583,1
MathExtras.RS62.theta314_log_1993._native.native_decide.ax_1_1,Rs62Certificates,Rs62Certificates.RS62Eq314Leaves,MathExtras.RS62.theta314_log_1993,IntervalArith.RatInterval.log_enclose_full,transcendental-enclosure,"Rat (exact, unbounded)",2801,69427,836,"24-term series, ~2777 halving steps, argument ~836 decimal digits",log_enclose_full,exact,5.989153032363771,169.3379088870312,1
MathExtras.RS62.theta314_log_1997._native.native_decide.ax_1_1,Rs62Certificates,Rs62Certificates.RS62Eq314Leaves,MathExtras.RS62.theta314_log_1997,IntervalArith.RatInterval.log_enclose_full,transcendental-enclosure,"Rat (exact, unbounded)",2814,69759,840,"24-term series, ~2790 halving steps, argument ~840 decimal digits",log_enclose_full,exact,6.027635345243985,169.7455219237167,1
MathExtras.RS62.theta314_log_1999._native.native_decide.ax_1_1,Rs62Certificates,Rs62Certificates.RS62Eq314Leaves,MathExtras.RS62.theta314_log_1999,IntervalArith.RatInterval.log_enclose_full,transcendental-enclosure,"Rat (exact, unbounded)",2824,70009,843,"24-term series, ~2800 halving steps, argument ~843 decimal digits",log_enclose_full,exact,6.056540409407214,170.0505998631119,1
MathExtras.RS62.theta314_log_563._native.native_decide.ax_1_1,Rs62Certificates,Rs62Certificates.RS62Eq314Leaves,MathExtras.RS62.theta314_log_563,IntervalArith.RatInterval.log_enclose_full,transcendental-enclosure,"Rat (exact, unbounded)",781,18934,228,"24-term series, ~757 halving steps, argument ~228 decimal digits",log_enclose_full,exact,1.0896462929670372,88.01198755958943,1
MathExtras.RS62.theta314_log_569._native.native_decide.ax_1_1,Rs62Certificates,Rs62Certificates.RS62Eq314Leaves,MathExtras.RS62.theta314_log_569,IntervalArith.RatInterval.log_enclose_full,transcendental-enclosure,"Rat (exact, unbounded)",791,19183,231,"24-term series, ~767 halving steps, argument ~231 decimal digits",log_enclose_full,exact,1.1077550535368226,88.59338350214207,1
MathExtras.RS62.theta314_log_571._native.native_decide.ax_1_1,Rs62Certificates,Rs62Certificates.RS62Eq314Leaves,MathExtras.RS62.theta314_log_571,IntervalArith.RatInterval.log_enclose_full,transcendental-enclosure,"Rat (exact, unbounded)",801,156242,234,"200-term series, ~777 halving steps, argument ~234 decimal digits",log_enclose_full,exact,1.1259486563662529,89.17104385542272,1
MathExtras.RS62.theta314_log_577._native.native_decide.ax_1_1,Rs62Certificates,Rs62Certificates.RS62Eq314Leaves,MathExtras.RS62.theta314_log_577,IntervalArith.RatInterval.log_enclose_full,transcendental-enclosure,"Rat (exact, unbounded)",811,19682,237,"24-term series, ~787 halving steps, argument ~237 decimal digits",log_enclose_full,exact,1.1442264035638927,89.74504005784553,1
MathExtras.RS62.theta314_log_587._native.native_decide.ax_1_1,Rs62Certificates,Rs62Certificates.RS62Eq314Leaves,MathExtras.RS62.theta314_log_587,IntervalArith.RatInterval.log_enclose_full,transcendental-enclosure,"Rat (exact, unbounded)",817,19848,239,"24-term series, ~793 halving steps, argument ~239 decimal digits",log_enclose_full,exact,1.1564579771846495,90.12570280992907,1
MathExtras.RS62.theta314_log_593._native.native_decide.ax_1_1,Rs62Certificates,Rs62Certificates.RS62Eq314Leaves,MathExtras.RS62.theta314_log_593,IntervalArith.RatInterval.log_enclose_full,transcendental-enclosure,"Rat (exact, unbounded)",827,20097,242,"24-term series, ~803 halving steps, argument ~242 decimal digits",log_enclose_full,exact,1.1748744533531987,90.69374477844883,1
MathExtras.RS62.theta314_log_599._native.native_decide.ax_1_1,Rs62Certificates,Rs62Certificates.RS62Eq314Leaves,MathExtras.RS62.theta314_log_599,IntervalArith.RatInterval.log_enclose_full,transcendental-enclosure,"Rat (exact, unbounded)",837,20346,245,"24-term series, ~813 halving steps, argument ~245 decimal digits",log_enclose_full,exact,1.1933732825525278,91.25830236010646,1
MathExtras.RS62.theta314_log_601._native.native_decide.ax_1_1,Rs62Certificates,Rs62Certificates.RS62Eq314Leaves,MathExtras.RS62.theta314_log_601,IntervalArith.RatInterval.log_enclose_full,transcendental-enclosure,"Rat (exact, unbounded)",847,20595,248,"24-term series, ~823 halving steps, argument ~248 decimal digits",log_enclose_full,exact,1.2119538178517795,91.8194392064104,1
MathExtras.RS62.theta314_log_607._native.native_decide.ax_1_1,Rs62Certificates,Rs62Certificates.RS62Eq314Leaves,MathExtras.RS62.theta314_log_607,IntervalArith.RatInterval.log_enclose_full,transcendental-enclosure,"Rat (exact, unbounded)",857,20844,251,"24-term series, ~833 halving steps, argument ~251 decimal digits",log_enclose_full,exact,1.2306154251840997,92.37721705238678,1
MathExtras.RS62.theta314_log_613._native.native_decide.ax_1_1,Rs62Certificates,Rs62Certificates.RS62Eq314Leaves,MathExtras.RS62.theta314_log_613,IntervalArith.RatInterval.log_enclose_full,transcendental-enclosure,"Rat (exact, unbounded)",864,21011,253,"24-term series, ~840 halving steps, argument ~253 decimal digits",log_enclose_full,exact,1.243101229288824,92.74723249114028,1
MathExtras.RS62.theta314_log_617._native.native_decide.ax_1_1,Rs62Certificates,Rs62Certificates.RS62Eq314Leaves,MathExtras.RS62.theta314_log_617,IntervalArith.RatInterval.log_enclose_full,transcendental-enclosure,"Rat (exact, unbounded)",874,21260,256,"24-term series, ~850 halving steps, argument ~256 decimal digits",log_enclose_full,exact,1.2618965812963387,93.29954423817516,1
MathExtras.RS62.theta314_log_619._native.native_decide.ax_1_1,Rs62Certificates,Rs62Certificates.RS62Eq314Leaves,MathExtras.RS62.theta314_log_619,IntervalArith.RatInterval.log_enclose_full,transcendental-enclosure,"Rat (exact, unbounded)",884,21509,259,"24-term series, ~860 halving steps, argument ~259 decimal digits",log_enclose_full,exact,1.280771374343815,93.84865283617127,1
MathExtras.RS62.theta314_log_631._native.native_decide.ax_1_1,Rs62Certificates,Rs62Certificates.RS62Eq314Leaves,MathExtras.RS62.theta314_log_631,IntervalArith.RatInterval.log_enclose_full,transcendental-enclosure,"Rat (exact, unbounded)",894,109662,262,"125-term series, ~870 halving steps, argument ~262 decimal digits",log_enclose_full,exact,1.2997250181820013,94.39461364496155,1
MathExtras.RS62.theta314_log_641._native.native_decide.ax_1_1,Rs62Certificates,Rs62Certificates.RS62Eq314Leaves,MathExtras.RS62.theta314_log_641,IntervalArith.RatInterval.log_enclose_full,transcendental-enclosure,"Rat (exact, unbounded)",904,22007,265,"24-term series, ~880 halving steps, argument ~265 decimal digits",log_enclose_full,exact,1.3187569336700071,94.93748044637601,1
MathExtras.RS62.theta314_log_643._native.native_decide.ax_1_1,Rs62Certificates,Rs62Certificates.RS62Eq314Leaves,MathExtras.RS62.theta314_log_643,IntervalArith.RatInterval.log_enclose_full,transcendental-enclosure,"Rat (exact, unbounded)",910,22173,267,"24-term series, ~886 halving steps, argument ~267 decimal digits",log_enclose_full,exact,1.3314880804706593,95.29769862532943,1
MathExtras.RS62.theta314_log_647._native.native_decide.ax_1_1,Rs62Certificates,Rs62Certificates.RS62Eq314Leaves,MathExtras.RS62.theta314_log_647,IntervalArith.RatInterval.log_enclose_full,transcendental-enclosure,"Rat (exact, unbounded)",920,22422,270,"24-term series, ~896 halving steps, argument ~270 decimal digits",log_enclose_full,exact,1.3506491908509415,95.83552417307749,1
MathExtras.RS62.theta314_log_653._native.native_decide.ax_1_1,Rs62Certificates,Rs62Certificates.RS62Eq314Leaves,MathExtras.RS62.theta314_log_653,IntervalArith.RatInterval.log_enclose_full,transcendental-enclosure,"Rat (exact, unbounded)",930,22671,273,"24-term series, ~906 halving steps, argument ~273 decimal digits",log_enclose_full,exact,1.3698870803253616,96.37039188085495,1
MathExtras.RS62.theta314_log_659._native.native_decide.ax_1_1,Rs62Certificates,Rs62Certificates.RS62Eq314Leaves,MathExtras.RS62.theta314_log_659,IntervalArith.RatInterval.log_enclose_full,transcendental-enclosure,"Rat (exact, unbounded)",940,22921,276,"24-term series, ~916 halving steps, argument ~276 decimal digits",log_enclose_full,exact,1.3892012077382565,96.90235025421077,1
MathExtras.RS62.theta314_log_661._native.native_decide.ax_1_1,Rs62Certificates,Rs62Certificates.RS62Eq314Leaves,MathExtras.RS62.theta314_log_661,IntervalArith.RatInterval.log_enclose_full,transcendental-enclosure,"Rat (exact, unbounded)",950,23170,279,"24-term series, ~926 halving steps, argument ~279 decimal digits",log_enclose_full,exact,1.4085910416007128,97.43144648602089,1
MathExtras.RS62.theta314_log_673._native.native_decide.ax_1_1,Rs62Certificates,Rs62Certificates.RS62Eq314Leaves,MathExtras.RS62.theta314_log_673,IntervalArith.RatInterval.log_enclose_full,transcendental-enclosure,"Rat (exact, unbounded)",957,23336,281,"24-term series, ~933 halving steps, argument ~281 decimal digits",log_enclose_full,exact,1.4215593984434676,97.78260996035256,1
MathExtras.RS62.theta314_log_677._native.native_decide.ax_1_1,Rs62Certificates,Rs62Certificates.RS62Eq314Leaves,MathExtras.RS62.theta314_log_677,IntervalArith.RatInterval.log_enclose_full,transcendental-enclosure,"Rat (exact, unbounded)",967,23585,284,"24-term series, ~943 halving steps, argument ~284 decimal digits",log_enclose_full,exact,1.4410742540239534,98.30703741900001,1
MathExtras.RS62.theta314_log_683._native.native_decide.ax_1_1,Rs62Certificates,Rs62Certificates.RS62Eq314Leaves,MathExtras.RS62.theta314_log_683,IntervalArith.RatInterval.log_enclose_full,transcendental-enclosure,"Rat (exact, unbounded)",977,120126,287,"125-term series, ~953 halving steps, argument ~287 decimal digits",log_enclose_full,exact,1.4606634439523123,98.82872253320124,1
MathExtras.RS62.theta314_log_691._native.native_decide.ax_1_1,Rs62Certificates,Rs62Certificates.RS62Eq314Leaves,MathExtras.RS62.theta314_log_691,IntervalArith.RatInterval.log_enclose_full,transcendental-enclosure,"Rat (exact, unbounded)",987,24083,290,"24-term series, ~963 halving steps, argument ~290 decimal digits",log_enclose_full,exact,1.4803264699113092,99.34770808638189,1
MathExtras.RS62.theta314_log_701._native.native_decide.ax_1_1,Rs62Certificates,Rs62Certificates.RS62Eq314Leaves,MathExtras.RS62.theta314_log_701,IntervalArith.RatInterval.log_enclose_full,transcendental-enclosure,"Rat (exact, unbounded)",997,24332,293,"24-term series, ~973 halving steps, argument ~293 decimal digits",log_enclose_full,exact,1.5000628420546511,99.8640357599054,1
MathExtras.RS62.theta314_log_709._native.native_decide.ax_1_1,Rs62Certificates,Rs62Certificates.RS62Eq314Leaves,MathExtras.RS62.theta314_log_709,IntervalArith.RatInterval.log_enclose_full,transcendental-enclosure,"Rat (exact, unbounded)",1007,24582,296,"24-term series, ~983 halving steps, argument ~296 decimal digits",log_enclose_full,exact,1.5198720787775606,100.37774617242776,1
MathExtras.RS62.theta314_log_719._native.native_decide.ax_1_1,Rs62Certificates,Rs62Certificates.RS62Eq314Leaves,MathExtras.RS62.theta314_log_719,IntervalArith.RatInterval.log_enclose_full,transcendental-enclosure,"Rat (exact, unbounded)",1013,25738,298,"25-term series, ~989 halving steps, argument ~298 decimal digits",log_enclose_full,exact,1.5331184827224842,100.71878534033229,1
MathExtras.RS62.theta314_log_727._native.native_decide.ax_1_1,Rs62Certificates,Rs62Certificates.RS62Eq314Leaves,MathExtras.RS62.theta314_log_727,IntervalArith.RatInterval.log_enclose_full,transcendental-enclosure,"Rat (exact, unbounded)",1023,24997,301,"24-term series, ~999 halving steps, argument ~301 decimal digits",log_enclose_full,exact,1.5530481118661814,101.2282211468177,1
MathExtras.RS62.theta314_log_733._native.native_decide.ax_1_1,Rs62Certificates,Rs62Certificates.RS62Eq314Leaves,MathExtras.RS62.theta314_log_733,IntervalArith.RatInterval.log_enclose_full,transcendental-enclosure,"Rat (exact, unbounded)",1033,25246,304,"24-term series, ~1009 halving steps, argument ~304 decimal digits",log_enclose_full,exact,1.5730493599470958,101.73514309362352,1
MathExtras.RS62.theta314_log_739._native.native_decide.ax_1_1,Rs62Certificates,Rs62Certificates.RS62Eq314Leaves,MathExtras.RS62.theta314_log_739,IntervalArith.RatInterval.log_enclose_full,transcendental-enclosure,"Rat (exact, unbounded)",1043,128497,307,"125-term series, ~1019 halving steps, argument ~307 decimal digits",log_enclose_full,exact,1.5931217737493581,102.23958821163697,1
MathExtras.RS62.theta314_log_743._native.native_decide.ax_1_1,Rs62Certificates,Rs62Certificates.RS62Eq314Leaves,MathExtras.RS62.theta314_log_743,IntervalArith.RatInterval.log_enclose_full,transcendental-enclosure,"Rat (exact, unbounded)",1053,25744,310,"24-term series, ~1029 halving steps, argument ~310 decimal digits",log_enclose_full,exact,1.6132649073339407,102.74159263056103,1
MathExtras.RS62.theta314_log_751._native.native_decide.ax_1_1,Rs62Certificates,Rs62Certificates.RS62Eq314Leaves,MathExtras.RS62.theta314_log_751,IntervalArith.RatInterval.log_enclose_full,transcendental-enclosure,"Rat (exact, unbounded)",1063,131009,313,"125-term series, ~1039 halving steps, argument ~313 decimal digits",log_enclose_full,exact,1.6334783218524043,103.24119160933475,1
MathExtras.RS62.theta314_log_757._native.native_decide.ax_1_1,Rs62Certificates,Rs62Certificates.RS62Eq314Leaves,MathExtras.RS62.theta314_log_757,IntervalArith.RatInterval.log_enclose_full,transcendental-enclosure,"Rat (exact, unbounded)",1073,26243,316,"24-term series, ~1049 halving steps, argument ~316 decimal digits",log_enclose_full,exact,1.6537615853671492,103.73841956524588,1
MathExtras.RS62.theta314_log_761._native.native_decide.ax_1_1,Rs62Certificates,Rs62Certificates.RS62Eq314Leaves,MathExtras.RS62.theta314_log_761,IntervalArith.RatInterval.log_enclose_full,transcendental-enclosure,"Rat (exact, unbounded)",1083,133520,319,"125-term series, ~1059 halving steps, argument ~319 decimal digits",log_enclose_full,exact,1.6741142726778964,104.23331010180341,1
MathExtras.RS62.theta314_log_769._native.native_decide.ax_1_1,Rs62Certificates,Rs62Certificates.RS62Eq314Leaves,MathExtras.RS62.theta314_log_769,IntervalArith.RatInterval.log_enclose_full,transcendental-enclosure,"Rat (exact, unbounded)",1090,26658,321,"24-term series, ~1066 halving steps, argument ~321 decimal digits",log_enclose_full,exact,1.6877210926640536,104.5619547971215,1
MathExtras.RS62.theta314_log_773._native.native_decide.ax_1_1,Rs62Certificates,Rs62Certificates.RS62Eq314Leaves,MathExtras.RS62.theta314_log_773,IntervalArith.RatInterval.log_enclose_full,transcendental-enclosure,"Rat (exact, unbounded)",1100,26907,324,"24-term series, ~1076 halving steps, argument ~324 decimal digits",log_enclose_full,exact,1.7081885591822756,105.05302218307932,1
MathExtras.RS62.theta314_log_787._native.native_decide.ax_1_1,Rs62Certificates,Rs62Certificates.RS62Eq314Leaves,MathExtras.RS62.theta314_log_787,IntervalArith.RatInterval.log_enclose_full,transcendental-enclosure,"Rat (exact, unbounded)",1110,27156,327,"24-term series, ~1086 halving steps, argument ~327 decimal digits",log_enclose_full,exact,1.7287243473106564,105.541837980082,1
MathExtras.RS62.theta314_log_797._native.native_decide.ax_1_1,Rs62Certificates,Rs62Certificates.RS62Eq314Leaves,MathExtras.RS62.theta314_log_797,IntervalArith.RatInterval.log_enclose_full,transcendental-enclosure,"Rat (exact, unbounded)",1120,27405,330,"24-term series, ~1096 halving steps, argument ~330 decimal digits",log_enclose_full,exact,1.749328055161278,106.02843302787993,1
MathExtras.RS62.theta314_log_809._native.native_decide.ax_1_1,Rs62Certificates,Rs62Certificates.RS62Eq314Leaves,MathExtras.RS62.theta314_log_809,IntervalArith.RatInterval.log_enclose_full,transcendental-enclosure,"Rat (exact, unbounded)",1130,27654,333,"24-term series, ~1106 halving steps, argument ~333 decimal digits",log_enclose_full,exact,1.7699992868484284,106.51283746790183,1
MathExtras.RS62.theta314_log_811._native.native_decide.ax_1_1,Rs62Certificates,Rs62Certificates.RS62Eq314Leaves,MathExtras.RS62.theta314_log_811,IntervalArith.RatInterval.log_enclose_full,transcendental-enclosure,"Rat (exact, unbounded)",1140,27903,336,"24-term series, ~1116 halving steps, argument ~336 decimal digits",log_enclose_full,exact,1.7907376523456024,106.99508076520256,1
MathExtras.RS62.theta314_log_821._native.native_decide.ax_1_1,Rs62Certificates,Rs62Certificates.RS62Eq314Leaves,MathExtras.RS62.theta314_log_821,IntervalArith.RatInterval.log_enclose_full,transcendental-enclosure,"Rat (exact, unbounded)",1150,28153,339,"24-term series, ~1126 halving steps, argument ~339 decimal digits",log_enclose_full,exact,1.811542767347157,107.475191729532,1
MathExtras.RS62.theta314_log_823._native.native_decide.ax_1_1,Rs62Certificates,Rs62Certificates.RS62Eq314Leaves,MathExtras.RS62.theta314_log_823,IntervalArith.RatInterval.log_enclose_full,transcendental-enclosure,"Rat (exact, unbounded)",1160,114745,342,"100-term series, ~1136 halving steps, argument ~342 decimal digits",log_enclose_full,exact,1.8324142531344274,107.95319853556713,1
MathExtras.RS62.theta314_log_827._native.native_decide.ax_1_1,Rs62Certificates,Rs62Certificates.RS62Eq314Leaves,MathExtras.RS62.theta314_log_827,IntervalArith.RatInterval.log_enclose_full,transcendental-enclosure,"Rat (exact, unbounded)",1170,28651,345,"24-term series, ~1146 halving steps, argument ~345 decimal digits",log_enclose_full,exact,1.8533517364461318,108.42912874234797,1
MathExtras.RS62.theta314_log_829._native.native_decide.ax_1_1,Rs62Certificates,Rs62Certificates.RS62Eq314Leaves,MathExtras.RS62.theta314_log_829,IntervalArith.RatInterval.log_enclose_full,transcendental-enclosure,"Rat (exact, unbounded)",1180,28900,348,"24-term series, ~1156 halving steps, argument ~348 decimal digits",log_enclose_full,exact,1.8743548493528774,108.90300931195516,1
MathExtras.RS62.theta314_log_839._native.native_decide.ax_1_1,Rs62Certificates,Rs62Certificates.RS62Eq314Leaves,MathExtras.RS62.theta314_log_839,IntervalArith.RatInterval.log_enclose_full,transcendental-enclosure,"Rat (exact, unbounded)",1189,30315,351,"25-term series, ~1165 halving steps, argument ~351 decimal digits",log_enclose_full,exact,1.895423229135618,109.37486662746511,1
MathExtras.RS62.theta314_log_853._native.native_decide.ax_1_1,Rs62Certificates,Rs62Certificates.RS62Eq314Leaves,MathExtras.RS62.theta314_log_853,IntervalArith.RatInterval.log_enclose_full,transcendental-enclosure,"Rat (exact, unbounded)",1199,29398,354,"24-term series, ~1175 halving steps, argument ~354 decimal digits",log_enclose_full,exact,1.9165565181678927,109.84472651021642,1
MathExtras.RS62.theta314_log_857._native.native_decide.ax_1_1,Rs62Certificates,Rs62Certificates.RS62Eq314Leaves,MathExtras.RS62.theta314_log_857,IntervalArith.RatInterval.log_enclose_full,transcendental-enclosure,"Rat (exact, unbounded)",1206,29564,356,"24-term series, ~1182 halving steps, argument ~356 decimal digits",log_enclose_full,exact,1.9306812638682573,110.15686925121095,1
MathExtras.RS62.theta314_log_859._native.native_decide.ax_1_1,Rs62Certificates,Rs62Certificates.RS62Eq314Leaves,MathExtras.RS62.theta314_log_859,IntervalArith.RatInterval.log_enclose_full,transcendental-enclosure,"Rat (exact, unbounded)",1216,29814,359,"24-term series, ~1192 halving steps, argument ~359 decimal digits",log_enclose_full,exact,1.9519219537292043,110.62345598677662,1
MathExtras.RS62.theta314_log_863._native.native_decide.ax_1_1,Rs62Certificates,Rs62Certificates.RS62Eq314Leaves,MathExtras.RS62.theta314_log_863,IntervalArith.RatInterval.log_enclose_full,transcendental-enclosure,"Rat (exact, unbounded)",1226,30063,362,"24-term series, ~1202 halving steps, argument ~362 decimal digits",log_enclose_full,exact,1.9732266232093618,111.08811152455831,1
MathExtras.RS62.theta314_log_877._native.native_decide.ax_1_1,Rs62Certificates,Rs62Certificates.RS62Eq314Leaves,MathExtras.RS62.theta314_log_877,IntervalArith.RatInterval.log_enclose_full,transcendental-enclosure,"Rat (exact, unbounded)",1236,10912,365,"8-term series, ~1212 halving steps, argument ~365 decimal digits",log_enclose_full,exact,1.994594932404891,111.55085976362388,1
MathExtras.RS62.theta314_log_881._native.native_decide.ax_1_1,Rs62Certificates,Rs62Certificates.RS62Eq314Leaves,MathExtras.RS62.theta314_log_881,IntervalArith.RatInterval.log_enclose_full,transcendental-enclosure,"Rat (exact, unbounded)",1246,154029,368,"125-term series, ~1222 halving steps, argument ~368 decimal digits",log_enclose_full,exact,2.016026546000883,112.01172411367081,1
MathExtras.RS62.theta314_log_883._native.native_decide.ax_1_1,Rs62Certificates,Rs62Certificates.RS62Eq314Leaves,MathExtras.RS62.theta314_log_883,IntervalArith.RatInterval.log_enclose_full,transcendental-enclosure,"Rat (exact, unbounded)",1256,30810,371,"24-term series, ~1232 halving steps, argument ~371 decimal digits",log_enclose_full,exact,2.0375211331724445,112.47072750894708,1
MathExtras.RS62.theta314_log_887._native.native_decide.ax_1_1,Rs62Certificates,Rs62Certificates.RS62Eq314Leaves,MathExtras.RS62.theta314_log_887,IntervalArith.RatInterval.log_enclose_full,transcendental-enclosure,"Rat (exact, unbounded)",1266,31059,374,"24-term series, ~1242 halving steps, argument ~374 decimal digits",log_enclose_full,exact,2.059078367488698,112.92789242166657,1
MathExtras.RS62.theta314_log_907._native.native_decide.ax_1_1,Rs62Certificates,Rs62Certificates.RS62Eq314Leaves,MathExtras.RS62.theta314_log_907,IntervalArith.RatInterval.log_enclose_full,transcendental-enclosure,"Rat (exact, unbounded)",1276,31308,377,"24-term series, ~1252 halving steps, argument ~377 decimal digits",log_enclose_full,exact,2.080697926819591,113.38324087494183,1
MathExtras.RS62.theta314_log_911._native.native_decide.ax_1_1,Rs62Certificates,Rs62Certificates.RS62Eq314Leaves,MathExtras.RS62.theta314_log_911,IntervalArith.RatInterval.log_enclose_full,transcendental-enclosure,"Rat (exact, unbounded)",1286,31558,380,"24-term series, ~1262 halving steps, argument ~380 decimal digits",log_enclose_full,exact,2.1023794932454054,113.83679445525476,1
MathExtras.RS62.theta314_log_919._native.native_decide.ax_1_1,Rs62Certificates,Rs62Certificates.RS62Eq314Leaves,MathExtras.RS62.theta314_log_919,IntervalArith.RatInterval.log_enclose_full,transcendental-enclosure,"Rat (exact, unbounded)",1296,52163,383,"40-term series, ~1272 halving steps, argument ~383 decimal digits",log_enclose_full,exact,2.1241227529688747,114.2885743244857,1
MathExtras.RS62.theta314_log_929._native.native_decide.ax_1_1,Rs62Certificates,Rs62Certificates.RS62Eq314Leaves,MathExtras.RS62.theta314_log_929,IntervalArith.RatInterval.log_enclose_full,transcendental-enclosure,"Rat (exact, unbounded)",1306,32056,386,"24-term series, ~1282 halving steps, argument ~386 decimal digits",log_enclose_full,exact,2.1459273962298084,114.73860123151937,1
MathExtras.RS62.theta314_log_937._native.native_decide.ax_1_1,Rs62Certificates,Rs62Certificates.RS62Eq314Leaves,MathExtras.RS62.theta314_log_937,IntervalArith.RatInterval.log_enclose_full,transcendental-enclosure,"Rat (exact, unbounded)",1316,162819,389,"125-term series, ~1292 halving steps, argument ~389 decimal digits",log_enclose_full,exact,2.1677931172221387,115.1868955234464,1
MathExtras.RS62.theta314_log_941._native.native_decide.ax_1_1,Rs62Certificates,Rs62Certificates.RS62Eq314Leaves,MathExtras.RS62.theta314_log_941,IntervalArith.RatInterval.log_enclose_full,transcendental-enclosure,"Rat (exact, unbounded)",1326,32554,392,"24-term series, ~1302 halving steps, argument ~392 decimal digits",log_enclose_full,exact,2.1897196140132924,115.63347715637678,1
MathExtras.RS62.theta314_log_947._native.native_decide.ax_1_1,Rs62Certificates,Rs62Certificates.RS62Eq314Leaves,MathExtras.RS62.theta314_log_947,IntervalArith.RatInterval.log_enclose_full,transcendental-enclosure,"Rat (exact, unbounded)",1336,32803,395,"24-term series, ~1312 halving steps, argument ~395 decimal digits",log_enclose_full,exact,2.211706588465821,116.07836570588208,1
MathExtras.RS62.theta314_log_953._native.native_decide.ax_1_1,Rs62Certificates,Rs62Certificates.RS62Eq314Leaves,MathExtras.RS62.theta314_log_953,IntervalArith.RatInterval.log_enclose_full,transcendental-enclosure,"Rat (exact, unbounded)",1346,166586,398,"125-term series, ~1322 halving steps, argument ~398 decimal digits",log_enclose_full,exact,2.2337537461611916,116.5215803770818,1
MathExtras.RS62.theta314_log_967._native.native_decide.ax_1_1,Rs62Certificates,Rs62Certificates.RS62Eq314Leaves,MathExtras.RS62.theta314_log_967,IntervalArith.RatInterval.log_enclose_full,transcendental-enclosure,"Rat (exact, unbounded)",1356,33302,401,"24-term series, ~1332 halving steps, argument ~401 decimal digits",log_enclose_full,exact,2.2558607963256803,116.9631400143883,1
MathExtras.RS62.theta314_log_971._native.native_decide.ax_1_1,Rs62Certificates,Rs62Certificates.RS62Eq314Leaves,MathExtras.RS62.theta314_log_971,IntervalArith.RatInterval.log_enclose_full,transcendental-enclosure,"Rat (exact, unbounded)",1366,169097,404,"125-term series, ~1342 halving steps, argument ~404 decimal digits",log_enclose_full,exact,2.278027451758279,117.40306311092472,1
MathExtras.RS62.theta314_log_977._native.native_decide.ax_1_1,Rs62Certificates,Rs62Certificates.RS62Eq314Leaves,MathExtras.RS62.theta314_log_977,IntervalArith.RatInterval.log_enclose_full,transcendental-enclosure,"Rat (exact, unbounded)",1376,33800,407,"24-term series, ~1352 halving steps, argument ~407 decimal digits",log_enclose_full,exact,2.3002534287605596,117.84136781762888,1
MathExtras.RS62.theta314_log_983._native.native_decide.ax_1_1,Rs62Certificates,Rs62Certificates.RS62Eq314Leaves,MathExtras.RS62.theta314_log_983,IntervalArith.RatInterval.log_enclose_full,transcendental-enclosure,"Rat (exact, unbounded)",1385,34049,410,"24-term series, ~1361 halving steps, argument ~410 decimal digits",log_enclose_full,exact,2.322538447068418,118.27807195205607,1
MathExtras.RS62.theta314_log_991._native.native_decide.ax_1_1,Rs62Certificates,Rs62Certificates.RS62Eq314Leaves,MathExtras.RS62.theta314_log_991,IntervalArith.RatInterval.log_enclose_full,transcendental-enclosure,"Rat (exact, unbounded)",1395,34298,413,"24-term series, ~1371 halving steps, argument ~413 decimal digits",log_enclose_full,exact,2.344882229785642,118.71319300689272,1
MathExtras.RS62.theta314_log_997._native.native_decide.ax_1_1,Rs62Certificates,Rs62Certificates.RS62Eq314Leaves,MathExtras.RS62.theta314_log_997,IntervalArith.RatInterval.log_enclose_full,transcendental-enclosure,"Rat (exact, unbounded)",1405,34547,416,"24-term series, ~1381 halving steps, argument ~416 decimal digits",log_enclose_full,exact,2.3672845033192362,119.14674815819247,1
MathExtras.RS62.theta_log_1009._native.native_decide.ax_1_1,Rs62Certificates,Rs62Certificates.RS62Theta1420Leaves,MathExtras.RS62.theta_log_1009,IntervalArith.RatInterval.log_enclose_full,transcendental-enclosure,"Rat (exact, unbounded)",1415,34796,419,"24-term series, ~1391 halving steps, argument ~419 decimal digits",log_enclose_full,exact,2.3897449973164466,119.57875427334571,1
MathExtras.RS62.theta_log_1013._native.native_decide.ax_1_1,Rs62Certificates,Rs62Certificates.RS62Theta1420Leaves,MathExtras.RS62.theta_log_1013,IntervalArith.RatInterval.log_enclose_full,transcendental-enclosure,"Rat (exact, unbounded)",1425,35046,422,"24-term series, ~1401 halving steps, argument ~422 decimal digits",log_enclose_full,exact,2.412263444603432,120.00922791879292,1
MathExtras.RS62.theta_log_1019._native.native_decide.ax_1_1,Rs62Certificates,Rs62Certificates.RS62Theta1420Leaves,MathExtras.RS62.theta_log_1019,IntervalArith.RatInterval.log_enclose_full,transcendental-enclosure,"Rat (exact, unbounded)",1435,35295,425,"24-term series, ~1411 halving steps, argument ~425 decimal digits",log_enclose_full,exact,2.43483958112552,120.438185367492,1
MathExtras.RS62.theta_log_1021._native.native_decide.ax_1_1,Rs62Certificates,Rs62Certificates.RS62Theta1420Leaves,MathExtras.RS62.theta_log_1021,IntervalArith.RatInterval.log_enclose_full,transcendental-enclosure,"Rat (exact, unbounded)",1445,35544,428,"24-term series, ~1421 halving steps, argument ~428 decimal digits",log_enclose_full,exact,2.4574731458890016,120.8656426061488,1
MathExtras.RS62.theta_log_1031._native.native_decide.ax_1_1,Rs62Certificates,Rs62Certificates.RS62Theta1420Leaves,MathExtras.RS62.theta_log_1031,IntervalArith.RatInterval.log_enclose_full,transcendental-enclosure,"Rat (exact, unbounded)",1455,37225,431,"25-term series, ~1431 halving steps, argument ~431 decimal digits",log_enclose_full,exact,2.480163880904417,121.29161534222045,1
MathExtras.RS62.theta_log_1033._native.native_decide.ax_1_1,Rs62Certificates,Rs62Certificates.RS62Theta1420Leaves,MathExtras.RS62.theta_log_1033,IntervalArith.RatInterval.log_enclose_full,transcendental-enclosure,"Rat (exact, unbounded)",1465,36042,434,"24-term series, ~1441 halving steps, argument ~434 decimal digits",log_enclose_full,exact,2.502911531131274,121.71611901069966,1
MathExtras.RS62.theta_log_1039._native.native_decide.ax_1_1,Rs62Certificates,Rs62Certificates.RS62Theta1420Leaves,MathExtras.RS62.theta_log_1039,IntervalArith.RatInterval.log_enclose_full,transcendental-enclosure,"Rat (exact, unbounded)",1475,182910,437,"125-term series, ~1451 halving steps, argument ~437 decimal digits",log_enclose_full,exact,2.5257158444241616,122.13916878068842,1
MathExtras.RS62.theta_log_1049._native.native_decide.ax_1_1,Rs62Certificates,Rs62Certificates.RS62Theta1420Leaves,MathExtras.RS62.theta_log_1049,IntervalArith.RatInterval.log_enclose_full,transcendental-enclosure,"Rat (exact, unbounded)",1485,36540,440,"24-term series, ~1461 halving steps, argument ~440 decimal digits",log_enclose_full,exact,2.5485765714802135,122.56077956176954,1
MathExtras.RS62.theta_log_1051._native.native_decide.ax_1_1,Rs62Certificates,Rs62Certificates.RS62Theta1420Leaves,MathExtras.RS62.theta_log_1051,IntervalArith.RatInterval.log_enclose_full,transcendental-enclosure,"Rat (exact, unbounded)",1495,185421,443,"125-term series, ~1471 halving steps, argument ~443 decimal digits",log_enclose_full,exact,2.571493465787876,122.98096601018275,1
MathExtras.RS62.theta_log_1061._native.native_decide.ax_1_1,Rs62Certificates,Rs62Certificates.RS62Theta1420Leaves,MathExtras.RS62.theta_log_1061,IntervalArith.RatInterval.log_enclose_full,transcendental-enclosure,"Rat (exact, unbounded)",1505,37039,446,"24-term series, ~1481 halving steps, argument ~446 decimal digits",log_enclose_full,exact,2.594466283576939,123.39974253481327,1
MathExtras.RS62.theta_log_1063._native.native_decide.ax_1_1,Rs62Certificates,Rs62Certificates.RS62Theta1420Leaves,MathExtras.RS62.theta_log_1063,IntervalArith.RatInterval.log_enclose_full,transcendental-enclosure,"Rat (exact, unbounded)",1515,150644,449,"100-term series, ~1491 halving steps, argument ~449 decimal digits",log_enclose_full,exact,2.617494783769795,123.8171233029995,1
MathExtras.RS62.theta_log_1069._native.native_decide.ax_1_1,Rs62Certificates,Rs62Certificates.RS62Theta1420Leaves,MathExtras.RS62.theta_log_1069,IntervalArith.RatInterval.log_enclose_full,transcendental-enclosure,"Rat (exact, unbounded)",1525,37537,452,"24-term series, ~1501 halving steps, argument ~452 decimal digits",log_enclose_full,exact,2.6405787279338817,124.23312224616653,1
MathExtras.RS62.theta_log_1087._native.native_decide.ax_1_1,Rs62Certificates,Rs62Certificates.RS62Theta1420Leaves,MathExtras.RS62.theta_log_1087,IntervalArith.RatInterval.log_enclose_full,transcendental-enclosure,"Rat (exact, unbounded)",1535,77084,455,"50-term series, ~1511 halving steps, argument ~455 decimal digits",log_enclose_full,exact,2.663717880235278,124.64775306529181,1
MathExtras.RS62.theta_log_1091._native.native_decide.ax_1_1,Rs62Certificates,Rs62Certificates.RS62Theta1420Leaves,MathExtras.RS62.theta_log_1091,IntervalArith.RatInterval.log_enclose_full,transcendental-enclosure,"Rat (exact, unbounded)",1545,39557,458,"25-term series, ~1521 halving steps, argument ~458 decimal digits",log_enclose_full,exact,2.6869120073934125,125.06102923620904,1
MathExtras.RS62.theta_log_1093._native.native_decide.ax_1_1,Rs62Certificates,Rs62Certificates.RS62Theta1420Leaves,MathExtras.RS62.theta_log_1093,IntervalArith.RatInterval.log_enclose_full,transcendental-enclosure,"Rat (exact, unbounded)",1555,39816,461,"25-term series, ~1531 halving steps, argument ~461 decimal digits",log_enclose_full,exact,2.7101608786368563,125.47296401475607,1
MathExtras.RS62.theta_log_1097._native.native_decide.ax_1_1,Rs62Certificates,Rs62Certificates.RS62Theta1420Leaves,MathExtras.RS62.theta_log_1097,IntervalArith.RatInterval.log_enclose_full,transcendental-enclosure,"Rat (exact, unbounded)",1565,38534,464,"24-term series, ~1541 halving steps, argument ~464 decimal digits",log_enclose_full,exact,2.733464265660159,125.88357044177242,1
MathExtras.RS62.theta_log_1103._native.native_decide.ax_1_1,Rs62Certificates,Rs62Certificates.RS62Theta1420Leaves,MathExtras.RS62.theta_log_1103,IntervalArith.RatInterval.log_enclose_full,transcendental-enclosure,"Rat (exact, unbounded)",1575,38783,467,"24-term series, ~1551 halving steps, argument ~467 decimal digits",log_enclose_full,exact,2.756821942581709,126.29286134795186,1
MathExtras.RS62.theta_log_1109._native.native_decide.ax_1_1,Rs62Certificates,Rs62Certificates.RS62Theta1420Leaves,MathExtras.RS62.theta_log_1109,IntervalArith.RatInterval.log_enclose_full,transcendental-enclosure,"Rat (exact, unbounded)",1585,39032,470,"24-term series, ~1561 halving steps, argument ~470 decimal digits",log_enclose_full,exact,2.780233685902575,126.70084935855475,1
MathExtras.RS62.theta_log_1117._native.native_decide.ax_1_1,Rs62Certificates,Rs62Certificates.RS62Theta1420Leaves,MathExtras.RS62.theta_log_1117,IntervalArith.RatInterval.log_enclose_full,transcendental-enclosure,"Rat (exact, unbounded)",1595,39281,473,"24-term series, ~1571 halving steps, argument ~473 decimal digits",log_enclose_full,exact,2.803699274466306,127.10754689798576,1
MathExtras.RS62.theta_log_1123._native.native_decide.ax_1_1,Rs62Certificates,Rs62Certificates.RS62Theta1420Leaves,MathExtras.RS62.theta_log_1123,IntervalArith.RatInterval.log_enclose_full,transcendental-enclosure,"Rat (exact, unbounded)",1605,39530,476,"24-term series, ~1581 halving steps, argument ~476 decimal digits",log_enclose_full,exact,2.8272184894196615,127.51296619424085,1
MathExtras.RS62.theta_log_1129._native.native_decide.ax_1_1,Rs62Certificates,Rs62Certificates.RS62Theta1420Leaves,MathExtras.RS62.theta_log_1129,IntervalArith.RatInterval.log_enclose_full,transcendental-enclosure,"Rat (exact, unbounded)",1615,39779,479,"24-term series, ~1591 halving steps, argument ~479 decimal digits",log_enclose_full,exact,2.8507911141742426,127.91711928322869,1
MathExtras.RS62.theta_log_1151._native.native_decide.ax_1_1,Rs62Certificates,Rs62Certificates.RS62Theta1420Leaves,MathExtras.RS62.theta_log_1151,IntervalArith.RatInterval.log_enclose_full,transcendental-enclosure,"Rat (exact, unbounded)",1625,161716,482,"100-term series, ~1601 halving steps, argument ~482 decimal digits",log_enclose_full,exact,2.874416934369002,128.32001801297048,1
MathExtras.RS62.theta_log_1153._native.native_decide.ax_1_1,Rs62Certificates,Rs62Certificates.RS62Theta1420Leaves,MathExtras.RS62.theta_log_1153,IntervalArith.RatInterval.log_enclose_full,transcendental-enclosure,"Rat (exact, unbounded)",1638,40361,486,"24-term series, ~1614 halving steps, argument ~486 decimal digits",log_enclose_full,exact,2.9060004100213934,128.85528522819558,1
MathExtras.RS62.theta_log_1163._native.native_decide.ax_1_1,Rs62Certificates,Rs62Certificates.RS62Theta1420Leaves,MathExtras.RS62.theta_log_1163,IntervalArith.RatInterval.log_enclose_full,transcendental-enclosure,"Rat (exact, unbounded)",1648,40610,489,"24-term series, ~1624 halving steps, argument ~489 decimal digits",log_enclose_full,exact,2.9297495315224618,129.2553021702676,1
MathExtras.RS62.theta_log_1171._native.native_decide.ax_1_1,Rs62Certificates,Rs62Certificates.RS62Theta1420Leaves,MathExtras.RS62.theta_log_1171,IntervalArith.RatInterval.log_enclose_full,transcendental-enclosure,"Rat (exact, unbounded)",1658,165071,492,"100-term series, ~1634 halving steps, argument ~492 decimal digits",log_enclose_full,exact,2.9535511495489652,129.6541029411076,1
MathExtras.RS62.theta_log_1181._native.native_decide.ax_1_1,Rs62Certificates,Rs62Certificates.RS62Theta1420Leaves,MathExtras.RS62.theta_log_1181,IntervalArith.RatInterval.log_enclose_full,transcendental-enclosure,"Rat (exact, unbounded)",1668,207186,495,"125-term series, ~1644 halving steps, argument ~495 decimal digits",log_enclose_full,exact,2.9774050589787127,130.05169862030556,1
MathExtras.RS62.theta_log_1187._native.native_decide.ax_1_1,Rs62Certificates,Rs62Certificates.RS62Theta1420Leaves,MathExtras.RS62.theta_log_1187,IntervalArith.RatInterval.log_enclose_full,transcendental-enclosure,"Rat (exact, unbounded)",1678,41357,498,"24-term series, ~1654 halving steps, argument ~498 decimal digits",log_enclose_full,exact,3.0013110567306858,130.44810012007488,1
MathExtras.RS62.theta_log_1193._native.native_decide.ax_1_1,Rs62Certificates,Rs62Certificates.RS62Theta1420Leaves,MathExtras.RS62.theta_log_1193,IntervalArith.RatInterval.log_enclose_full,transcendental-enclosure,"Rat (exact, unbounded)",1688,168091,501,"100-term series, ~1664 halving steps, argument ~501 decimal digits",log_enclose_full,exact,3.0252689417325414,130.84331818877283,1
MathExtras.RS62.theta_log_1201._native.native_decide.ax_1_1,Rs62Certificates,Rs62Certificates.RS62Theta1420Leaves,MathExtras.RS62.theta_log_1201,IntervalArith.RatInterval.log_enclose_full,transcendental-enclosure,"Rat (exact, unbounded)",1698,210953,504,"125-term series, ~1674 halving steps, argument ~504 decimal digits",log_enclose_full,exact,3.049278514888816,131.23736341432573,1
MathExtras.RS62.theta_log_1213._native.native_decide.ax_1_1,Rs62Certificates,Rs62Certificates.RS62Theta1420Leaves,MathExtras.RS62.theta_log_1213,IntervalArith.RatInterval.log_enclose_full,transcendental-enclosure,"Rat (exact, unbounded)",1708,170104,507,"100-term series, ~1684 halving steps, argument ~507 decimal digits",log_enclose_full,exact,3.073339579049834,131.63024622756302,1
MathExtras.RS62.theta_log_1217._native.native_decide.ax_1_1,Rs62Certificates,Rs62Certificates.RS62Theta1420Leaves,MathExtras.RS62.theta_log_1217,IntervalArith.RatInterval.log_enclose_full,transcendental-enclosure,"Rat (exact, unbounded)",1718,42354,510,"24-term series, ~1694 halving steps, argument ~510 decimal digits",log_enclose_full,exact,3.0974519389812682,132.02197690546274,1
MathExtras.RS62.theta_log_1223._native.native_decide.ax_1_1,Rs62Certificates,Rs62Certificates.RS62Theta1420Leaves,MathExtras.RS62.theta_log_1223,IntervalArith.RatInterval.log_enclose_full,transcendental-enclosure,"Rat (exact, unbounded)",1728,42603,513,"24-term series, ~1704 halving steps, argument ~513 decimal digits",log_enclose_full,exact,3.121615401334369,132.41256557431092,1
MathExtras.RS62.theta_log_1229._native.native_decide.ax_1_1,Rs62Certificates,Rs62Certificates.RS62Theta1420Leaves,MathExtras.RS62.theta_log_1229,IntervalArith.RatInterval.log_enclose_full,transcendental-enclosure,"Rat (exact, unbounded)",1738,173124,516,"100-term series, ~1714 halving steps, argument ~516 decimal digits",log_enclose_full,exact,3.1458297746168196,132.80202221277844,1
MathExtras.RS62.theta_log_1231._native.native_decide.ax_1_1,Rs62Certificates,Rs62Certificates.RS62Theta1420Leaves,MathExtras.RS62.theta_log_1231,IntervalArith.RatInterval.log_enclose_full,transcendental-enclosure,"Rat (exact, unbounded)",1748,43101,519,"24-term series, ~1724 halving steps, argument ~519 decimal digits",log_enclose_full,exact,3.1700948691642066,133.19035665491742,1
MathExtras.RS62.theta_log_1237._native.native_decide.ax_1_1,Rs62Certificates,Rs62Certificates.RS62Theta1420Leaves,MathExtras.RS62.theta_log_1237,IntervalArith.RatInterval.log_enclose_full,transcendental-enclosure,"Rat (exact, unbounded)",1758,43350,522,"24-term series, ~1734 halving steps, argument ~522 decimal digits",log_enclose_full,exact,3.1944104971121012,133.57757859307972,1
MathExtras.RS62.theta_log_1249._native.native_decide.ax_1_1,Rs62Certificates,Rs62Certificates.RS62Theta1420Leaves,MathExtras.RS62.theta_log_1249,IntervalArith.RatInterval.log_enclose_full,transcendental-enclosure,"Rat (exact, unbounded)",1771,43682,526,"24-term series, ~1747 halving steps, argument ~526 decimal digits",log_enclose_full,exact,3.2269096204997045,134.09216044144836,1
MathExtras.RS62.theta_log_1259._native.native_decide.ax_1_1,Rs62Certificates,Rs62Certificates.RS62Theta1420Leaves,MathExtras.RS62.theta_log_1259,IntervalArith.RatInterval.log_enclose_full,transcendental-enclosure,"Rat (exact, unbounded)",1781,177485,529,"100-term series, ~1757 halving steps, argument ~529 decimal digits",log_enclose_full,exact,3.251342439038934,134.47682345465768,1
MathExtras.RS62.theta_log_1277._native.native_decide.ax_1_1,Rs62Certificates,Rs62Certificates.RS62Theta1420Leaves,MathExtras.RS62.theta_log_1277,IntervalArith.RatInterval.log_enclose_full,transcendental-enclosure,"Rat (exact, unbounded)",1791,44181,532,"24-term series, ~1767 halving steps, argument ~532 decimal digits",log_enclose_full,exact,3.275825177416977,134.8604052843042,1
MathExtras.RS62.theta_log_1279._native.native_decide.ax_1_1,Rs62Certificates,Rs62Certificates.RS62Theta1420Leaves,MathExtras.RS62.theta_log_1279,IntervalArith.RatInterval.log_enclose_full,transcendental-enclosure,"Rat (exact, unbounded)",1801,44430,535,"24-term series, ~1777 halving steps, argument ~535 decimal digits",log_enclose_full,exact,3.3003576552605933,135.24291504064163,1
MathExtras.RS62.theta_log_1283._native.native_decide.ax_1_1,Rs62Certificates,Rs62Certificates.RS62Theta1420Leaves,MathExtras.RS62.theta_log_1283,IntervalArith.RatInterval.log_enclose_full,transcendental-enclosure,"Rat (exact, unbounded)",1811,44679,538,"24-term series, ~1787 halving steps, argument ~538 decimal digits",log_enclose_full,exact,3.324939693857102,135.62436170657327,1
MathExtras.RS62.theta_log_1289._native.native_decide.ax_1_1,Rs62Certificates,Rs62Certificates.RS62Theta1420Leaves,MathExtras.RS62.theta_log_1289,IntervalArith.RatInterval.log_enclose_full,transcendental-enclosure,"Rat (exact, unbounded)",1821,91654,541,"50-term series, ~1797 halving steps, argument ~541 decimal digits",log_enclose_full,exact,3.349571116129908,136.00475414013152,1
MathExtras.RS62.theta_log_1291._native.native_decide.ax_1_1,Rs62Certificates,Rs62Certificates.RS62Theta1420Leaves,MathExtras.RS62.theta_log_1291,IntervalArith.RatInterval.log_enclose_full,transcendental-enclosure,"Rat (exact, unbounded)",1831,45177,544,"24-term series, ~1807 halving steps, argument ~544 decimal digits",log_enclose_full,exact,3.374251746614526,136.3841010768956,1
MathExtras.RS62.theta_log_1297._native.native_decide.ax_1_1,Rs62Certificates,Rs62Certificates.RS62Theta1420Leaves,MathExtras.RS62.theta_log_1297,IntervalArith.RatInterval.log_enclose_full,transcendental-enclosure,"Rat (exact, unbounded)",1841,45426,547,"24-term series, ~1817 halving steps, argument ~547 decimal digits",log_enclose_full,exact,3.3989814114350843,136.7624111323494,1
MathExtras.RS62.theta_log_1301._native.native_decide.ax_1_1,Rs62Certificates,Rs62Certificates.RS62Theta1420Leaves,MathExtras.RS62.theta_log_1301,IntervalArith.RatInterval.log_enclose_full,transcendental-enclosure,"Rat (exact, unbounded)",1851,45676,550,"24-term series, ~1827 halving steps, argument ~550 decimal digits",log_enclose_full,exact,3.4237599382812993,137.13969280418124,1
MathExtras.RS62.theta_log_1303._native.native_decide.ax_1_1,Rs62Certificates,Rs62Certificates.RS62Theta1420Leaves,MathExtras.RS62.theta_log_1303,IntervalArith.RatInterval.log_enclose_full,transcendental-enclosure,"Rat (exact, unbounded)",1864,231881,554,"125-term series, ~1840 halving steps, argument ~554 decimal digits",log_enclose_full,exact,3.4568736867379073,137.64114979670745,1
MathExtras.RS62.theta_log_1307._native.native_decide.ax_1_1,Rs62Certificates,Rs62Certificates.RS62Theta1420Leaves,MathExtras.RS62.theta_log_1307,IntervalArith.RatInterval.log_enclose_full,transcendental-enclosure,"Rat (exact, unbounded)",1874,46257,557,"24-term series, ~1850 halving steps, argument ~557 decimal digits",log_enclose_full,exact,3.481765563508,138.0160643083232,1
MathExtras.RS62.theta_log_1319._native.native_decide.ax_1_1,Rs62Certificates,Rs62Certificates.RS62Theta1420Leaves,MathExtras.RS62.theta_log_1319,IntervalArith.RatInterval.log_enclose_full,transcendental-enclosure,"Rat (exact, unbounded)",1884,187886,560,"100-term series, ~1860 halving steps, argument ~560 decimal digits",log_enclose_full,exact,3.5067057389567298,138.3899779395979,1
MathExtras.RS62.theta_log_1321._native.native_decide.ax_1_1,Rs62Certificates,Rs62Certificates.RS62Theta1420Leaves,MathExtras.RS62.theta_log_1321,IntervalArith.RatInterval.log_enclose_full,transcendental-enclosure,"Rat (exact, unbounded)",1894,235648,563,"125-term series, ~1870 halving steps, argument ~563 decimal digits",log_enclose_full,exact,3.531694047302892,138.7628987030073,1
MathExtras.RS62.theta_log_1327._native.native_decide.ax_1_1,Rs62Certificates,Rs62Certificates.RS62Theta1420Leaves,MathExtras.RS62.theta_log_1327,IntervalArith.RatInterval.log_enclose_full,transcendental-enclosure,"Rat (exact, unbounded)",1904,47004,566,"24-term series, ~1880 halving steps, argument ~566 decimal digits",log_enclose_full,exact,3.5567303242155237,139.13483450458543,1
MathExtras.RS62.theta_log_1361._native.native_decide.ax_1_1,Rs62Certificates,Rs62Certificates.RS62Theta1420Leaves,MathExtras.RS62.theta_log_1361,IntervalArith.RatInterval.log_enclose_full,transcendental-enclosure,"Rat (exact, unbounded)",1914,238160,569,"125-term series, ~1890 halving steps, argument ~569 decimal digits",log_enclose_full,exact,3.581814406793587,139.5057931458949,1
MathExtras.RS62.theta_log_1367._native.native_decide.ax_1_1,Rs62Certificates,Rs62Certificates.RS62Theta1420Leaves,MathExtras.RS62.theta_log_1367,IntervalArith.RatInterval.log_enclose_full,transcendental-enclosure,"Rat (exact, unbounded)",1924,47503,572,"24-term series, ~1900 halving steps, argument ~572 decimal digits",log_enclose_full,exact,3.6069461335460478,139.87578232594987,1
MathExtras.RS62.theta_log_1373._native.native_decide.ax_1_1,Rs62Certificates,Rs62Certificates.RS62Theta1420Leaves,MathExtras.RS62.theta_log_1373,IntervalArith.RatInterval.log_enclose_full,transcendental-enclosure,"Rat (exact, unbounded)",1934,47752,575,"24-term series, ~1910 halving steps, argument ~575 decimal digits",log_enclose_full,exact,3.6321253443723336,140.24480964309453,1
MathExtras.RS62.theta_log_1381._native.native_decide.ax_1_1,Rs62Certificates,Rs62Certificates.RS62Theta1420Leaves,MathExtras.RS62.theta_log_1381,IntervalArith.RatInterval.log_enclose_full,transcendental-enclosure,"Rat (exact, unbounded)",1947,48084,579,"24-term series, ~1923 halving steps, argument ~579 decimal digits",log_enclose_full,exact,3.6657712154371365,140.7353627828611,1
MathExtras.RS62.theta_log_1399._native.native_decide.ax_1_1,Rs62Certificates,Rs62Certificates.RS62Theta1420Leaves,MathExtras.RS62.theta_log_1399,IntervalArith.RatInterval.log_enclose_full,transcendental-enclosure,"Rat (exact, unbounded)",1957,243601,582,"125-term series, ~1933 halving steps, argument ~582 decimal digits",log_enclose_full,exact,3.6910606074900927,141.10217475048884,1
MathExtras.RS62.theta_log_1409._native.native_decide.ax_1_1,Rs62Certificates,Rs62Certificates.RS62Theta1420Leaves,MathExtras.RS62.theta_log_1409,IntervalArith.RatInterval.log_enclose_full,transcendental-enclosure,"Rat (exact, unbounded)",1967,48582,585,"24-term series, ~1943 halving steps, argument ~585 decimal digits",log_enclose_full,exact,3.7163969597470645,141.46804947918773,1
MathExtras.RS62.theta_log_283._native.native_decide.ax_1_1,Rs62Certificates,Rs62Certificates.RS62Theta1420Leaves,MathExtras.RS62.theta_log_283,IntervalArith.RatInterval.log_enclose_full,transcendental-enclosure,"Rat (exact, unbounded)",415,9799,118,"24-term series, ~391 halving steps, argument ~118 decimal digits",log_enclose_full,exact,0.4922534926464465,63.162988294051026,1
MathExtras.RS62.theta_log_293._native.native_decide.ax_1_1,Rs62Certificates,Rs62Certificates.RS62Theta1420Leaves,MathExtras.RS62.theta_log_293,IntervalArith.RatInterval.log_enclose_full,transcendental-enclosure,"Rat (exact, unbounded)",425,10048,121,"24-term series, ~401 halving steps, argument ~121 decimal digits",log_enclose_full,exact,0.5065715530812045,63.96677816877515,1
MathExtras.RS62.theta_log_307._native.native_decide.ax_1_1,Rs62Certificates,Rs62Certificates.RS62Theta1420Leaves,MathExtras.RS62.theta_log_307,IntervalArith.RatInterval.log_enclose_full,transcendental-enclosure,"Rat (exact, unbounded)",432,41267,123,"100-term series, ~408 halving steps, argument ~123 decimal digits",log_enclose_full,exact,0.5161883553180588,64.49715377753323,1
MathExtras.RS62.theta_log_311._native.native_decide.ax_1_1,Rs62Certificates,Rs62Certificates.RS62Theta1420Leaves,MathExtras.RS62.theta_log_311,IntervalArith.RatInterval.log_enclose_full,transcendental-enclosure,"Rat (exact, unbounded)",442,10463,126,"24-term series, ~418 halving steps, argument ~126 decimal digits",log_enclose_full,exact,0.5307192127392237,65.2847554954474,1
MathExtras.RS62.theta_log_313._native.native_decide.ax_1_1,Rs62Certificates,Rs62Certificates.RS62Theta1420Leaves,MathExtras.RS62.theta_log_313,IntervalArith.RatInterval.log_enclose_full,transcendental-enclosure,"Rat (exact, unbounded)",449,53575,128,"125-term series, ~425 halving steps, argument ~128 decimal digits",log_enclose_full,exact,0.5404760470215354,65.804662318336,1
MathExtras.RS62.theta_log_317._native.native_decide.ax_1_1,Rs62Certificates,Rs62Certificates.RS62Theta1420Leaves,MathExtras.RS62.theta_log_317,IntervalArith.RatInterval.log_enclose_full,transcendental-enclosure,"Rat (exact, unbounded)",459,10879,131,"24-term series, ~435 halving steps, argument ~131 decimal digits",log_enclose_full,exact,0.5552142985384386,66.57702056635448,1
MathExtras.RS62.theta_log_331._native.native_decide.ax_1_1,Rs62Certificates,Rs62Certificates.RS62Theta1420Leaves,MathExtras.RS62.theta_log_331,IntervalArith.RatInterval.log_enclose_full,transcendental-enclosure,"Rat (exact, unbounded)",465,11045,133,"24-term series, ~441 halving steps, argument ~133 decimal digits",log_enclose_full,exact,0.5651076787828728,67.08705780080975,1
MathExtras.RS62.theta_log_337._native.native_decide.ax_1_1,Rs62Certificates,Rs62Certificates.RS62Theta1420Leaves,MathExtras.RS62.theta_log_337,IntervalArith.RatInterval.log_enclose_full,transcendental-enclosure,"Rat (exact, unbounded)",475,11294,136,"24-term series, ~451 halving steps, argument ~136 decimal digits",log_enclose_full,exact,0.5800482596542511,67.84502873744556,1
MathExtras.RS62.theta_log_347._native.native_decide.ax_1_1,Rs62Certificates,Rs62Certificates.RS62Theta1420Leaves,MathExtras.RS62.theta_log_347,IntervalArith.RatInterval.log_enclose_full,transcendental-enclosure,"Rat (exact, unbounded)",482,11460,138,"24-term series, ~458 halving steps, argument ~138 decimal digits",log_enclose_full,exact,0.5900749138591317,68.34574046849794,1
MathExtras.RS62.theta_log_349._native.native_decide.ax_1_1,Rs62Certificates,Rs62Certificates.RS62Theta1420Leaves,MathExtras.RS62.theta_log_349,IntervalArith.RatInterval.log_enclose_full,transcendental-enclosure,"Rat (exact, unbounded)",492,59016,141,"125-term series, ~468 halving steps, argument ~141 decimal digits",log_enclose_full,exact,0.605213064671408,69.0901029240249,1
MathExtras.RS62.theta_log_353._native.native_decide.ax_1_1,Rs62Certificates,Rs62Certificates.RS62Theta1420Leaves,MathExtras.RS62.theta_log_353,IntervalArith.RatInterval.log_enclose_full,transcendental-enclosure,"Rat (exact, unbounded)",499,11875,143,"24-term series, ~475 halving steps, argument ~143 decimal digits",log_enclose_full,exact,0.615369914514418,69.58198497217943,1
MathExtras.RS62.theta_log_359._native.native_decide.ax_1_1,Rs62Certificates,Rs62Certificates.RS62Theta1420Leaves,MathExtras.RS62.theta_log_359,IntervalArith.RatInterval.log_enclose_full,transcendental-enclosure,"Rat (exact, unbounded)",508,12124,146,"24-term series, ~484 halving steps, argument ~146 decimal digits",log_enclose_full,exact,0.6307011525974392,70.31344989000925,1
MathExtras.RS62.theta_log_367._native.native_decide.ax_1_1,Rs62Certificates,Rs62Certificates.RS62Theta1420Leaves,MathExtras.RS62.theta_log_367,IntervalArith.RatInterval.log_enclose_full,transcendental-enclosure,"Rat (exact, unbounded)",518,12374,149,"24-term series, ~494 halving steps, argument ~149 decimal digits",log_enclose_full,exact,0.6461461970251774,71.03749233237593,1
MathExtras.RS62.theta_log_373._native.native_decide.ax_1_1,Rs62Certificates,Rs62Certificates.RS62Theta1420Leaves,MathExtras.RS62.theta_log_373,IntervalArith.RatInterval.log_enclose_full,transcendental-enclosure,"Rat (exact, unbounded)",525,12540,151,"24-term series, ~501 halving steps, argument ~151 decimal digits",log_enclose_full,exact,0.6565053900277982,71.51617404789728,1
MathExtras.RS62.theta_log_379._native.native_decide.ax_1_1,Rs62Certificates,Rs62Certificates.RS62Theta1420Leaves,MathExtras.RS62.theta_log_379,IntervalArith.RatInterval.log_enclose_full,transcendental-enclosure,"Rat (exact, unbounded)",535,26090,154,"50-term series, ~511 halving steps, argument ~154 decimal digits",log_enclose_full,exact,0.6721368637726962,72.22833480087678,1
MathExtras.RS62.theta_log_383._native.native_decide.ax_1_1,Rs62Certificates,Rs62Certificates.RS62Theta1420Leaves,MathExtras.RS62.theta_log_383,IntervalArith.RatInterval.log_enclose_full,transcendental-enclosure,"Rat (exact, unbounded)",542,12955,156,"24-term series, ~518 halving steps, argument ~156 decimal digits",log_enclose_full,exact,0.682619033510584,72.6992892192385,1
MathExtras.RS62.theta_log_389._native.native_decide.ax_1_1,Rs62Certificates,Rs62Certificates.RS62Theta1420Leaves,MathExtras.RS62.theta_log_389,IntervalArith.RatInterval.log_enclose_full,transcendental-enclosure,"Rat (exact, unbounded)",552,66550,159,"125-term series, ~528 halving steps, argument ~159 decimal digits",log_enclose_full,exact,0.6984330636976893,73.40013734548295,1
MathExtras.RS62.theta_log_397._native.native_decide.ax_1_1,Rs62Certificates,Rs62Certificates.RS62Theta1420Leaves,MathExtras.RS62.theta_log_397,IntervalArith.RatInterval.log_enclose_full,transcendental-enclosure,"Rat (exact, unbounded)",562,67806,162,"125-term series, ~538 halving steps, argument ~162 decimal digits",log_enclose_full,exact,0.7143548525333787,74.09445251555289,1
MathExtras.RS62.theta_log_401._native.native_decide.ax_1_1,Rs62Certificates,Rs62Certificates.RS62Theta1420Leaves,MathExtras.RS62.theta_log_401,IntervalArith.RatInterval.log_enclose_full,transcendental-enclosure,"Rat (exact, unbounded)",568,13619,164,"24-term series, ~544 halving steps, argument ~164 decimal digits",log_enclose_full,exact,0.725028609781927,74.55378921247706,1
MathExtras.RS62.theta_log_409._native.native_decide.ax_1_1,Rs62Certificates,Rs62Certificates.RS62Theta1420Leaves,MathExtras.RS62.theta_log_409,IntervalArith.RatInterval.log_enclose_full,transcendental-enclosure,"Rat (exact, unbounded)",578,13868,167,"24-term series, ~554 halving steps, argument ~167 decimal digits",log_enclose_full,exact,0.7411271670656774,75.23761256161525,1
MathExtras.RS62.theta_log_419._native.native_decide.ax_1_1,Rs62Certificates,Rs62Certificates.RS62Theta1420Leaves,MathExtras.RS62.theta_log_419,IntervalArith.RatInterval.log_enclose_full,transcendental-enclosure,"Rat (exact, unbounded)",585,14035,169,"24-term series, ~561 halving steps, argument ~169 decimal digits",log_enclose_full,exact,0.7519176262384579,75.69011245015331,1
MathExtras.RS62.theta_log_421._native.native_decide.ax_1_1,Rs62Certificates,Rs62Certificates.RS62Theta1420Leaves,MathExtras.RS62.theta_log_421,IntervalArith.RatInterval.log_enclose_full,transcendental-enclosure,"Rat (exact, unbounded)",595,14855,172,"25-term series, ~571 halving steps, argument ~172 decimal digits",log_enclose_full,exact,0.7681895656040516,76.36390786290376,1
MathExtras.RS62.theta_log_431._native.native_decide.ax_1_1,Rs62Certificates,Rs62Certificates.RS62Theta1420Leaves,MathExtras.RS62.theta_log_431,IntervalArith.RatInterval.log_enclose_full,transcendental-enclosure,"Rat (exact, unbounded)",605,73247,175,"125-term series, ~581 halving steps, argument ~175 decimal digits",log_enclose_full,exact,0.7845639764254752,77.03189521195964,1
MathExtras.RS62.theta_log_433._native.native_decide.ax_1_1,Rs62Certificates,Rs62Certificates.RS62Theta1420Leaves,MathExtras.RS62.theta_log_433,IntervalArith.RatInterval.log_enclose_full,transcendental-enclosure,"Rat (exact, unbounded)",611,74085,177,"125-term series, ~587 halving steps, argument ~177 decimal digits",log_enclose_full,exact,0.7955366205476354,77.4740669365154,1
MathExtras.RS62.theta_log_439._native.native_decide.ax_1_1,Rs62Certificates,Rs62Certificates.RS62Theta1420Leaves,MathExtras.RS62.theta_log_439,IntervalArith.RatInterval.log_enclose_full,transcendental-enclosure,"Rat (exact, unbounded)",621,14948,180,"24-term series, ~597 halving steps, argument ~180 decimal digits",log_enclose_full,exact,0.8120793259410946,78.13270079726885,1
MathExtras.RS62.theta_log_443._native.native_decide.ax_1_1,Rs62Certificates,Rs62Certificates.RS62Theta1420Leaves,MathExtras.RS62.theta_log_443,IntervalArith.RatInterval.log_enclose_full,transcendental-enclosure,"Rat (exact, unbounded)",631,15197,183,"24-term series, ~607 halving steps, argument ~183 decimal digits",log_enclose_full,exact,0.828721563589693,78.78590860078472,1
MathExtras.RS62.theta_log_449._native.native_decide.ax_1_1,Rs62Certificates,Rs62Certificates.RS62Theta1420Leaves,MathExtras.RS62.theta_log_449,IntervalArith.RatInterval.log_enclose_full,transcendental-enclosure,"Rat (exact, unbounded)",638,15363,185,"24-term series, ~614 halving steps, argument ~185 decimal digits",log_enclose_full,exact,0.8398711658914327,79.21843168342596,1
MathExtras.RS62.theta_log_457._native.native_decide.ax_1_1,Rs62Certificates,Rs62Certificates.RS62Theta1420Leaves,MathExtras.RS62.theta_log_457,IntervalArith.RatInterval.log_enclose_full,transcendental-enclosure,"Rat (exact, unbounded)",648,31850,188,"50-term series, ~624 halving steps, argument ~188 decimal digits",log_enclose_full,exact,0.8566769763885023,79.86288802499622,1
MathExtras.RS62.theta_log_461._native.native_decide.ax_1_1,Rs62Certificates,Rs62Certificates.RS62Theta1420Leaves,MathExtras.RS62.theta_log_461,IntervalArith.RatInterval.log_enclose_full,transcendental-enclosure,"Rat (exact, unbounded)",658,15862,191,"24-term series, ~634 halving steps, argument ~191 decimal digits",log_enclose_full,exact,0.873579586709057,80.50226016537167,1
MathExtras.RS62.theta_log_463._native.native_decide.ax_1_1,Rs62Certificates,Rs62Certificates.RS62Theta1420Leaves,MathExtras.RS62.theta_log_463,IntervalArith.RatInterval.log_enclose_full,transcendental-enclosure,"Rat (exact, unbounded)",665,32697,193,"50-term series, ~641 halving steps, argument ~193 decimal digits",log_enclose_full,exact,0.884901288237902,80.92574267719723,1
MathExtras.RS62.theta_log_467._native.native_decide.ax_1_1,Rs62Certificates,Rs62Certificates.RS62Theta1420Leaves,MathExtras.RS62.theta_log_467,IntervalArith.RatInterval.log_enclose_full,transcendental-enclosure,"Rat (exact, unbounded)",675,16277,196,"24-term series, ~651 halving steps, argument ~196 decimal digits",log_enclose_full,exact,0.9019630749071951,81.55690340293158,1
MathExtras.RS62.theta_log_479._native.native_decide.ax_1_1,Rs62Certificates,Rs62Certificates.RS62Theta1420Leaves,MathExtras.RS62.theta_log_479,IntervalArith.RatInterval.log_enclose_full,transcendental-enclosure,"Rat (exact, unbounded)",685,83293,199,"125-term series, ~661 halving steps, argument ~199 decimal digits",log_enclose_full,exact,0.9191191132834534,82.18328730458421,1
MathExtras.RS62.theta_log_487._native.native_decide.ax_1_1,Rs62Certificates,Rs62Certificates.RS62Theta1420Leaves,MathExtras.RS62.theta_log_487,IntervalArith.RatInterval.log_enclose_full,transcendental-enclosure,"Rat (exact, unbounded)",691,16692,201,"24-term series, ~667 halving steps, argument ~201 decimal digits",log_enclose_full,exact,0.9306083829444777,82.59827596380056,1
MathExtras.RS62.theta_log_491._native.native_decide.ax_1_1,Rs62Certificates,Rs62Certificates.RS62Theta1420Leaves,MathExtras.RS62.theta_log_491,IntervalArith.RatInterval.log_enclose_full,transcendental-enclosure,"Rat (exact, unbounded)",701,16941,204,"24-term series, ~677 halving steps, argument ~204 decimal digits",log_enclose_full,exact,0.9479194917836278,83.21693510200379,1
MathExtras.RS62.theta_log_499._native.native_decide.ax_1_1,Rs62Certificates,Rs62Certificates.RS62Theta1420Leaves,MathExtras.RS62.theta_log_499,IntervalArith.RatInterval.log_enclose_full,transcendental-enclosure,"Rat (exact, unbounded)",711,17190,207,"24-term series, ~687 halving steps, argument ~207 decimal digits",log_enclose_full,exact,0.965322469303852,83.83109499556132,1
MathExtras.RS62.theta_log_503._native.native_decide.ax_1_1,Rs62Certificates,Rs62Certificates.RS62Theta1420Leaves,MathExtras.RS62.theta_log_503,IntervalArith.RatInterval.log_enclose_full,transcendental-enclosure,"Rat (exact, unbounded)",718,17356,209,"24-term series, ~694 halving steps, argument ~209 decimal digits",log_enclose_full,exact,0.9769750696499834,84.23808350140484,1
MathExtras.RS62.theta_log_509._native.native_decide.ax_1_1,Rs62Certificates,Rs62Certificates.RS62Theta1420Leaves,MathExtras.RS62.theta_log_509,IntervalArith.RatInterval.log_enclose_full,transcendental-enclosure,"Rat (exact, unbounded)",728,14789,212,"20-term series, ~704 halving steps, argument ~212 decimal digits",log_enclose_full,exact,0.9945292726332051,84.8449589992325,1
MathExtras.RS62.theta_log_521._native.native_decide.ax_1_1,Rs62Certificates,Rs62Certificates.RS62Theta1420Leaves,MathExtras.RS62.theta_log_521,IntervalArith.RatInterval.log_enclose_full,transcendental-enclosure,"Rat (exact, unbounded)",738,17855,215,"24-term series, ~714 halving steps, argument ~215 decimal digits",log_enclose_full,exact,1.012173109797531,85.44758692863374,1
MathExtras.RS62.theta_log_523._native.native_decide.ax_1_1,Rs62Certificates,Rs62Certificates.RS62Theta1420Leaves,MathExtras.RS62.theta_log_523,IntervalArith.RatInterval.log_enclose_full,transcendental-enclosure,"Rat (exact, unbounded)",744,18021,217,"24-term series, ~720 halving steps, argument ~217 decimal digits",log_enclose_full,exact,1.0239850675551498,85.84702289381885,1
MathExtras.RS62.theta_log_541._native.native_decide.ax_1_1,Rs62Certificates,Rs62Certificates.RS62Theta1420Leaves,MathExtras.RS62.theta_log_541,IntervalArith.RatInterval.log_enclose_full,transcendental-enclosure,"Rat (exact, unbounded)",754,92083,220,"125-term series, ~730 halving steps, argument ~220 decimal digits",log_enclose_full,exact,1.041776520377439,86.44276645066714,1
MathExtras.RS62.theta_log_547._native.native_decide.ax_1_1,Rs62Certificates,Rs62Certificates.RS62Theta1420Leaves,MathExtras.RS62.theta_log_547,IntervalArith.RatInterval.log_enclose_full,transcendental-enclosure,"Rat (exact, unbounded)",764,18519,223,"24-term series, ~740 halving steps, argument ~223 decimal digits",log_enclose_full,exact,1.059655507049927,87.0344914755804,1
MathExtras.RS62.theta_log_557._native.native_decide.ax_1_1,Rs62Certificates,Rs62Certificates.RS62Theta1420Leaves,MathExtras.RS62.theta_log_557,IntervalArith.RatInterval.log_enclose_full,transcendental-enclosure,"Rat (exact, unbounded)",774,18768,226,"24-term series, ~750 halving steps, argument ~226 decimal digits",log_enclose_full,exact,1.0776212719332603,87.62227859647517,1
MathExtras.RS62.theta_log_563._native.native_decide.ax_1_1,Rs62Certificates,Rs62Certificates.RS62Theta1420Leaves,MathExtras.RS62.theta_log_563,IntervalArith.RatInterval.log_enclose_full,transcendental-enclosure,"Rat (exact, unbounded)",781,18934,228,"24-term series, ~757 halving steps, argument ~228 decimal digits",log_enclose_full,exact,1.0896462929670372,88.01198755958943,1
MathExtras.RS62.theta_log_569._native.native_decide.ax_1_1,Rs62Certificates,Rs62Certificates.RS62Theta1420Leaves,MathExtras.RS62.theta_log_569,IntervalArith.RatInterval.log_enclose_full,transcendental-enclosure,"Rat (exact, unbounded)",791,77503,231,"100-term series, ~767 halving steps, argument ~231 decimal digits",log_enclose_full,exact,1.1077550535368226,88.59338350214207,1
MathExtras.RS62.theta_log_571._native.native_decide.ax_1_1,Rs62Certificates,Rs62Certificates.RS62Theta1420Leaves,MathExtras.RS62.theta_log_571,IntervalArith.RatInterval.log_enclose_full,transcendental-enclosure,"Rat (exact, unbounded)",801,20210,234,"25-term series, ~777 halving steps, argument ~234 decimal digits",log_enclose_full,exact,1.1259486563662529,89.17104385542272,1
MathExtras.RS62.theta_log_577._native.native_decide.ax_1_1,Rs62Certificates,Rs62Certificates.RS62Theta1420Leaves,MathExtras.RS62.theta_log_577,IntervalArith.RatInterval.log_enclose_full,transcendental-enclosure,"Rat (exact, unbounded)",811,99198,237,"125-term series, ~787 halving steps, argument ~237 decimal digits",log_enclose_full,exact,1.1442264035638927,89.74504005784553,1
MathExtras.RS62.theta_log_587._native.native_decide.ax_1_1,Rs62Certificates,Rs62Certificates.RS62Theta1420Leaves,MathExtras.RS62.theta_log_587,IntervalArith.RatInterval.log_enclose_full,transcendental-enclosure,"Rat (exact, unbounded)",817,19848,239,"24-term series, ~793 halving steps, argument ~239 decimal digits",log_enclose_full,exact,1.1564579771846495,90.12570280992907,1
MathExtras.RS62.theta_log_593._native.native_decide.ax_1_1,Rs62Certificates,Rs62Certificates.RS62Theta1420Leaves,MathExtras.RS62.theta_log_593,IntervalArith.RatInterval.log_enclose_full,transcendental-enclosure,"Rat (exact, unbounded)",827,20097,242,"24-term series, ~803 halving steps, argument ~242 decimal digits",log_enclose_full,exact,1.1748744533531987,90.69374477844883,1
MathExtras.RS62.theta_log_599._native.native_decide.ax_1_1,Rs62Certificates,Rs62Certificates.RS62Theta1420Leaves,MathExtras.RS62.theta_log_599,IntervalArith.RatInterval.log_enclose_full,transcendental-enclosure,"Rat (exact, unbounded)",837,82200,245,"100-term series, ~813 halving steps, argument ~245 decimal digits",log_enclose_full,exact,1.1933732825525278,91.25830236010646,1
MathExtras.RS62.theta_log_601._native.native_decide.ax_1_1,Rs62Certificates,Rs62Certificates.RS62Theta1420Leaves,MathExtras.RS62.theta_log_601,IntervalArith.RatInterval.log_enclose_full,transcendental-enclosure,"Rat (exact, unbounded)",847,20595,248,"24-term series, ~823 halving steps, argument ~248 decimal digits",log_enclose_full,exact,1.2119538178517795,91.8194392064104,1
MathExtras.RS62.theta_log_607._native.native_decide.ax_1_1,Rs62Certificates,Rs62Certificates.RS62Theta1420Leaves,MathExtras.RS62.theta_log_607,IntervalArith.RatInterval.log_enclose_full,transcendental-enclosure,"Rat (exact, unbounded)",857,20844,251,"24-term series, ~833 halving steps, argument ~251 decimal digits",log_enclose_full,exact,1.2306154251840997,92.37721705238678,1
MathExtras.RS62.theta_log_613._native.native_decide.ax_1_1,Rs62Certificates,Rs62Certificates.RS62Theta1420Leaves,MathExtras.RS62.theta_log_613,IntervalArith.RatInterval.log_enclose_full,transcendental-enclosure,"Rat (exact, unbounded)",864,21011,253,"24-term series, ~840 halving steps, argument ~253 decimal digits",log_enclose_full,exact,1.243101229288824,92.74723249114028,1
MathExtras.RS62.theta_log_617._native.native_decide.ax_1_1,Rs62Certificates,Rs62Certificates.RS62Theta1420Leaves,MathExtras.RS62.theta_log_617,IntervalArith.RatInterval.log_enclose_full,transcendental-enclosure,"Rat (exact, unbounded)",874,21260,256,"24-term series, ~850 halving steps, argument ~256 decimal digits",log_enclose_full,exact,1.2618965812963387,93.29954423817516,1
MathExtras.RS62.theta_log_619._native.native_decide.ax_1_1,Rs62Certificates,Rs62Certificates.RS62Theta1420Leaves,MathExtras.RS62.theta_log_619,IntervalArith.RatInterval.log_enclose_full,transcendental-enclosure,"Rat (exact, unbounded)",884,21509,259,"24-term series, ~860 halving steps, argument ~259 decimal digits",log_enclose_full,exact,1.280771374343815,93.84865283617127,1
MathExtras.RS62.theta_log_631._native.native_decide.ax_1_1,Rs62Certificates,Rs62Certificates.RS62Theta1420Leaves,MathExtras.RS62.theta_log_631,IntervalArith.RatInterval.log_enclose_full,transcendental-enclosure,"Rat (exact, unbounded)",894,21758,262,"24-term series, ~870 halving steps, argument ~262 decimal digits",log_enclose_full,exact,1.2997250181820013,94.39461364496155,1
MathExtras.RS62.theta_log_641._native.native_decide.ax_1_1,Rs62Certificates,Rs62Certificates.RS62Theta1420Leaves,MathExtras.RS62.theta_log_641,IntervalArith.RatInterval.log_enclose_full,transcendental-enclosure,"Rat (exact, unbounded)",904,22007,265,"24-term series, ~880 halving steps, argument ~265 decimal digits",log_enclose_full,exact,1.3187569336700071,94.93748044637601,1
MathExtras.RS62.theta_log_643._native.native_decide.ax_1_1,Rs62Certificates,Rs62Certificates.RS62Theta1420Leaves,MathExtras.RS62.theta_log_643,IntervalArith.RatInterval.log_enclose_full,transcendental-enclosure,"Rat (exact, unbounded)",910,111755,267,"125-term series, ~886 halving steps, argument ~267 decimal digits",log_enclose_full,exact,1.3314880804706593,95.29769862532943,1
MathExtras.RS62.theta_log_647._native.native_decide.ax_1_1,Rs62Certificates,Rs62Certificates.RS62Theta1420Leaves,MathExtras.RS62.theta_log_647,IntervalArith.RatInterval.log_enclose_full,transcendental-enclosure,"Rat (exact, unbounded)",920,22422,270,"24-term series, ~896 halving steps, argument ~270 decimal digits",log_enclose_full,exact,1.3506491908509415,95.83552417307749,1
MathExtras.RS62.theta_log_653._native.native_decide.ax_1_1,Rs62Certificates,Rs62Certificates.RS62Theta1420Leaves,MathExtras.RS62.theta_log_653,IntervalArith.RatInterval.log_enclose_full,transcendental-enclosure,"Rat (exact, unbounded)",930,46250,273,"50-term series, ~906 halving steps, argument ~273 decimal digits",log_enclose_full,exact,1.3698870803253616,96.37039188085495,1
MathExtras.RS62.theta_log_659._native.native_decide.ax_1_1,Rs62Certificates,Rs62Certificates.RS62Theta1420Leaves,MathExtras.RS62.theta_log_659,IntervalArith.RatInterval.log_enclose_full,transcendental-enclosure,"Rat (exact, unbounded)",940,22921,276,"24-term series, ~916 halving steps, argument ~276 decimal digits",log_enclose_full,exact,1.3892012077382565,96.90235025421077,1
MathExtras.RS62.theta_log_661._native.native_decide.ax_1_1,Rs62Certificates,Rs62Certificates.RS62Theta1420Leaves,MathExtras.RS62.theta_log_661,IntervalArith.RatInterval.log_enclose_full,transcendental-enclosure,"Rat (exact, unbounded)",950,23170,279,"24-term series, ~926 halving steps, argument ~279 decimal digits",log_enclose_full,exact,1.4085910416007128,97.43144648602089,1
MathExtras.RS62.theta_log_673._native.native_decide.ax_1_1,Rs62Certificates,Rs62Certificates.RS62Theta1420Leaves,MathExtras.RS62.theta_log_673,IntervalArith.RatInterval.log_enclose_full,transcendental-enclosure,"Rat (exact, unbounded)",957,23336,281,"24-term series, ~933 halving steps, argument ~281 decimal digits",log_enclose_full,exact,1.4215593984434676,97.78260996035256,1
MathExtras.RS62.theta_log_677._native.native_decide.ax_1_1,Rs62Certificates,Rs62Certificates.RS62Theta1420Leaves,MathExtras.RS62.theta_log_677,IntervalArith.RatInterval.log_enclose_full,transcendental-enclosure,"Rat (exact, unbounded)",967,23585,284,"24-term series, ~943 halving steps, argument ~284 decimal digits",log_enclose_full,exact,1.4410742540239534,98.30703741900001,1
MathExtras.RS62.theta_log_683._native.native_decide.ax_1_1,Rs62Certificates,Rs62Certificates.RS62Theta1420Leaves,MathExtras.RS62.theta_log_683,IntervalArith.RatInterval.log_enclose_full,transcendental-enclosure,"Rat (exact, unbounded)",977,23834,287,"24-term series, ~953 halving steps, argument ~287 decimal digits",log_enclose_full,exact,1.4606634439523123,98.82872253320124,1
MathExtras.RS62.theta_log_691._native.native_decide.ax_1_1,Rs62Certificates,Rs62Certificates.RS62Theta1420Leaves,MathExtras.RS62.theta_log_691,IntervalArith.RatInterval.log_enclose_full,transcendental-enclosure,"Rat (exact, unbounded)",987,121382,290,"125-term series, ~963 halving steps, argument ~290 decimal digits",log_enclose_full,exact,1.4803264699113092,99.34770808638189,1
MathExtras.RS62.theta_log_701._native.native_decide.ax_1_1,Rs62Certificates,Rs62Certificates.RS62Theta1420Leaves,MathExtras.RS62.theta_log_701,IntervalArith.RatInterval.log_enclose_full,transcendental-enclosure,"Rat (exact, unbounded)",997,24332,293,"24-term series, ~973 halving steps, argument ~293 decimal digits",log_enclose_full,exact,1.5000628420546511,99.8640357599054,1
MathExtras.RS62.theta_log_709._native.native_decide.ax_1_1,Rs62Certificates,Rs62Certificates.RS62Theta1420Leaves,MathExtras.RS62.theta_log_709,IntervalArith.RatInterval.log_enclose_full,transcendental-enclosure,"Rat (exact, unbounded)",1007,24582,296,"24-term series, ~983 halving steps, argument ~296 decimal digits",log_enclose_full,exact,1.5198720787775606,100.37774617242776,1
MathExtras.RS62.theta_log_719._native.native_decide.ax_1_1,Rs62Certificates,Rs62Certificates.RS62Theta1420Leaves,MathExtras.RS62.theta_log_719,IntervalArith.RatInterval.log_enclose_full,transcendental-enclosure,"Rat (exact, unbounded)",1013,24748,298,"24-term series, ~989 halving steps, argument ~298 decimal digits",log_enclose_full,exact,1.5331184827224842,100.71878534033229,1
MathExtras.RS62.theta_log_727._native.native_decide.ax_1_1,Rs62Certificates,Rs62Certificates.RS62Theta1420Leaves,MathExtras.RS62.theta_log_727,IntervalArith.RatInterval.log_enclose_full,transcendental-enclosure,"Rat (exact, unbounded)",1023,24997,301,"24-term series, ~999 halving steps, argument ~301 decimal digits",log_enclose_full,exact,1.5530481118661814,101.2282211468177,1
MathExtras.RS62.theta_log_733._native.native_decide.ax_1_1,Rs62Certificates,Rs62Certificates.RS62Theta1420Leaves,MathExtras.RS62.theta_log_733,IntervalArith.RatInterval.log_enclose_full,transcendental-enclosure,"Rat (exact, unbounded)",1033,127242,304,"125-term series, ~1009 halving steps, argument ~304 decimal digits",log_enclose_full,exact,1.5730493599470958,101.73514309362352,1
MathExtras.RS62.theta_log_739._native.native_decide.ax_1_1,Rs62Certificates,Rs62Certificates.RS62Theta1420Leaves,MathExtras.RS62.theta_log_739,IntervalArith.RatInterval.log_enclose_full,transcendental-enclosure,"Rat (exact, unbounded)",1043,25495,307,"24-term series, ~1019 halving steps, argument ~307 decimal digits",log_enclose_full,exact,1.5931217737493581,102.23958821163697,1
MathExtras.RS62.theta_log_743._native.native_decide.ax_1_1,Rs62Certificates,Rs62Certificates.RS62Theta1420Leaves,MathExtras.RS62.theta_log_743,IntervalArith.RatInterval.log_enclose_full,transcendental-enclosure,"Rat (exact, unbounded)",1053,129753,310,"125-term series, ~1029 halving steps, argument ~310 decimal digits",log_enclose_full,exact,1.6132649073339407,102.74159263056103,1
MathExtras.RS62.theta_log_751._native.native_decide.ax_1_1,Rs62Certificates,Rs62Certificates.RS62Theta1420Leaves,MathExtras.RS62.theta_log_751,IntervalArith.RatInterval.log_enclose_full,transcendental-enclosure,"Rat (exact, unbounded)",1063,25993,313,"24-term series, ~1039 halving steps, argument ~313 decimal digits",log_enclose_full,exact,1.6334783218524043,103.24119160933475,1
MathExtras.RS62.theta_log_757._native.native_decide.ax_1_1,Rs62Certificates,Rs62Certificates.RS62Theta1420Leaves,MathExtras.RS62.theta_log_757,IntervalArith.RatInterval.log_enclose_full,transcendental-enclosure,"Rat (exact, unbounded)",1073,26243,316,"24-term series, ~1049 halving steps, argument ~316 decimal digits",log_enclose_full,exact,1.6537615853671492,103.73841956524588,1
MathExtras.RS62.theta_log_761._native.native_decide.ax_1_1,Rs62Certificates,Rs62Certificates.RS62Theta1420Leaves,MathExtras.RS62.theta_log_761,IntervalArith.RatInterval.log_enclose_full,transcendental-enclosure,"Rat (exact, unbounded)",1083,54043,319,"50-term series, ~1059 halving steps, argument ~319 decimal digits",log_enclose_full,exact,1.6741142726778964,104.23331010180341,1
MathExtras.RS62.theta_log_769._native.native_decide.ax_1_1,Rs62Certificates,Rs62Certificates.RS62Theta1420Leaves,MathExtras.RS62.theta_log_769,IntervalArith.RatInterval.log_enclose_full,transcendental-enclosure,"Rat (exact, unbounded)",1090,26658,321,"24-term series, ~1066 halving steps, argument ~321 decimal digits",log_enclose_full,exact,1.6877210926640536,104.5619547971215,1
MathExtras.RS62.theta_log_773._native.native_decide.ax_1_1,Rs62Certificates,Rs62Certificates.RS62Theta1420Leaves,MathExtras.RS62.theta_log_773,IntervalArith.RatInterval.log_enclose_full,transcendental-enclosure,"Rat (exact, unbounded)",1100,26907,324,"24-term series, ~1076 halving steps, argument ~324 decimal digits",log_enclose_full,exact,1.7081885591822756,105.05302218307932,1
MathExtras.RS62.theta_log_787._native.native_decide.ax_1_1,Rs62Certificates,Rs62Certificates.RS62Theta1420Leaves,MathExtras.RS62.theta_log_787,IntervalArith.RatInterval.log_enclose_full,transcendental-enclosure,"Rat (exact, unbounded)",1110,27156,327,"24-term series, ~1086 halving steps, argument ~327 decimal digits",log_enclose_full,exact,1.7287243473106564,105.541837980082,1
MathExtras.RS62.theta_log_797._native.native_decide.ax_1_1,Rs62Certificates,Rs62Certificates.RS62Theta1420Leaves,MathExtras.RS62.theta_log_797,IntervalArith.RatInterval.log_enclose_full,transcendental-enclosure,"Rat (exact, unbounded)",1120,27405,330,"24-term series, ~1096 halving steps, argument ~330 decimal digits",log_enclose_full,exact,1.749328055161278,106.02843302787993,1
MathExtras.RS62.theta_log_809._native.native_decide.ax_1_1,Rs62Certificates,Rs62Certificates.RS62Theta1420Leaves,MathExtras.RS62.theta_log_809,IntervalArith.RatInterval.log_enclose_full,transcendental-enclosure,"Rat (exact, unbounded)",1130,27654,333,"24-term series, ~1106 halving steps, argument ~333 decimal digits",log_enclose_full,exact,1.7699992868484284,106.51283746790183,1
MathExtras.RS62.theta_log_811._native.native_decide.ax_1_1,Rs62Certificates,Rs62Certificates.RS62Theta1420Leaves,MathExtras.RS62.theta_log_811,IntervalArith.RatInterval.log_enclose_full,transcendental-enclosure,"Rat (exact, unbounded)",1140,27903,336,"24-term series, ~1116 halving steps, argument ~336 decimal digits",log_enclose_full,exact,1.7907376523456024,106.99508076520256,1
MathExtras.RS62.theta_log_821._native.native_decide.ax_1_1,Rs62Certificates,Rs62Certificates.RS62Theta1420Leaves,MathExtras.RS62.theta_log_821,IntervalArith.RatInterval.log_enclose_full,transcendental-enclosure,"Rat (exact, unbounded)",1150,28153,339,"24-term series, ~1126 halving steps, argument ~339 decimal digits",log_enclose_full,exact,1.811542767347157,107.475191729532,1
MathExtras.RS62.theta_log_823._native.native_decide.ax_1_1,Rs62Certificates,Rs62Certificates.RS62Theta1420Leaves,MathExtras.RS62.theta_log_823,IntervalArith.RatInterval.log_enclose_full,transcendental-enclosure,"Rat (exact, unbounded)",1160,28402,342,"24-term series, ~1136 halving steps, argument ~342 decimal digits",log_enclose_full,exact,1.8324142531344274,107.95319853556713,1
MathExtras.RS62.theta_log_827._native.native_decide.ax_1_1,Rs62Certificates,Rs62Certificates.RS62Theta1420Leaves,MathExtras.RS62.theta_log_827,IntervalArith.RatInterval.log_enclose_full,transcendental-enclosure,"Rat (exact, unbounded)",1170,144402,345,"125-term series, ~1146 halving steps, argument ~345 decimal digits",log_enclose_full,exact,1.8533517364461318,108.42912874234797,1
MathExtras.RS62.theta_log_829._native.native_decide.ax_1_1,Rs62Certificates,Rs62Certificates.RS62Theta1420Leaves,MathExtras.RS62.theta_log_829,IntervalArith.RatInterval.log_enclose_full,transcendental-enclosure,"Rat (exact, unbounded)",1180,116758,348,"100-term series, ~1156 halving steps, argument ~348 decimal digits",log_enclose_full,exact,1.8743548493528774,108.90300931195516,1
MathExtras.RS62.theta_log_839._native.native_decide.ax_1_1,Rs62Certificates,Rs62Certificates.RS62Theta1420Leaves,MathExtras.RS62.theta_log_839,IntervalArith.RatInterval.log_enclose_full,transcendental-enclosure,"Rat (exact, unbounded)",1189,29149,351,"24-term series, ~1165 halving steps, argument ~351 decimal digits",log_enclose_full,exact,1.895423229135618,109.37486662746511,1
MathExtras.RS62.theta_log_853._native.native_decide.ax_1_1,Rs62Certificates,Rs62Certificates.RS62Theta1420Leaves,MathExtras.RS62.theta_log_853,IntervalArith.RatInterval.log_enclose_full,transcendental-enclosure,"Rat (exact, unbounded)",1199,29398,354,"24-term series, ~1175 halving steps, argument ~354 decimal digits",log_enclose_full,exact,1.9165565181678927,109.84472651021642,1
MathExtras.RS62.theta_log_857._native.native_decide.ax_1_1,Rs62Certificates,Rs62Certificates.RS62Theta1420Leaves,MathExtras.RS62.theta_log_857,IntervalArith.RatInterval.log_enclose_full,transcendental-enclosure,"Rat (exact, unbounded)",1206,149007,356,"125-term series, ~1182 halving steps, argument ~356 decimal digits",log_enclose_full,exact,1.9306812638682573,110.15686925121095,1
MathExtras.RS62.theta_log_859._native.native_decide.ax_1_1,Rs62Certificates,Rs62Certificates.RS62Theta1420Leaves,MathExtras.RS62.theta_log_859,IntervalArith.RatInterval.log_enclose_full,transcendental-enclosure,"Rat (exact, unbounded)",1216,150262,359,"125-term series, ~1192 halving steps, argument ~359 decimal digits",log_enclose_full,exact,1.9519219537292043,110.62345598677662,1
MathExtras.RS62.theta_log_863._native.native_decide.ax_1_1,Rs62Certificates,Rs62Certificates.RS62Theta1420Leaves,MathExtras.RS62.theta_log_863,IntervalArith.RatInterval.log_enclose_full,transcendental-enclosure,"Rat (exact, unbounded)",1226,30063,362,"24-term series, ~1202 halving steps, argument ~362 decimal digits",log_enclose_full,exact,1.9732266232093618,111.08811152455831,1
MathExtras.RS62.theta_log_877._native.native_decide.ax_1_1,Rs62Certificates,Rs62Certificates.RS62Theta1420Leaves,MathExtras.RS62.theta_log_877,IntervalArith.RatInterval.log_enclose_full,transcendental-enclosure,"Rat (exact, unbounded)",1236,30312,365,"24-term series, ~1212 halving steps, argument ~365 decimal digits",log_enclose_full,exact,1.994594932404891,111.55085976362388,1
MathExtras.RS62.theta_log_881._native.native_decide.ax_1_1,Rs62Certificates,Rs62Certificates.RS62Theta1420Leaves,MathExtras.RS62.theta_log_881,IntervalArith.RatInterval.log_enclose_full,transcendental-enclosure,"Rat (exact, unbounded)",1246,123468,368,"100-term series, ~1222 halving steps, argument ~368 decimal digits",log_enclose_full,exact,2.016026546000883,112.01172411367081,1
MathExtras.RS62.theta_log_883._native.native_decide.ax_1_1,Rs62Certificates,Rs62Certificates.RS62Theta1420Leaves,MathExtras.RS62.theta_log_883,IntervalArith.RatInterval.log_enclose_full,transcendental-enclosure,"Rat (exact, unbounded)",1256,30810,371,"24-term series, ~1232 halving steps, argument ~371 decimal digits",log_enclose_full,exact,2.0375211331724445,112.47072750894708,1
MathExtras.RS62.theta_log_887._native.native_decide.ax_1_1,Rs62Certificates,Rs62Certificates.RS62Theta1420Leaves,MathExtras.RS62.theta_log_887,IntervalArith.RatInterval.log_enclose_full,transcendental-enclosure,"Rat (exact, unbounded)",1266,156541,374,"125-term series, ~1242 halving steps, argument ~374 decimal digits",log_enclose_full,exact,2.059078367488698,112.92789242166657,1
MathExtras.RS62.theta_log_907._native.native_decide.ax_1_1,Rs62Certificates,Rs62Certificates.RS62Theta1420Leaves,MathExtras.RS62.theta_log_907,IntervalArith.RatInterval.log_enclose_full,transcendental-enclosure,"Rat (exact, unbounded)",1276,31308,377,"24-term series, ~1252 halving steps, argument ~377 decimal digits",log_enclose_full,exact,2.080697926819591,113.38324087494183,1
MathExtras.RS62.theta_log_911._native.native_decide.ax_1_1,Rs62Certificates,Rs62Certificates.RS62Theta1420Leaves,MathExtras.RS62.theta_log_911,IntervalArith.RatInterval.log_enclose_full,transcendental-enclosure,"Rat (exact, unbounded)",1286,127494,380,"100-term series, ~1262 halving steps, argument ~380 decimal digits",log_enclose_full,exact,2.1023794932454054,113.83679445525476,1
MathExtras.RS62.theta_log_919._native.native_decide.ax_1_1,Rs62Certificates,Rs62Certificates.RS62Theta1420Leaves,MathExtras.RS62.theta_log_919,IntervalArith.RatInterval.log_enclose_full,transcendental-enclosure,"Rat (exact, unbounded)",1296,31807,383,"24-term series, ~1272 halving steps, argument ~383 decimal digits",log_enclose_full,exact,2.1241227529688747,114.2885743244857,1
MathExtras.RS62.theta_log_929._native.native_decide.ax_1_1,Rs62Certificates,Rs62Certificates.RS62Theta1420Leaves,MathExtras.RS62.theta_log_929,IntervalArith.RatInterval.log_enclose_full,transcendental-enclosure,"Rat (exact, unbounded)",1306,65394,386,"50-term series, ~1282 halving steps, argument ~386 decimal digits",log_enclose_full,exact,2.1459273962298084,114.73860123151937,1
MathExtras.RS62.theta_log_937._native.native_decide.ax_1_1,Rs62Certificates,Rs62Certificates.RS62Theta1420Leaves,MathExtras.RS62.theta_log_937,IntervalArith.RatInterval.log_enclose_full,transcendental-enclosure,"Rat (exact, unbounded)",1316,27136,389,"20-term series, ~1292 halving steps, argument ~389 decimal digits",log_enclose_full,exact,2.1677931172221387,115.1868955234464,1
MathExtras.RS62.theta_log_941._native.native_decide.ax_1_1,Rs62Certificates,Rs62Certificates.RS62Theta1420Leaves,MathExtras.RS62.theta_log_941,IntervalArith.RatInterval.log_enclose_full,transcendental-enclosure,"Rat (exact, unbounded)",1326,32554,392,"24-term series, ~1302 halving steps, argument ~392 decimal digits",log_enclose_full,exact,2.1897196140132924,115.63347715637678,1
MathExtras.RS62.theta_log_947._native.native_decide.ax_1_1,Rs62Certificates,Rs62Certificates.RS62Theta1420Leaves,MathExtras.RS62.theta_log_947,IntervalArith.RatInterval.log_enclose_full,transcendental-enclosure,"Rat (exact, unbounded)",1336,66919,395,"50-term series, ~1312 halving steps, argument ~395 decimal digits",log_enclose_full,exact,2.211706588465821,116.07836570588208,1
MathExtras.RS62.theta_log_953._native.native_decide.ax_1_1,Rs62Certificates,Rs62Certificates.RS62Theta1420Leaves,MathExtras.RS62.theta_log_953,IntervalArith.RatInterval.log_enclose_full,transcendental-enclosure,"Rat (exact, unbounded)",1346,166586,398,"125-term series, ~1322 halving steps, argument ~398 decimal digits",log_enclose_full,exact,2.2337537461611916,116.5215803770818,1
MathExtras.RS62.theta_log_967._native.native_decide.ax_1_1,Rs62Certificates,Rs62Certificates.RS62Theta1420Leaves,MathExtras.RS62.theta_log_967,IntervalArith.RatInterval.log_enclose_full,transcendental-enclosure,"Rat (exact, unbounded)",1356,34634,401,"25-term series, ~1332 halving steps, argument ~401 decimal digits",log_enclose_full,exact,2.2558607963256803,116.9631400143883,1
MathExtras.RS62.theta_log_971._native.native_decide.ax_1_1,Rs62Certificates,Rs62Certificates.RS62Theta1420Leaves,MathExtras.RS62.theta_log_971,IntervalArith.RatInterval.log_enclose_full,transcendental-enclosure,"Rat (exact, unbounded)",1366,169097,404,"125-term series, ~1342 halving steps, argument ~404 decimal digits",log_enclose_full,exact,2.278027451758279,117.40306311092472,1
MathExtras.RS62.theta_log_977._native.native_decide.ax_1_1,Rs62Certificates,Rs62Certificates.RS62Theta1420Leaves,MathExtras.RS62.theta_log_977,IntervalArith.RatInterval.log_enclose_full,transcendental-enclosure,"Rat (exact, unbounded)",1376,170353,407,"125-term series, ~1352 halving steps, argument ~407 decimal digits",log_enclose_full,exact,2.3002534287605596,117.84136781762888,1
MathExtras.RS62.theta_log_983._native.native_decide.ax_1_1,Rs62Certificates,Rs62Certificates.RS62Theta1420Leaves,MathExtras.RS62.theta_log_983,IntervalArith.RatInterval.log_enclose_full,transcendental-enclosure,"Rat (exact, unbounded)",1385,35411,410,"25-term series, ~1361 halving steps, argument ~410 decimal digits",log_enclose_full,exact,2.322538447068418,118.27807195205607,1
MathExtras.RS62.theta_log_991._native.native_decide.ax_1_1,Rs62Certificates,Rs62Certificates.RS62Theta1420Leaves,MathExtras.RS62.theta_log_991,IntervalArith.RatInterval.log_enclose_full,transcendental-enclosure,"Rat (exact, unbounded)",1395,28810,413,"20-term series, ~1371 halving steps, argument ~413 decimal digits",log_enclose_full,exact,2.344882229785642,118.71319300689272,1
MathExtras.RS62.theta_log_997._native.native_decide.ax_1_1,Rs62Certificates,Rs62Certificates.RS62Theta1420Leaves,MathExtras.RS62.theta_log_997,IntervalArith.RatInterval.log_enclose_full,transcendental-enclosure,"Rat (exact, unbounded)",1405,174120,416,"125-term series, ~1381 halving steps, argument ~416 decimal digits",log_enclose_full,exact,2.3672845033192362,119.14674815819247,1
MathExtras.RS62Ladder.anchor_prodD._native.native_decide.ax_1_1,Rs62Certificates,Rs62Certificates.RS62AnchorSeeds,MathExtras.RS62Ladder.anchor_prodD,(named constants only),fixed-expression,Rat/RatInterval,1,,36,constant-depth comparison of named constants,CONSTANT,"constant depth, below measurement resolution",0.1,10.0,1
MathExtras.RS62Ladder.anchor_prodN._native.native_decide.ax_1_1,Rs62Certificates,Rs62Certificates.RS62AnchorSeeds,MathExtras.RS62Ladder.anchor_prodN,(named constants only),fixed-expression,Rat/RatInterval,1,,37,constant-depth comparison of named constants,CONSTANT,"constant depth, below measurement resolution",0.1,10.0,1
MathExtras.RS62Ladder.c314_00._native.native_decide.ax_1_1,Rs62Certificates,Rs62Certificates.RS62Ladder314Leaves,MathExtras.RS62Ladder.c314_00,MathExtras.RS62Ladder.loop314,linear-fold-sieve,Nat (2^48 fixed point),4997997,,22,"exact fuel from the atom: 4,997,997 iterations",rs62_loopE,exact,8041.38542709215,8000.0,134
MathExtras.RS62Ladder.c314_01._native.native_decide.ax_1_1,Rs62Certificates,Rs62Certificates.RS62Ladder314Leaves,MathExtras.RS62Ladder.c314_01,MathExtras.RS62Ladder.loop314,linear-fold-sieve,Nat (2^48 fixed point),5000000,,22,"exact fuel from the atom: 5,000,000 iterations",rs62_loopE,exact,8041.38542709215,8000.0,134
MathExtras.RS62Ladder.c314_02._native.native_decide.ax_1_1,Rs62Certificates,Rs62Certificates.RS62Ladder314Leaves,MathExtras.RS62Ladder.c314_02,MathExtras.RS62Ladder.loop314,linear-fold-sieve,Nat (2^48 fixed point),4500001,,22,"exact fuel from the atom: 4,500,001 iterations",rs62_loopE,exact,7261.251019986195,8000.0,121
MathExtras.RS62Ladder.c410_00._native.native_decide.ax_1_1,Rs62Certificates,Rs62Certificates.RS62Ladder410LeavesA,MathExtras.RS62Ladder.c410_00,MathExtras.RS62Ladder.loop410,linear-fold-sieve,Nat (2^48 fixed point),5000000,,16,"exact fuel from the atom: 5,000,000 iterations",rs62_loopE,exact,8041.38542709215,8000.0,134
MathExtras.RS62Ladder.c410_01._native.native_decide.ax_1_1,Rs62Certificates,Rs62Certificates.RS62Ladder410LeavesA,MathExtras.RS62Ladder.c410_01,MathExtras.RS62Ladder.loop410,linear-fold-sieve,Nat (2^48 fixed point),5000000,,16,"exact fuel from the atom: 5,000,000 iterations",rs62_loopE,exact,8041.38542709215,8000.0,134
MathExtras.RS62Ladder.c410_02._native.native_decide.ax_1_1,Rs62Certificates,Rs62Certificates.RS62Ladder410LeavesA,MathExtras.RS62Ladder.c410_02,MathExtras.RS62Ladder.loop410,linear-fold-sieve,Nat (2^48 fixed point),5000000,,16,"exact fuel from the atom: 5,000,000 iterations",rs62_loopE,exact,8041.38542709215,8000.0,134
MathExtras.RS62Ladder.c410_03._native.native_decide.ax_1_1,Rs62Certificates,Rs62Certificates.RS62Ladder410LeavesA,MathExtras.RS62Ladder.c410_03,MathExtras.RS62Ladder.loop410,linear-fold-sieve,Nat (2^48 fixed point),5000000,,16,"exact fuel from the atom: 5,000,000 iterations",rs62_loopE,exact,8041.38542709215,8000.0,134
MathExtras.RS62Ladder.c410_04._native.native_decide.ax_1_1,Rs62Certificates,Rs62Certificates.RS62Ladder410LeavesB,MathExtras.RS62Ladder.c410_04,MathExtras.RS62Ladder.loop410,linear-fold-sieve,Nat (2^48 fixed point),5000000,,16,"exact fuel from the atom: 5,000,000 iterations",rs62_loopE,exact,8041.38542709215,8000.0,134
MathExtras.RS62Ladder.c410_05._native.native_decide.ax_1_1,Rs62Certificates,Rs62Certificates.RS62Ladder410LeavesB,MathExtras.RS62Ladder.c410_05,MathExtras.RS62Ladder.loop410,linear-fold-sieve,Nat (2^48 fixed point),5000000,,16,"exact fuel from the atom: 5,000,000 iterations",rs62_loopE,exact,8041.38542709215,8000.0,134
MathExtras.RS62Ladder.c410_06._native.native_decide.ax_1_1,Rs62Certificates,Rs62Certificates.RS62Ladder410LeavesB,MathExtras.RS62Ladder.c410_06,MathExtras.RS62Ladder.loop410,linear-fold-sieve,Nat (2^48 fixed point),5000000,,16,"exact fuel from the atom: 5,000,000 iterations",rs62_loopE,exact,8041.38542709215,8000.0,134
MathExtras.RS62Ladder.c410_07._native.native_decide.ax_1_1,Rs62Certificates,Rs62Certificates.RS62Ladder410LeavesB,MathExtras.RS62Ladder.c410_07,MathExtras.RS62Ladder.loop410,linear-fold-sieve,Nat (2^48 fixed point),5000000,,16,"exact fuel from the atom: 5,000,000 iterations",rs62_loopE,exact,8041.38542709215,8000.0,134
MathExtras.RS62Ladder.c410_08._native.native_decide.ax_1_1,Rs62Certificates,Rs62Certificates.RS62Ladder410LeavesC,MathExtras.RS62Ladder.c410_08,MathExtras.RS62Ladder.loop410,linear-fold-sieve,Nat (2^48 fixed point),5000000,,16,"exact fuel from the atom: 5,000,000 iterations",rs62_loopE,exact,8041.38542709215,8000.0,134
MathExtras.RS62Ladder.c410_09._native.native_decide.ax_1_1,Rs62Certificates,Rs62Certificates.RS62Ladder410LeavesC,MathExtras.RS62Ladder.c410_09,MathExtras.RS62Ladder.loop410,linear-fold-sieve,Nat (2^48 fixed point),5000000,,16,"exact fuel from the atom: 5,000,000 iterations",rs62_loopE,exact,8041.38542709215,8000.0,134
MathExtras.RS62Ladder.c410_10._native.native_decide.ax_1_1,Rs62Certificates,Rs62Certificates.RS62Ladder410LeavesC,MathExtras.RS62Ladder.c410_10,MathExtras.RS62Ladder.loop410,linear-fold-sieve,Nat (2^48 fixed point),5000000,,16,"exact fuel from the atom: 5,000,000 iterations",rs62_loopE,exact,8041.38542709215,8000.0,134
MathExtras.RS62Ladder.c410_11._native.native_decide.ax_1_1,Rs62Certificates,Rs62Certificates.RS62Ladder410LeavesC,MathExtras.RS62Ladder.c410_11,MathExtras.RS62Ladder.loop410,linear-fold-sieve,Nat (2^48 fixed point),5000000,,16,"exact fuel from the atom: 5,000,000 iterations",rs62_loopE,exact,8041.38542709215,8000.0,134
MathExtras.RS62Ladder.c410_12._native.native_decide.ax_1_1,Rs62Certificates,Rs62Certificates.RS62Ladder410LeavesD,MathExtras.RS62Ladder.c410_12,MathExtras.RS62Ladder.loop410,linear-fold-sieve,Nat (2^48 fixed point),5000000,,16,"exact fuel from the atom: 5,000,000 iterations",rs62_loopE,exact,8041.38542709215,8000.0,134
MathExtras.RS62Ladder.c410_13._native.native_decide.ax_1_1,Rs62Certificates,Rs62Certificates.RS62Ladder410LeavesD,MathExtras.RS62Ladder.c410_13,MathExtras.RS62Ladder.loop410,linear-fold-sieve,Nat (2^48 fixed point),5000000,,16,"exact fuel from the atom: 5,000,000 iterations",rs62_loopE,exact,8041.38542709215,8000.0,134
MathExtras.RS62Ladder.c410_14._native.native_decide.ax_1_1,Rs62Certificates,Rs62Certificates.RS62Ladder410LeavesD,MathExtras.RS62Ladder.c410_14,MathExtras.RS62Ladder.loop410,linear-fold-sieve,Nat (2^48 fixed point),5000000,,16,"exact fuel from the atom: 5,000,000 iterations",rs62_loopE,exact,8041.38542709215,8000.0,134
MathExtras.RS62Ladder.c410_15._native.native_decide.ax_1_1,Rs62Certificates,Rs62Certificates.RS62Ladder410LeavesD,MathExtras.RS62Ladder.c410_15,MathExtras.RS62Ladder.loop410,linear-fold-sieve,Nat (2^48 fixed point),5000000,,16,"exact fuel from the atom: 5,000,000 iterations",rs62_loopE,exact,8041.38542709215,8000.0,134
MathExtras.RS62Ladder.c410_16._native.native_decide.ax_1_1,Rs62Certificates,Rs62Certificates.RS62Ladder410LeavesE,MathExtras.RS62Ladder.c410_16,MathExtras.RS62Ladder.loop410,linear-fold-sieve,Nat (2^48 fixed point),5000000,,16,"exact fuel from the atom: 5,000,000 iterations",rs62_loopE,exact,8041.38542709215,8000.0,134
MathExtras.RS62Ladder.c410_17._native.native_decide.ax_1_1,Rs62Certificates,Rs62Certificates.RS62Ladder410LeavesE,MathExtras.RS62Ladder.c410_17,MathExtras.RS62Ladder.loop410,linear-fold-sieve,Nat (2^48 fixed point),5000000,,16,"exact fuel from the atom: 5,000,000 iterations",rs62_loopE,exact,8041.38542709215,8000.0,134
MathExtras.RS62Ladder.c410_18._native.native_decide.ax_1_1,Rs62Certificates,Rs62Certificates.RS62Ladder410LeavesE,MathExtras.RS62Ladder.c410_18,MathExtras.RS62Ladder.loop410,linear-fold-sieve,Nat (2^48 fixed point),5000000,,16,"exact fuel from the atom: 5,000,000 iterations",rs62_loopE,exact,8041.38542709215,8000.0,134
MathExtras.RS62Ladder.c410_19._native.native_decide.ax_1_1,Rs62Certificates,Rs62Certificates.RS62Ladder410LeavesE,MathExtras.RS62Ladder.c410_19,MathExtras.RS62Ladder.loop410,linear-fold-sieve,Nat (2^48 fixed point),4900010,,16,"exact fuel from the atom: 4,900,010 iterations",rs62_loopE,exact,7921.364749075849,8000.0,132
MathExtras.RS62Ladder.cE_00._native.native_decide.ax_1_1,Rs62Certificates,Rs62Certificates.RS62AnchorLeavesA,MathExtras.RS62Ladder.cE_00,MathExtras.RS62Ladder.loopE,linear-fold-sieve,Nat (<= 2^63 fixed point),4999900,,15,"exact fuel from the atom: 4,999,900 iterations",rs62_loopE,exact,8041.38542709215,8000.0,134
MathExtras.RS62Ladder.cE_01._native.native_decide.ax_1_1,Rs62Certificates,Rs62Certificates.RS62AnchorLeavesA,MathExtras.RS62Ladder.cE_01,MathExtras.RS62Ladder.loopE,linear-fold-sieve,Nat (<= 2^63 fixed point),5000000,,15,"exact fuel from the atom: 5,000,000 iterations",rs62_loopE,exact,8041.38542709215,8000.0,134
MathExtras.RS62Ladder.cE_02._native.native_decide.ax_1_1,Rs62Certificates,Rs62Certificates.RS62AnchorLeavesA,MathExtras.RS62Ladder.cE_02,MathExtras.RS62Ladder.loopE,linear-fold-sieve,Nat (<= 2^63 fixed point),5000000,,15,"exact fuel from the atom: 5,000,000 iterations",rs62_loopE,exact,8041.38542709215,8000.0,134
MathExtras.RS62Ladder.cE_03._native.native_decide.ax_1_1,Rs62Certificates,Rs62Certificates.RS62AnchorLeavesA,MathExtras.RS62Ladder.cE_03,MathExtras.RS62Ladder.loopE,linear-fold-sieve,Nat (<= 2^63 fixed point),5000000,,15,"exact fuel from the atom: 5,000,000 iterations",rs62_loopE,exact,8041.38542709215,8000.0,134
MathExtras.RS62Ladder.cE_04._native.native_decide.ax_1_1,Rs62Certificates,Rs62Certificates.RS62AnchorLeavesB,MathExtras.RS62Ladder.cE_04,MathExtras.RS62Ladder.loopE,linear-fold-sieve,Nat (<= 2^63 fixed point),5000000,,15,"exact fuel from the atom: 5,000,000 iterations",rs62_loopE,exact,8041.38542709215,8000.0,134
MathExtras.RS62Ladder.cE_05._native.native_decide.ax_1_1,Rs62Certificates,Rs62Certificates.RS62AnchorLeavesB,MathExtras.RS62Ladder.cE_05,MathExtras.RS62Ladder.loopE,linear-fold-sieve,Nat (<= 2^63 fixed point),5000000,,15,"exact fuel from the atom: 5,000,000 iterations",rs62_loopE,exact,8041.38542709215,8000.0,134
MathExtras.RS62Ladder.cE_06._native.native_decide.ax_1_1,Rs62Certificates,Rs62Certificates.RS62AnchorLeavesB,MathExtras.RS62Ladder.cE_06,MathExtras.RS62Ladder.loopE,linear-fold-sieve,Nat (<= 2^63 fixed point),5000000,,15,"exact fuel from the atom: 5,000,000 iterations",rs62_loopE,exact,8041.38542709215,8000.0,134
MathExtras.RS62Ladder.cE_07._native.native_decide.ax_1_1,Rs62Certificates,Rs62Certificates.RS62AnchorLeavesB,MathExtras.RS62Ladder.cE_07,MathExtras.RS62Ladder.loopE,linear-fold-sieve,Nat (<= 2^63 fixed point),5000000,,15,"exact fuel from the atom: 5,000,000 iterations",rs62_loopE,exact,8041.38542709215,8000.0,134
MathExtras.RS62Ladder.cE_08._native.native_decide.ax_1_1,Rs62Certificates,Rs62Certificates.RS62AnchorLeavesC,MathExtras.RS62Ladder.cE_08,MathExtras.RS62Ladder.loopE,linear-fold-sieve,Nat (<= 2^63 fixed point),5000000,,15,"exact fuel from the atom: 5,000,000 iterations",rs62_loopE,exact,8041.38542709215,8000.0,134
MathExtras.RS62Ladder.cE_09._native.native_decide.ax_1_1,Rs62Certificates,Rs62Certificates.RS62AnchorLeavesC,MathExtras.RS62Ladder.cE_09,MathExtras.RS62Ladder.loopE,linear-fold-sieve,Nat (<= 2^63 fixed point),5000000,,15,"exact fuel from the atom: 5,000,000 iterations",rs62_loopE,exact,8041.38542709215,8000.0,134
MathExtras.RS62Ladder.cE_10._native.native_decide.ax_1_1,Rs62Certificates,Rs62Certificates.RS62AnchorLeavesC,MathExtras.RS62Ladder.cE_10,MathExtras.RS62Ladder.loopE,linear-fold-sieve,Nat (<= 2^63 fixed point),5000000,,15,"exact fuel from the atom: 5,000,000 iterations",rs62_loopE,exact,8041.38542709215,8000.0,134
MathExtras.RS62Ladder.cE_11._native.native_decide.ax_1_1,Rs62Certificates,Rs62Certificates.RS62AnchorLeavesC,MathExtras.RS62Ladder.cE_11,MathExtras.RS62Ladder.loopE,linear-fold-sieve,Nat (<= 2^63 fixed point),5000000,,15,"exact fuel from the atom: 5,000,000 iterations",rs62_loopE,exact,8041.38542709215,8000.0,134
MathExtras.RS62Ladder.cE_12._native.native_decide.ax_1_1,Rs62Certificates,Rs62Certificates.RS62AnchorLeavesD,MathExtras.RS62Ladder.cE_12,MathExtras.RS62Ladder.loopE,linear-fold-sieve,Nat (<= 2^63 fixed point),5000000,,15,"exact fuel from the atom: 5,000,000 iterations",rs62_loopE,exact,8041.38542709215,8000.0,134
MathExtras.RS62Ladder.cE_13._native.native_decide.ax_1_1,Rs62Certificates,Rs62Certificates.RS62AnchorLeavesD,MathExtras.RS62Ladder.cE_13,MathExtras.RS62Ladder.loopE,linear-fold-sieve,Nat (<= 2^63 fixed point),5000000,,15,"exact fuel from the atom: 5,000,000 iterations",rs62_loopE,exact,8041.38542709215,8000.0,134
MathExtras.RS62Ladder.cE_14._native.native_decide.ax_1_1,Rs62Certificates,Rs62Certificates.RS62AnchorLeavesD,MathExtras.RS62Ladder.cE_14,MathExtras.RS62Ladder.loopE,linear-fold-sieve,Nat (<= 2^63 fixed point),5000000,,15,"exact fuel from the atom: 5,000,000 iterations",rs62_loopE,exact,8041.38542709215,8000.0,134
MathExtras.RS62Ladder.cE_15._native.native_decide.ax_1_1,Rs62Certificates,Rs62Certificates.RS62AnchorLeavesD,MathExtras.RS62Ladder.cE_15,MathExtras.RS62Ladder.loopE,linear-fold-sieve,Nat (<= 2^63 fixed point),5000000,,15,"exact fuel from the atom: 5,000,000 iterations",rs62_loopE,exact,8041.38542709215,8000.0,134
MathExtras.RS62Ladder.cE_16._native.native_decide.ax_1_1,Rs62Certificates,Rs62Certificates.RS62AnchorLeavesE,MathExtras.RS62Ladder.cE_16,MathExtras.RS62Ladder.loopE,linear-fold-sieve,Nat (<= 2^63 fixed point),5000000,,15,"exact fuel from the atom: 5,000,000 iterations",rs62_loopE,exact,8041.38542709215,8000.0,134
MathExtras.RS62Ladder.cE_17._native.native_decide.ax_1_1,Rs62Certificates,Rs62Certificates.RS62AnchorLeavesE,MathExtras.RS62Ladder.cE_17,MathExtras.RS62Ladder.loopE,linear-fold-sieve,Nat (<= 2^63 fixed point),5000000,,15,"exact fuel from the atom: 5,000,000 iterations",rs62_loopE,exact,8041.38542709215,8000.0,134
MathExtras.RS62Ladder.cE_18._native.native_decide.ax_1_1,Rs62Certificates,Rs62Certificates.RS62AnchorLeavesE,MathExtras.RS62Ladder.cE_18,MathExtras.RS62Ladder.loopE,linear-fold-sieve,Nat (<= 2^63 fixed point),5000000,,15,"exact fuel from the atom: 5,000,000 iterations",rs62_loopE,exact,8041.38542709215,8000.0,134
MathExtras.RS62Ladder.cE_19._native.native_decide.ax_1_1,Rs62Certificates,Rs62Certificates.RS62AnchorLeavesE,MathExtras.RS62Ladder.cE_19,MathExtras.RS62Ladder.loopE,linear-fold-sieve,Nat (<= 2^63 fixed point),5000000,,15,"exact fuel from the atom: 5,000,000 iterations",rs62_loopE,exact,8041.38542709215,8000.0,134
MathExtras.RS62Ladder.cR_000._native.native_decide.ax_1_1,Rs62Certificates,Rs62Certificates.RS62LadderRangeLeavesA,MathExtras.RS62Ladder.cR_000,MathExtras.RS62Ladder.loopE,linear-fold-sieve,Nat (<= 2^63 fixed point),984459,,15,"exact fuel from the atom: 984,459 iterations",rs62_loopE,exact,1620.2791532200602,8000.0,27
MathExtras.RS62Ladder.cR_001._native.native_decide.ax_1_1,Rs62Certificates,Rs62Certificates.RS62LadderRangeLeavesA,MathExtras.RS62Ladder.cR_001,MathExtras.RS62Ladder.loopE,linear-fold-sieve,Nat (<= 2^63 fixed point),994150,,15,"exact fuel from the atom: 994,150 iterations",rs62_loopE,exact,1620.2791532200602,8000.0,27
MathExtras.RS62Ladder.cR_002._native.native_decide.ax_1_1,Rs62Certificates,Rs62Certificates.RS62LadderRangeLeavesA,MathExtras.RS62Ladder.cR_002,MathExtras.RS62Ladder.loopE,linear-fold-sieve,Nat (<= 2^63 fixed point),1003937,,15,"exact fuel from the atom: 1,003,937 iterations",rs62_loopE,exact,1620.2791532200602,8000.0,27
MathExtras.RS62Ladder.cR_003._native.native_decide.ax_1_1,Rs62Certificates,Rs62Certificates.RS62LadderRangeLeavesA,MathExtras.RS62Ladder.cR_003,MathExtras.RS62Ladder.loopE,linear-fold-sieve,Nat (<= 2^63 fixed point),1013821,,15,"exact fuel from the atom: 1,013,821 iterations",rs62_loopE,exact,1680.2894922282105,8000.0,28
MathExtras.RS62Ladder.cR_004._native.native_decide.ax_1_1,Rs62Certificates,Rs62Certificates.RS62LadderRangeLeavesA,MathExtras.RS62Ladder.cR_004,MathExtras.RS62Ladder.loopE,linear-fold-sieve,Nat (<= 2^63 fixed point),1023801,,15,"exact fuel from the atom: 1,023,801 iterations",rs62_loopE,exact,1680.2894922282105,8000.0,28
MathExtras.RS62Ladder.cR_005._native.native_decide.ax_1_1,Rs62Certificates,Rs62Certificates.RS62LadderRangeLeavesA,MathExtras.RS62Ladder.cR_005,MathExtras.RS62Ladder.loopE,linear-fold-sieve,Nat (<= 2^63 fixed point),1033880,,15,"exact fuel from the atom: 1,033,880 iterations",rs62_loopE,exact,1680.2894922282105,8000.0,28
MathExtras.RS62Ladder.cR_006._native.native_decide.ax_1_1,Rs62Certificates,Rs62Certificates.RS62LadderRangeLeavesA,MathExtras.RS62Ladder.cR_006,MathExtras.RS62Ladder.loopE,linear-fold-sieve,Nat (<= 2^63 fixed point),1044058,,15,"exact fuel from the atom: 1,044,058 iterations",rs62_loopE,exact,1680.2894922282105,8000.0,28
MathExtras.RS62Ladder.cR_007._native.native_decide.ax_1_1,Rs62Certificates,Rs62Certificates.RS62LadderRangeLeavesA,MathExtras.RS62Ladder.cR_007,MathExtras.RS62Ladder.loopE,linear-fold-sieve,Nat (<= 2^63 fixed point),1054337,,15,"exact fuel from the atom: 1,054,337 iterations",rs62_loopE,exact,1740.299831236361,8000.0,29
MathExtras.RS62Ladder.cR_008._native.native_decide.ax_1_1,Rs62Certificates,Rs62Certificates.RS62LadderRangeLeavesA,MathExtras.RS62Ladder.cR_008,MathExtras.RS62Ladder.loopE,linear-fold-sieve,Nat (<= 2^63 fixed point),1064716,,15,"exact fuel from the atom: 1,064,716 iterations",rs62_loopE,exact,1740.299831236361,8000.0,29
MathExtras.RS62Ladder.cR_009._native.native_decide.ax_1_1,Rs62Certificates,Rs62Certificates.RS62LadderRangeLeavesA,MathExtras.RS62Ladder.cR_009,MathExtras.RS62Ladder.loopE,linear-fold-sieve,Nat (<= 2^63 fixed point),1075198,,15,"exact fuel from the atom: 1,075,198 iterations",rs62_loopE,exact,1740.299831236361,8000.0,29
MathExtras.RS62Ladder.cR_010._native.native_decide.ax_1_1,Rs62Certificates,Rs62Certificates.RS62LadderRangeLeavesA,MathExtras.RS62Ladder.cR_010,MathExtras.RS62Ladder.loopE,linear-fold-sieve,Nat (<= 2^63 fixed point),1085783,,15,"exact fuel from the atom: 1,085,783 iterations",rs62_loopE,exact,1800.3101702445113,8000.0,30
MathExtras.RS62Ladder.cR_011._native.native_decide.ax_1_1,Rs62Certificates,Rs62Certificates.RS62LadderRangeLeavesA,MathExtras.RS62Ladder.cR_011,MathExtras.RS62Ladder.loopE,linear-fold-sieve,Nat (<= 2^63 fixed point),1096471,,15,"exact fuel from the atom: 1,096,471 iterations",rs62_loopE,exact,1800.3101702445113,8000.0,30
MathExtras.RS62Ladder.cR_012._native.native_decide.ax_1_1,Rs62Certificates,Rs62Certificates.RS62LadderRangeLeavesB,MathExtras.RS62Ladder.cR_012,MathExtras.RS62Ladder.loopE,linear-fold-sieve,Nat (<= 2^63 fixed point),1107266,,15,"exact fuel from the atom: 1,107,266 iterations",rs62_loopE,exact,1800.3101702445113,8000.0,30
MathExtras.RS62Ladder.cR_013._native.native_decide.ax_1_1,Rs62Certificates,Rs62Certificates.RS62LadderRangeLeavesB,MathExtras.RS62Ladder.cR_013,MathExtras.RS62Ladder.loopE,linear-fold-sieve,Nat (<= 2^63 fixed point),1118167,,15,"exact fuel from the atom: 1,118,167 iterations",rs62_loopE,exact,1800.3101702445113,8000.0,30
MathExtras.RS62Ladder.cR_014._native.native_decide.ax_1_1,Rs62Certificates,Rs62Certificates.RS62LadderRangeLeavesB,MathExtras.RS62Ladder.cR_014,MathExtras.RS62Ladder.loopE,linear-fold-sieve,Nat (<= 2^63 fixed point),1129175,,15,"exact fuel from the atom: 1,129,175 iterations",rs62_loopE,exact,1860.3205092526616,8000.0,31
MathExtras.RS62Ladder.cR_015._native.native_decide.ax_1_1,Rs62Certificates,Rs62Certificates.RS62LadderRangeLeavesB,MathExtras.RS62Ladder.cR_015,MathExtras.RS62Ladder.loopE,linear-fold-sieve,Nat (<= 2^63 fixed point),1140290,,15,"exact fuel from the atom: 1,140,290 iterations",rs62_loopE,exact,1860.3205092526616,8000.0,31
MathExtras.RS62Ladder.cR_016._native.native_decide.ax_1_1,Rs62Certificates,Rs62Certificates.RS62LadderRangeLeavesB,MathExtras.RS62Ladder.cR_016,MathExtras.RS62Ladder.loopE,linear-fold-sieve,Nat (<= 2^63 fixed point),1151517,,15,"exact fuel from the atom: 1,151,517 iterations",rs62_loopE,exact,1860.3205092526616,8000.0,31
MathExtras.RS62Ladder.cR_017._native.native_decide.ax_1_1,Rs62Certificates,Rs62Certificates.RS62LadderRangeLeavesB,MathExtras.RS62Ladder.cR_017,MathExtras.RS62Ladder.loopE,linear-fold-sieve,Nat (<= 2^63 fixed point),1162852,,15,"exact fuel from the atom: 1,162,852 iterations",rs62_loopE,exact,1920.330848260812,8000.0,32
MathExtras.RS62Ladder.cR_018._native.native_decide.ax_1_1,Rs62Certificates,Rs62Certificates.RS62LadderRangeLeavesB,MathExtras.RS62Ladder.cR_018,MathExtras.RS62Ladder.loopE,linear-fold-sieve,Nat (<= 2^63 fixed point),1174301,,15,"exact fuel from the atom: 1,174,301 iterations",rs62_loopE,exact,1920.330848260812,8000.0,32
MathExtras.RS62Ladder.cR_019._native.native_decide.ax_1_1,Rs62Certificates,Rs62Certificates.RS62LadderRangeLeavesB,MathExtras.RS62Ladder.cR_019,MathExtras.RS62Ladder.loopE,linear-fold-sieve,Nat (<= 2^63 fixed point),1185861,,15,"exact fuel from the atom: 1,185,861 iterations",rs62_loopE,exact,1920.330848260812,8000.0,32
MathExtras.RS62Ladder.cR_020._native.native_decide.ax_1_1,Rs62Certificates,Rs62Certificates.RS62LadderRangeLeavesB,MathExtras.RS62Ladder.cR_020,MathExtras.RS62Ladder.loopE,linear-fold-sieve,Nat (<= 2^63 fixed point),1197535,,15,"exact fuel from the atom: 1,197,535 iterations",rs62_loopE,exact,1980.3411872689624,8000.0,33
MathExtras.RS62Ladder.cR_021._native.native_decide.ax_1_1,Rs62Certificates,Rs62Certificates.RS62LadderRangeLeavesB,MathExtras.RS62Ladder.cR_021,MathExtras.RS62Ladder.loopE,linear-fold-sieve,Nat (<= 2^63 fixed point),1209325,,15,"exact fuel from the atom: 1,209,325 iterations",rs62_loopE,exact,1980.3411872689624,8000.0,33
MathExtras.RS62Ladder.cR_022._native.native_decide.ax_1_1,Rs62Certificates,Rs62Certificates.RS62LadderRangeLeavesB,MathExtras.RS62Ladder.cR_022,MathExtras.RS62Ladder.loopE,linear-fold-sieve,Nat (<= 2^63 fixed point),1221230,,15,"exact fuel from the atom: 1,221,230 iterations",rs62_loopE,exact,1980.3411872689624,8000.0,33
MathExtras.RS62Ladder.cR_023._native.native_decide.ax_1_1,Rs62Certificates,Rs62Certificates.RS62LadderRangeLeavesB,MathExtras.RS62Ladder.cR_023,MathExtras.RS62Ladder.loopE,linear-fold-sieve,Nat (<= 2^63 fixed point),1233252,,15,"exact fuel from the atom: 1,233,252 iterations",rs62_loopE,exact,2040.351526277113,8000.0,34
MathExtras.RS62Ladder.cR_024._native.native_decide.ax_1_1,Rs62Certificates,Rs62Certificates.RS62LadderRangeLeavesC,MathExtras.RS62Ladder.cR_024,MathExtras.RS62Ladder.loopE,linear-fold-sieve,Nat (<= 2^63 fixed point),1245393,,15,"exact fuel from the atom: 1,245,393 iterations",rs62_loopE,exact,2040.351526277113,8000.0,34
MathExtras.RS62Ladder.cR_025._native.native_decide.ax_1_1,Rs62Certificates,Rs62Certificates.RS62LadderRangeLeavesC,MathExtras.RS62Ladder.cR_025,MathExtras.RS62Ladder.loopE,linear-fold-sieve,Nat (<= 2^63 fixed point),1257654,,15,"exact fuel from the atom: 1,257,654 iterations",rs62_loopE,exact,2040.351526277113,8000.0,34
MathExtras.RS62Ladder.cR_026._native.native_decide.ax_1_1,Rs62Certificates,Rs62Certificates.RS62LadderRangeLeavesC,MathExtras.RS62Ladder.cR_026,MathExtras.RS62Ladder.loopE,linear-fold-sieve,Nat (<= 2^63 fixed point),1270034,,15,"exact fuel from the atom: 1,270,034 iterations",rs62_loopE,exact,2100.361865285263,8000.0,35
MathExtras.RS62Ladder.cR_027._native.native_decide.ax_1_1,Rs62Certificates,Rs62Certificates.RS62LadderRangeLeavesC,MathExtras.RS62Ladder.cR_027,MathExtras.RS62Ladder.loopE,linear-fold-sieve,Nat (<= 2^63 fixed point),1282538,,15,"exact fuel from the atom: 1,282,538 iterations",rs62_loopE,exact,2100.361865285263,8000.0,35
MathExtras.RS62Ladder.cR_028._native.native_decide.ax_1_1,Rs62Certificates,Rs62Certificates.RS62LadderRangeLeavesC,MathExtras.RS62Ladder.cR_028,MathExtras.RS62Ladder.loopE,linear-fold-sieve,Nat (<= 2^63 fixed point),1295164,,15,"exact fuel from the atom: 1,295,164 iterations",rs62_loopE,exact,2100.361865285263,8000.0,35
MathExtras.RS62Ladder.cR_029._native.native_decide.ax_1_1,Rs62Certificates,Rs62Certificates.RS62LadderRangeLeavesC,MathExtras.RS62Ladder.cR_029,MathExtras.RS62Ladder.loopE,linear-fold-sieve,Nat (<= 2^63 fixed point),1307914,,15,"exact fuel from the atom: 1,307,914 iterations",rs62_loopE,exact,2160.3722042934137,8000.0,36
MathExtras.RS62Ladder.cR_030._native.native_decide.ax_1_1,Rs62Certificates,Rs62Certificates.RS62LadderRangeLeavesC,MathExtras.RS62Ladder.cR_030,MathExtras.RS62Ladder.loopE,linear-fold-sieve,Nat (<= 2^63 fixed point),1320790,,15,"exact fuel from the atom: 1,320,790 iterations",rs62_loopE,exact,2160.3722042934137,8000.0,36
MathExtras.RS62Ladder.cR_031._native.native_decide.ax_1_1,Rs62Certificates,Rs62Certificates.RS62LadderRangeLeavesC,MathExtras.RS62Ladder.cR_031,MathExtras.RS62Ladder.loopE,linear-fold-sieve,Nat (<= 2^63 fixed point),1333792,,15,"exact fuel from the atom: 1,333,792 iterations",rs62_loopE,exact,2160.3722042934137,8000.0,36
MathExtras.RS62Ladder.cR_032._native.native_decide.ax_1_1,Rs62Certificates,Rs62Certificates.RS62LadderRangeLeavesC,MathExtras.RS62Ladder.cR_032,MathExtras.RS62Ladder.loopE,linear-fold-sieve,Nat (<= 2^63 fixed point),1346923,,15,"exact fuel from the atom: 1,346,923 iterations",rs62_loopE,exact,2220.382543301564,8000.0,37
MathExtras.RS62Ladder.cR_033._native.native_decide.ax_1_1,Rs62Certificates,Rs62Certificates.RS62LadderRangeLeavesC,MathExtras.RS62Ladder.cR_033,MathExtras.RS62Ladder.loopE,linear-fold-sieve,Nat (<= 2^63 fixed point),1360183,,15,"exact fuel from the atom: 1,360,183 iterations",rs62_loopE,exact,2220.382543301564,8000.0,37
MathExtras.RS62Ladder.cR_034._native.native_decide.ax_1_1,Rs62Certificates,Rs62Certificates.RS62LadderRangeLeavesC,MathExtras.RS62Ladder.cR_034,MathExtras.RS62Ladder.loopE,linear-fold-sieve,Nat (<= 2^63 fixed point),1373574,,15,"exact fuel from the atom: 1,373,574 iterations",rs62_loopE,exact,2220.382543301564,8000.0,37
MathExtras.RS62Ladder.cR_035._native.native_decide.ax_1_1,Rs62Certificates,Rs62Certificates.RS62LadderRangeLeavesC,MathExtras.RS62Ladder.cR_035,MathExtras.RS62Ladder.loopE,linear-fold-sieve,Nat (<= 2^63 fixed point),1387096,,15,"exact fuel from the atom: 1,387,096 iterations",rs62_loopE,exact,2280.3928823097144,8000.0,38
MathExtras.RS62Ladder.cR_036._native.native_decide.ax_1_1,Rs62Certificates,Rs62Certificates.RS62LadderRangeLeavesD,MathExtras.RS62Ladder.cR_036,MathExtras.RS62Ladder.loopE,linear-fold-sieve,Nat (<= 2^63 fixed point),1400751,,15,"exact fuel from the atom: 1,400,751 iterations",rs62_loopE,exact,2280.3928823097144,8000.0,38
MathExtras.RS62Ladder.cR_037._native.native_decide.ax_1_1,Rs62Certificates,Rs62Certificates.RS62LadderRangeLeavesD,MathExtras.RS62Ladder.cR_037,MathExtras.RS62Ladder.loopE,linear-fold-sieve,Nat (<= 2^63 fixed point),1414541,,15,"exact fuel from the atom: 1,414,541 iterations",rs62_loopE,exact,2280.3928823097144,8000.0,38
MathExtras.RS62Ladder.cR_038._native.native_decide.ax_1_1,Rs62Certificates,Rs62Certificates.RS62LadderRangeLeavesD,MathExtras.RS62Ladder.cR_038,MathExtras.RS62Ladder.loopE,linear-fold-sieve,Nat (<= 2^63 fixed point),1428466,,15,"exact fuel from the atom: 1,428,466 iterations",rs62_loopE,exact,2340.403221317865,8000.0,39
MathExtras.RS62Ladder.cR_039._native.native_decide.ax_1_1,Rs62Certificates,Rs62Certificates.RS62LadderRangeLeavesD,MathExtras.RS62Ladder.cR_039,MathExtras.RS62Ladder.loopE,linear-fold-sieve,Nat (<= 2^63 fixed point),1442529,,15,"exact fuel from the atom: 1,442,529 iterations",rs62_loopE,exact,2340.403221317865,8000.0,39
MathExtras.RS62Ladder.cR_040._native.native_decide.ax_1_1,Rs62Certificates,Rs62Certificates.RS62LadderRangeLeavesD,MathExtras.RS62Ladder.cR_040,MathExtras.RS62Ladder.loopE,linear-fold-sieve,Nat (<= 2^63 fixed point),1456731,,15,"exact fuel from the atom: 1,456,731 iterations",rs62_loopE,exact,2400.413560326015,8000.0,40
MathExtras.RS62Ladder.cR_041._native.native_decide.ax_1_1,Rs62Certificates,Rs62Certificates.RS62LadderRangeLeavesD,MathExtras.RS62Ladder.cR_041,MathExtras.RS62Ladder.loopE,linear-fold-sieve,Nat (<= 2^63 fixed point),1471071,,15,"exact fuel from the atom: 1,471,071 iterations",rs62_loopE,exact,2400.413560326015,8000.0,40
MathExtras.RS62Ladder.cR_042._native.native_decide.ax_1_1,Rs62Certificates,Rs62Certificates.RS62LadderRangeLeavesD,MathExtras.RS62Ladder.cR_042,MathExtras.RS62Ladder.loopE,linear-fold-sieve,Nat (<= 2^63 fixed point),1485553,,15,"exact fuel from the atom: 1,485,553 iterations",rs62_loopE,exact,2400.413560326015,8000.0,40
MathExtras.RS62Ladder.cR_043._native.native_decide.ax_1_1,Rs62Certificates,Rs62Certificates.RS62LadderRangeLeavesD,MathExtras.RS62Ladder.cR_043,MathExtras.RS62Ladder.loopE,linear-fold-sieve,Nat (<= 2^63 fixed point),1500178,,15,"exact fuel from the atom: 1,500,178 iterations",rs62_loopE,exact,2460.4238993341655,8000.0,41
MathExtras.RS62Ladder.cR_044._native.native_decide.ax_1_1,Rs62Certificates,Rs62Certificates.RS62LadderRangeLeavesD,MathExtras.RS62Ladder.cR_044,MathExtras.RS62Ladder.loopE,linear-fold-sieve,Nat (<= 2^63 fixed point),1514947,,15,"exact fuel from the atom: 1,514,947 iterations",rs62_loopE,exact,2460.4238993341655,8000.0,41
MathExtras.RS62Ladder.cR_045._native.native_decide.ax_1_1,Rs62Certificates,Rs62Certificates.RS62LadderRangeLeavesD,MathExtras.RS62Ladder.cR_045,MathExtras.RS62Ladder.loopE,linear-fold-sieve,Nat (<= 2^63 fixed point),1529860,,15,"exact fuel from the atom: 1,529,860 iterations",rs62_loopE,exact,2460.4238993341655,8000.0,41
MathExtras.RS62Ladder.cR_046._native.native_decide.ax_1_1,Rs62Certificates,Rs62Certificates.RS62LadderRangeLeavesD,MathExtras.RS62Ladder.cR_046,MathExtras.RS62Ladder.loopE,linear-fold-sieve,Nat (<= 2^63 fixed point),1544922,,15,"exact fuel from the atom: 1,544,922 iterations",rs62_loopE,exact,2520.4342383423154,8000.0,42
MathExtras.RS62Ladder.cR_047._native.native_decide.ax_1_1,Rs62Certificates,Rs62Certificates.RS62LadderRangeLeavesD,MathExtras.RS62Ladder.cR_047,MathExtras.RS62Ladder.loopE,linear-fold-sieve,Nat (<= 2^63 fixed point),1560131,,15,"exact fuel from the atom: 1,560,131 iterations",rs62_loopE,exact,2520.4342383423154,8000.0,42
MathExtras.RS62Ladder.cR_048._native.native_decide.ax_1_1,Rs62Certificates,Rs62Certificates.RS62LadderRangeLeavesE,MathExtras.RS62Ladder.cR_048,MathExtras.RS62Ladder.loopE,linear-fold-sieve,Nat (<= 2^63 fixed point),1575489,,15,"exact fuel from the atom: 1,575,489 iterations",rs62_loopE,exact,2580.444577350466,8000.0,43
MathExtras.RS62Ladder.cR_049._native.native_decide.ax_1_1,Rs62Certificates,Rs62Certificates.RS62LadderRangeLeavesE,MathExtras.RS62Ladder.cR_049,MathExtras.RS62Ladder.loopE,linear-fold-sieve,Nat (<= 2^63 fixed point),1590999,,15,"exact fuel from the atom: 1,590,999 iterations",rs62_loopE,exact,2580.444577350466,8000.0,43
MathExtras.RS62Ladder.cR_050._native.native_decide.ax_1_1,Rs62Certificates,Rs62Certificates.RS62LadderRangeLeavesE,MathExtras.RS62Ladder.cR_050,MathExtras.RS62Ladder.loopE,linear-fold-sieve,Nat (<= 2^63 fixed point),1606663,,15,"exact fuel from the atom: 1,606,663 iterations",rs62_loopE,exact,2640.4549163586166,8000.0,44
MathExtras.RS62Ladder.cR_051._native.native_decide.ax_1_1,Rs62Certificates,Rs62Certificates.RS62LadderRangeLeavesE,MathExtras.RS62Ladder.cR_051,MathExtras.RS62Ladder.loopE,linear-fold-sieve,Nat (<= 2^63 fixed point),1622479,,15,"exact fuel from the atom: 1,622,479 iterations",rs62_loopE,exact,2640.4549163586166,8000.0,44
MathExtras.RS62Ladder.cR_052._native.native_decide.ax_1_1,Rs62Certificates,Rs62Certificates.RS62LadderRangeLeavesE,MathExtras.RS62Ladder.cR_052,MathExtras.RS62Ladder.loopE,linear-fold-sieve,Nat (<= 2^63 fixed point),1638451,,15,"exact fuel from the atom: 1,638,451 iterations",rs62_loopE,exact,2640.4549163586166,8000.0,44
MathExtras.RS62Ladder.cR_053._native.native_decide.ax_1_1,Rs62Certificates,Rs62Certificates.RS62LadderRangeLeavesE,MathExtras.RS62Ladder.cR_053,MathExtras.RS62Ladder.loopE,linear-fold-sieve,Nat (<= 2^63 fixed point),1654582,,15,"exact fuel from the atom: 1,654,582 iterations",rs62_loopE,exact,2700.465255366767,8000.0,45
MathExtras.RS62Ladder.cR_054._native.native_decide.ax_1_1,Rs62Certificates,Rs62Certificates.RS62LadderRangeLeavesE,MathExtras.RS62Ladder.cR_054,MathExtras.RS62Ladder.loopE,linear-fold-sieve,Nat (<= 2^63 fixed point),1670870,,15,"exact fuel from the atom: 1,670,870 iterations",rs62_loopE,exact,2700.465255366767,8000.0,45
MathExtras.RS62Ladder.cR_055._native.native_decide.ax_1_1,Rs62Certificates,Rs62Certificates.RS62LadderRangeLeavesE,MathExtras.RS62Ladder.cR_055,MathExtras.RS62Ladder.loopE,linear-fold-sieve,Nat (<= 2^63 fixed point),1687320,,15,"exact fuel from the atom: 1,687,320 iterations",rs62_loopE,exact,2760.4755943749174,8000.0,46
MathExtras.RS62Ladder.cR_056._native.native_decide.ax_1_1,Rs62Certificates,Rs62Certificates.RS62LadderRangeLeavesE,MathExtras.RS62Ladder.cR_056,MathExtras.RS62Ladder.loopE,linear-fold-sieve,Nat (<= 2^63 fixed point),1703930,,15,"exact fuel from the atom: 1,703,930 iterations",rs62_loopE,exact,2760.4755943749174,8000.0,46
MathExtras.RS62Ladder.cR_057._native.native_decide.ax_1_1,Rs62Certificates,Rs62Certificates.RS62LadderRangeLeavesE,MathExtras.RS62Ladder.cR_057,MathExtras.RS62Ladder.loopE,linear-fold-sieve,Nat (<= 2^63 fixed point),1720705,,15,"exact fuel from the atom: 1,720,705 iterations",rs62_loopE,exact,2820.4859333830677,8000.0,47
MathExtras.RS62Ladder.cR_058._native.native_decide.ax_1_1,Rs62Certificates,Rs62Certificates.RS62LadderRangeLeavesE,MathExtras.RS62Ladder.cR_058,MathExtras.RS62Ladder.loopE,linear-fold-sieve,Nat (<= 2^63 fixed point),1737644,,15,"exact fuel from the atom: 1,737,644 iterations",rs62_loopE,exact,2820.4859333830677,8000.0,47
MathExtras.RS62Ladder.cR_059._native.native_decide.ax_1_1,Rs62Certificates,Rs62Certificates.RS62LadderRangeLeavesE,MathExtras.RS62Ladder.cR_059,MathExtras.RS62Ladder.loopE,linear-fold-sieve,Nat (<= 2^63 fixed point),1754751,,15,"exact fuel from the atom: 1,754,751 iterations",rs62_loopE,exact,2820.4859333830677,8000.0,47
MathExtras.RS62Ladder.cR_060._native.native_decide.ax_1_1,Rs62Certificates,Rs62Certificates.RS62LadderRangeLeavesF,MathExtras.RS62Ladder.cR_060,MathExtras.RS62Ladder.loopE,linear-fold-sieve,Nat (<= 2^63 fixed point),1772026,,15,"exact fuel from the atom: 1,772,026 iterations",rs62_loopE,exact,2880.496272391218,8000.0,48
MathExtras.RS62Ladder.cR_061._native.native_decide.ax_1_1,Rs62Certificates,Rs62Certificates.RS62LadderRangeLeavesF,MathExtras.RS62Ladder.cR_061,MathExtras.RS62Ladder.loopE,linear-fold-sieve,Nat (<= 2^63 fixed point),1789470,,15,"exact fuel from the atom: 1,789,470 iterations",rs62_loopE,exact,2880.496272391218,8000.0,48
MathExtras.RS62Ladder.cR_062._native.native_decide.ax_1_1,Rs62Certificates,Rs62Certificates.RS62LadderRangeLeavesF,MathExtras.RS62Ladder.cR_062,MathExtras.RS62Ladder.loopE,linear-fold-sieve,Nat (<= 2^63 fixed point),1807087,,15,"exact fuel from the atom: 1,807,087 iterations",rs62_loopE,exact,2940.5066113993685,8000.0,49
MathExtras.RS62Ladder.cR_063._native.native_decide.ax_1_1,Rs62Certificates,Rs62Certificates.RS62LadderRangeLeavesF,MathExtras.RS62Ladder.cR_063,MathExtras.RS62Ladder.loopE,linear-fold-sieve,Nat (<= 2^63 fixed point),1824877,,15,"exact fuel from the atom: 1,824,877 iterations",rs62_loopE,exact,2940.5066113993685,8000.0,49
MathExtras.RS62Ladder.cR_064._native.native_decide.ax_1_1,Rs62Certificates,Rs62Certificates.RS62LadderRangeLeavesF,MathExtras.RS62Ladder.cR_064,MathExtras.RS62Ladder.loopE,linear-fold-sieve,Nat (<= 2^63 fixed point),1842842,,15,"exact fuel from the atom: 1,842,842 iterations",rs62_loopE,exact,3000.516950407519,8000.0,50
MathExtras.RS62Ladder.cR_065._native.native_decide.ax_1_1,Rs62Certificates,Rs62Certificates.RS62LadderRangeLeavesF,MathExtras.RS62Ladder.cR_065,MathExtras.RS62Ladder.loopE,linear-fold-sieve,Nat (<= 2^63 fixed point),1860985,,15,"exact fuel from the atom: 1,860,985 iterations",rs62_loopE,exact,3000.516950407519,8000.0,50
MathExtras.RS62Ladder.cR_066._native.native_decide.ax_1_1,Rs62Certificates,Rs62Certificates.RS62LadderRangeLeavesF,MathExtras.RS62Ladder.cR_066,MathExtras.RS62Ladder.loopE,linear-fold-sieve,Nat (<= 2^63 fixed point),1879305,,15,"exact fuel from the atom: 1,879,305 iterations",rs62_loopE,exact,3060.5272894156687,8000.0,51
MathExtras.RS62Ladder.cR_067._native.native_decide.ax_1_1,Rs62Certificates,Rs62Certificates.RS62LadderRangeLeavesF,MathExtras.RS62Ladder.cR_067,MathExtras.RS62Ladder.loopE,linear-fold-sieve,Nat (<= 2^63 fixed point),1897805,,15,"exact fuel from the atom: 1,897,805 iterations",rs62_loopE,exact,3060.5272894156687,8000.0,51
MathExtras.RS62Ladder.cR_068._native.native_decide.ax_1_1,Rs62Certificates,Rs62Certificates.RS62LadderRangeLeavesF,MathExtras.RS62Ladder.cR_068,MathExtras.RS62Ladder.loopE,linear-fold-sieve,Nat (<= 2^63 fixed point),1916489,,15,"exact fuel from the atom: 1,916,489 iterations",rs62_loopE,exact,3120.5376284238196,8000.0,52
MathExtras.RS62Ladder.cR_069._native.native_decide.ax_1_1,Rs62Certificates,Rs62Certificates.RS62LadderRangeLeavesF,MathExtras.RS62Ladder.cR_069,MathExtras.RS62Ladder.loopE,linear-fold-sieve,Nat (<= 2^63 fixed point),1935356,,15,"exact fuel from the atom: 1,935,356 iterations",rs62_loopE,exact,3120.5376284238196,8000.0,52
MathExtras.RS62Ladder.cR_070._native.native_decide.ax_1_1,Rs62Certificates,Rs62Certificates.RS62LadderRangeLeavesF,MathExtras.RS62Ladder.cR_070,MathExtras.RS62Ladder.loopE,linear-fold-sieve,Nat (<= 2^63 fixed point),1954409,,15,"exact fuel from the atom: 1,954,409 iterations",rs62_loopE,exact,3180.54796743197,8000.0,53
MathExtras.RS62Ladder.cR_071._native.native_decide.ax_1_1,Rs62Certificates,Rs62Certificates.RS62LadderRangeLeavesF,MathExtras.RS62Ladder.cR_071,MathExtras.RS62Ladder.loopE,linear-fold-sieve,Nat (<= 2^63 fixed point),1973649,,15,"exact fuel from the atom: 1,973,649 iterations",rs62_loopE,exact,3180.54796743197,8000.0,53
MathExtras.RS62Ladder.cR_072._native.native_decide.ax_1_1,Rs62Certificates,Rs62Certificates.RS62LadderRangeLeavesG,MathExtras.RS62Ladder.cR_072,MathExtras.RS62Ladder.loopE,linear-fold-sieve,Nat (<= 2^63 fixed point),1993079,,15,"exact fuel from the atom: 1,993,079 iterations",rs62_loopE,exact,3240.5583064401203,8000.0,54
MathExtras.RS62Ladder.cR_073._native.native_decide.ax_1_1,Rs62Certificates,Rs62Certificates.RS62LadderRangeLeavesG,MathExtras.RS62Ladder.cR_073,MathExtras.RS62Ladder.loopE,linear-fold-sieve,Nat (<= 2^63 fixed point),2012700,,15,"exact fuel from the atom: 2,012,700 iterations",rs62_loopE,exact,3240.5583064401203,8000.0,54
MathExtras.RS62Ladder.cR_074._native.native_decide.ax_1_1,Rs62Certificates,Rs62Certificates.RS62LadderRangeLeavesG,MathExtras.RS62Ladder.cR_074,MathExtras.RS62Ladder.loopE,linear-fold-sieve,Nat (<= 2^63 fixed point),2032514,,15,"exact fuel from the atom: 2,032,514 iterations",rs62_loopE,exact,3300.5686454482707,8000.0,55
MathExtras.RS62Ladder.cR_075._native.native_decide.ax_1_1,Rs62Certificates,Rs62Certificates.RS62LadderRangeLeavesG,MathExtras.RS62Ladder.cR_075,MathExtras.RS62Ladder.loopE,linear-fold-sieve,Nat (<= 2^63 fixed point),2052524,,15,"exact fuel from the atom: 2,052,524 iterations",rs62_loopE,exact,3300.5686454482707,8000.0,55
MathExtras.RS62Ladder.cR_076._native.native_decide.ax_1_1,Rs62Certificates,Rs62Certificates.RS62LadderRangeLeavesG,MathExtras.RS62Ladder.cR_076,MathExtras.RS62Ladder.loopE,linear-fold-sieve,Nat (<= 2^63 fixed point),2072729,,15,"exact fuel from the atom: 2,072,729 iterations",rs62_loopE,exact,3360.578984456421,8000.0,56
MathExtras.RS62Ladder.cR_077._native.native_decide.ax_1_1,Rs62Certificates,Rs62Certificates.RS62LadderRangeLeavesG,MathExtras.RS62Ladder.cR_077,MathExtras.RS62Ladder.loopE,linear-fold-sieve,Nat (<= 2^63 fixed point),2093135,,15,"exact fuel from the atom: 2,093,135 iterations",rs62_loopE,exact,3420.5893234645714,8000.0,57
MathExtras.RS62Ladder.cR_078._native.native_decide.ax_1_1,Rs62Certificates,Rs62Certificates.RS62LadderRangeLeavesG,MathExtras.RS62Ladder.cR_078,MathExtras.RS62Ladder.loopE,linear-fold-sieve,Nat (<= 2^63 fixed point),2113741,,15,"exact fuel from the atom: 2,113,741 iterations",rs62_loopE,exact,3420.5893234645714,8000.0,57
MathExtras.RS62Ladder.cR_079._native.native_decide.ax_1_1,Rs62Certificates,Rs62Certificates.RS62LadderRangeLeavesG,MathExtras.RS62Ladder.cR_079,MathExtras.RS62Ladder.loopE,linear-fold-sieve,Nat (<= 2^63 fixed point),2134550,,15,"exact fuel from the atom: 2,134,550 iterations",rs62_loopE,exact,3480.599662472722,8000.0,58
MathExtras.RS62Ladder.cR_080._native.native_decide.ax_1_1,Rs62Certificates,Rs62Certificates.RS62LadderRangeLeavesG,MathExtras.RS62Ladder.cR_080,MathExtras.RS62Ladder.loopE,linear-fold-sieve,Nat (<= 2^63 fixed point),2155563,,15,"exact fuel from the atom: 2,155,563 iterations",rs62_loopE,exact,3480.599662472722,8000.0,58
MathExtras.RS62Ladder.cR_081._native.native_decide.ax_1_1,Rs62Certificates,Rs62Certificates.RS62LadderRangeLeavesG,MathExtras.RS62Ladder.cR_081,MathExtras.RS62Ladder.loopE,linear-fold-sieve,Nat (<= 2^63 fixed point),2176785,,15,"exact fuel from the atom: 2,176,785 iterations",rs62_loopE,exact,3540.610001480872,8000.0,59
MathExtras.RS62Ladder.cR_082._native.native_decide.ax_1_1,Rs62Certificates,Rs62Certificates.RS62LadderRangeLeavesG,MathExtras.RS62Ladder.cR_082,MathExtras.RS62Ladder.loopE,linear-fold-sieve,Nat (<= 2^63 fixed point),2198213,,15,"exact fuel from the atom: 2,198,213 iterations",rs62_loopE,exact,3540.610001480872,8000.0,59
MathExtras.RS62Ladder.cR_083._native.native_decide.ax_1_1,Rs62Certificates,Rs62Certificates.RS62LadderRangeLeavesG,MathExtras.RS62Ladder.cR_083,MathExtras.RS62Ladder.loopE,linear-fold-sieve,Nat (<= 2^63 fixed point),2219854,,15,"exact fuel from the atom: 2,219,854 iterations",rs62_loopE,exact,3600.6203404890225,8000.0,60
MathExtras.RS62Ladder.cR_084._native.native_decide.ax_1_1,Rs62Certificates,Rs62Certificates.RS62LadderRangeLeavesH,MathExtras.RS62Ladder.cR_084,MathExtras.RS62Ladder.loopE,linear-fold-sieve,Nat (<= 2^63 fixed point),2241708,,15,"exact fuel from the atom: 2,241,708 iterations",rs62_loopE,exact,3660.630679497173,8000.0,61
MathExtras.RS62Ladder.cR_085._native.native_decide.ax_1_1,Rs62Certificates,Rs62Certificates.RS62LadderRangeLeavesH,MathExtras.RS62Ladder.cR_085,MathExtras.RS62Ladder.loopE,linear-fold-sieve,Nat (<= 2^63 fixed point),2263777,,15,"exact fuel from the atom: 2,263,777 iterations",rs62_loopE,exact,3660.630679497173,8000.0,61
MathExtras.RS62Ladder.cR_086._native.native_decide.ax_1_1,Rs62Certificates,Rs62Certificates.RS62LadderRangeLeavesH,MathExtras.RS62Ladder.cR_086,MathExtras.RS62Ladder.loopE,linear-fold-sieve,Nat (<= 2^63 fixed point),2286062,,15,"exact fuel from the atom: 2,286,062 iterations",rs62_loopE,exact,3720.6410185053232,8000.0,62
MathExtras.RS62Ladder.cR_087._native.native_decide.ax_1_1,Rs62Certificates,Rs62Certificates.RS62LadderRangeLeavesH,MathExtras.RS62Ladder.cR_087,MathExtras.RS62Ladder.loopE,linear-fold-sieve,Nat (<= 2^63 fixed point),2308568,,15,"exact fuel from the atom: 2,308,568 iterations",rs62_loopE,exact,3720.6410185053232,8000.0,62
MathExtras.RS62Ladder.cR_088._native.native_decide.ax_1_1,Rs62Certificates,Rs62Certificates.RS62LadderRangeLeavesH,MathExtras.RS62Ladder.cR_088,MathExtras.RS62Ladder.loopE,linear-fold-sieve,Nat (<= 2^63 fixed point),2331294,,15,"exact fuel from the atom: 2,331,294 iterations",rs62_loopE,exact,3780.6513575134736,8000.0,63
MathExtras.RS62Ladder.cR_089._native.native_decide.ax_1_1,Rs62Certificates,Rs62Certificates.RS62LadderRangeLeavesH,MathExtras.RS62Ladder.cR_089,MathExtras.RS62Ladder.loopE,linear-fold-sieve,Nat (<= 2^63 fixed point),2354246,,15,"exact fuel from the atom: 2,354,246 iterations",rs62_loopE,exact,3840.661696521624,8000.0,64
MathExtras.RS62Ladder.cR_090._native.native_decide.ax_1_1,Rs62Certificates,Rs62Certificates.RS62LadderRangeLeavesH,MathExtras.RS62Ladder.cR_090,MathExtras.RS62Ladder.loopE,linear-fold-sieve,Nat (<= 2^63 fixed point),2377421,,15,"exact fuel from the atom: 2,377,421 iterations",rs62_loopE,exact,3840.661696521624,8000.0,64
MathExtras.RS62Ladder.cR_091._native.native_decide.ax_1_1,Rs62Certificates,Rs62Certificates.RS62LadderRangeLeavesH,MathExtras.RS62Ladder.cR_091,MathExtras.RS62Ladder.loopE,linear-fold-sieve,Nat (<= 2^63 fixed point),2400827,,15,"exact fuel from the atom: 2,400,827 iterations",rs62_loopE,exact,3900.6720355297743,8000.0,65
MathExtras.RS62Ladder.cR_092._native.native_decide.ax_1_1,Rs62Certificates,Rs62Certificates.RS62LadderRangeLeavesH,MathExtras.RS62Ladder.cR_092,MathExtras.RS62Ladder.loopE,linear-fold-sieve,Nat (<= 2^63 fixed point),2424462,,15,"exact fuel from the atom: 2,424,462 iterations",rs62_loopE,exact,3900.6720355297743,8000.0,65
MathExtras.RS62Ladder.cR_093._native.native_decide.ax_1_1,Rs62Certificates,Rs62Certificates.RS62LadderRangeLeavesH,MathExtras.RS62Ladder.cR_093,MathExtras.RS62Ladder.loopE,linear-fold-sieve,Nat (<= 2^63 fixed point),2448329,,15,"exact fuel from the atom: 2,448,329 iterations",rs62_loopE,exact,3960.6823745379247,8000.0,66
MathExtras.RS62Ladder.cR_094._native.native_decide.ax_1_1,Rs62Certificates,Rs62Certificates.RS62LadderRangeLeavesH,MathExtras.RS62Ladder.cR_094,MathExtras.RS62Ladder.loopE,linear-fold-sieve,Nat (<= 2^63 fixed point),2472432,,15,"exact fuel from the atom: 2,472,432 iterations",rs62_loopE,exact,4020.692713546075,8000.0,67
MathExtras.RS62Ladder.cR_095._native.native_decide.ax_1_1,Rs62Certificates,Rs62Certificates.RS62LadderRangeLeavesH,MathExtras.RS62Ladder.cR_095,MathExtras.RS62Ladder.loopE,linear-fold-sieve,Nat (<= 2^63 fixed point),2496773,,15,"exact fuel from the atom: 2,496,773 iterations",rs62_loopE,exact,4020.692713546075,8000.0,67
MathExtras.RS62Ladder.cR_096._native.native_decide.ax_1_1,Rs62Certificates,Rs62Certificates.RS62LadderRangeLeavesI,MathExtras.RS62Ladder.cR_096,MathExtras.RS62Ladder.loopE,linear-fold-sieve,Nat (<= 2^63 fixed point),2521352,,15,"exact fuel from the atom: 2,521,352 iterations",rs62_loopE,exact,4080.703052554226,8000.0,68
MathExtras.RS62Ladder.cR_097._native.native_decide.ax_1_1,Rs62Certificates,Rs62Certificates.RS62LadderRangeLeavesI,MathExtras.RS62Ladder.cR_097,MathExtras.RS62Ladder.loopE,linear-fold-sieve,Nat (<= 2^63 fixed point),2546174,,15,"exact fuel from the atom: 2,546,174 iterations",rs62_loopE,exact,4140.713391562376,8000.0,69
MathExtras.RS62Ladder.cR_098._native.native_decide.ax_1_1,Rs62Certificates,Rs62Certificates.RS62LadderRangeLeavesI,MathExtras.RS62Ladder.cR_098,MathExtras.RS62Ladder.loopE,linear-fold-sieve,Nat (<= 2^63 fixed point),2571239,,15,"exact fuel from the atom: 2,571,239 iterations",rs62_loopE,exact,4140.713391562376,8000.0,69
MathExtras.RS62Ladder.cR_099._native.native_decide.ax_1_1,Rs62Certificates,Rs62Certificates.RS62LadderRangeLeavesI,MathExtras.RS62Ladder.cR_099,MathExtras.RS62Ladder.loopE,linear-fold-sieve,Nat (<= 2^63 fixed point),2596553,,15,"exact fuel from the atom: 2,596,553 iterations",rs62_loopE,exact,4200.723730570526,8000.0,70
MathExtras.RS62Ladder.cR_100._native.native_decide.ax_1_1,Rs62Certificates,Rs62Certificates.RS62LadderRangeLeavesI,MathExtras.RS62Ladder.cR_100,MathExtras.RS62Ladder.loopE,linear-fold-sieve,Nat (<= 2^63 fixed point),2622115,,15,"exact fuel from the atom: 2,622,115 iterations",rs62_loopE,exact,4260.734069578677,8000.0,71
MathExtras.RS62Ladder.cR_101._native.native_decide.ax_1_1,Rs62Certificates,Rs62Certificates.RS62LadderRangeLeavesI,MathExtras.RS62Ladder.cR_101,MathExtras.RS62Ladder.loopE,linear-fold-sieve,Nat (<= 2^63 fixed point),2647928,,15,"exact fuel from the atom: 2,647,928 iterations",rs62_loopE,exact,4260.734069578677,8000.0,71
MathExtras.RS62Ladder.cR_102._native.native_decide.ax_1_1,Rs62Certificates,Rs62Certificates.RS62LadderRangeLeavesI,MathExtras.RS62Ladder.cR_102,MathExtras.RS62Ladder.loopE,linear-fold-sieve,Nat (<= 2^63 fixed point),2673996,,15,"exact fuel from the atom: 2,673,996 iterations",rs62_loopE,exact,4320.744408586827,8000.0,72
MathExtras.RS62Ladder.cR_103._native.native_decide.ax_1_1,Rs62Certificates,Rs62Certificates.RS62LadderRangeLeavesI,MathExtras.RS62Ladder.cR_103,MathExtras.RS62Ladder.loopE,linear-fold-sieve,Nat (<= 2^63 fixed point),2700320,,15,"exact fuel from the atom: 2,700,320 iterations",rs62_loopE,exact,4380.754747594978,8000.0,73
MathExtras.RS62Ladder.cR_104._native.native_decide.ax_1_1,Rs62Certificates,Rs62Certificates.RS62LadderRangeLeavesI,MathExtras.RS62Ladder.cR_104,MathExtras.RS62Ladder.loopE,linear-fold-sieve,Nat (<= 2^63 fixed point),2726904,,15,"exact fuel from the atom: 2,726,904 iterations",rs62_loopE,exact,4440.765086603128,8000.0,74
MathExtras.RS62Ladder.cR_105._native.native_decide.ax_1_1,Rs62Certificates,Rs62Certificates.RS62LadderRangeLeavesI,MathExtras.RS62Ladder.cR_105,MathExtras.RS62Ladder.loopE,linear-fold-sieve,Nat (<= 2^63 fixed point),2753749,,15,"exact fuel from the atom: 2,753,749 iterations",rs62_loopE,exact,4440.765086603128,8000.0,74
MathExtras.RS62Ladder.cR_106._native.native_decide.ax_1_1,Rs62Certificates,Rs62Certificates.RS62LadderRangeLeavesI,MathExtras.RS62Ladder.cR_106,MathExtras.RS62Ladder.loopE,linear-fold-sieve,Nat (<= 2^63 fixed point),2780859,,15,"exact fuel from the atom: 2,780,859 iterations",rs62_loopE,exact,4500.775425611278,8000.0,75
MathExtras.RS62Ladder.cR_107._native.native_decide.ax_1_1,Rs62Certificates,Rs62Certificates.RS62LadderRangeLeavesI,MathExtras.RS62Ladder.cR_107,MathExtras.RS62Ladder.loopE,linear-fold-sieve,Nat (<= 2^63 fixed point),2808235,,15,"exact fuel from the atom: 2,808,235 iterations",rs62_loopE,exact,4560.785764619429,8000.0,76
MathExtras.RS62Ladder.cR_108._native.native_decide.ax_1_1,Rs62Certificates,Rs62Certificates.RS62LadderRangeLeavesJ,MathExtras.RS62Ladder.cR_108,MathExtras.RS62Ladder.loopE,linear-fold-sieve,Nat (<= 2^63 fixed point),2835881,,15,"exact fuel from the atom: 2,835,881 iterations",rs62_loopE,exact,4560.785764619429,8000.0,76
MathExtras.RS62Ladder.cR_109._native.native_decide.ax_1_1,Rs62Certificates,Rs62Certificates.RS62LadderRangeLeavesJ,MathExtras.RS62Ladder.cR_109,MathExtras.RS62Ladder.loopE,linear-fold-sieve,Nat (<= 2^63 fixed point),2863799,,15,"exact fuel from the atom: 2,863,799 iterations",rs62_loopE,exact,4620.796103627578,8000.0,77
MathExtras.RS62Ladder.cR_110._native.native_decide.ax_1_1,Rs62Certificates,Rs62Certificates.RS62LadderRangeLeavesJ,MathExtras.RS62Ladder.cR_110,MathExtras.RS62Ladder.loopE,linear-fold-sieve,Nat (<= 2^63 fixed point),2891992,,15,"exact fuel from the atom: 2,891,992 iterations",rs62_loopE,exact,4680.80644263573,8000.0,78
MathExtras.RS62Ladder.cR_111._native.native_decide.ax_1_1,Rs62Certificates,Rs62Certificates.RS62LadderRangeLeavesJ,MathExtras.RS62Ladder.cR_111,MathExtras.RS62Ladder.loopE,linear-fold-sieve,Nat (<= 2^63 fixed point),2920462,,15,"exact fuel from the atom: 2,920,462 iterations",rs62_loopE,exact,4740.816781643879,8000.0,79
MathExtras.RS62Ladder.cR_112._native.native_decide.ax_1_1,Rs62Certificates,Rs62Certificates.RS62LadderRangeLeavesJ,MathExtras.RS62Ladder.cR_112,MathExtras.RS62Ladder.loopE,linear-fold-sieve,Nat (<= 2^63 fixed point),2949213,,15,"exact fuel from the atom: 2,949,213 iterations",rs62_loopE,exact,4740.816781643879,8000.0,79
MathExtras.RS62Ladder.cR_113._native.native_decide.ax_1_1,Rs62Certificates,Rs62Certificates.RS62LadderRangeLeavesJ,MathExtras.RS62Ladder.cR_113,MathExtras.RS62Ladder.loopE,linear-fold-sieve,Nat (<= 2^63 fixed point),2978247,,15,"exact fuel from the atom: 2,978,247 iterations",rs62_loopE,exact,4800.82712065203,8000.0,80
MathExtras.RS62Ladder.cR_114._native.native_decide.ax_1_1,Rs62Certificates,Rs62Certificates.RS62LadderRangeLeavesJ,MathExtras.RS62Ladder.cR_114,MathExtras.RS62Ladder.loopE,linear-fold-sieve,Nat (<= 2^63 fixed point),3007567,,15,"exact fuel from the atom: 3,007,567 iterations",rs62_loopE,exact,4860.837459660181,8000.0,81
MathExtras.RS62Ladder.cR_115._native.native_decide.ax_1_1,Rs62Certificates,Rs62Certificates.RS62LadderRangeLeavesJ,MathExtras.RS62Ladder.cR_115,MathExtras.RS62Ladder.loopE,linear-fold-sieve,Nat (<= 2^63 fixed point),3037174,,15,"exact fuel from the atom: 3,037,174 iterations",rs62_loopE,exact,4920.847798668331,8000.0,82
MathExtras.RS62Ladder.cR_116._native.native_decide.ax_1_1,Rs62Certificates,Rs62Certificates.RS62LadderRangeLeavesJ,MathExtras.RS62Ladder.cR_116,MathExtras.RS62Ladder.loopE,linear-fold-sieve,Nat (<= 2^63 fixed point),3067075,,15,"exact fuel from the atom: 3,067,075 iterations",rs62_loopE,exact,4980.858137676481,8000.0,83
MathExtras.RS62Ladder.cR_117._native.native_decide.ax_1_1,Rs62Certificates,Rs62Certificates.RS62LadderRangeLeavesJ,MathExtras.RS62Ladder.cR_117,MathExtras.RS62Ladder.loopE,linear-fold-sieve,Nat (<= 2^63 fixed point),3097269,,15,"exact fuel from the atom: 3,097,269 iterations",rs62_loopE,exact,4980.858137676481,8000.0,83
MathExtras.RS62Ladder.cR_118._native.native_decide.ax_1_1,Rs62Certificates,Rs62Certificates.RS62LadderRangeLeavesJ,MathExtras.RS62Ladder.cR_118,MathExtras.RS62Ladder.loopE,linear-fold-sieve,Nat (<= 2^63 fixed point),3127760,,15,"exact fuel from the atom: 3,127,760 iterations",rs62_loopE,exact,5040.868476684631,8000.0,84
MathExtras.RS62Ladder.cR_119._native.native_decide.ax_1_1,Rs62Certificates,Rs62Certificates.RS62LadderRangeLeavesJ,MathExtras.RS62Ladder.cR_119,MathExtras.RS62Ladder.loopE,linear-fold-sieve,Nat (<= 2^63 fixed point),3158551,,15,"exact fuel from the atom: 3,158,551 iterations",rs62_loopE,exact,5100.878815692782,8000.0,85
MathExtras.RS62Ladder.lr_la_lb_000._native.native_decide.ax_1_1,Rs62Certificates,Rs62Certificates.RS62LadderRangeLogLeavesA,MathExtras.RS62Ladder.lr_la_lb_000,IntervalArith.RatInterval.log_enclose_full,transcendental-enclosure,"Rat (exact, unbounded)",53,747,9,"24-term series, ~29 halving steps, argument ~9 decimal digits",log_enclose_full,exact,0.09245317025652632,17.279443419657852,1
MathExtras.RS62Ladder.lr_la_lb_001._native.native_decide.ax_1_1,Rs62Certificates,Rs62Certificates.RS62LadderRangeLogLeavesA,MathExtras.RS62Ladder.lr_la_lb_001,IntervalArith.RatInterval.log_enclose_full,transcendental-enclosure,"Rat (exact, unbounded)",53,747,9,"24-term series, ~29 halving steps, argument ~9 decimal digits",log_enclose_full,exact,0.09245317025652632,17.279443419657852,1
MathExtras.RS62Ladder.lr_la_lb_002._native.native_decide.ax_1_1,Rs62Certificates,Rs62Certificates.RS62LadderRangeLogLeavesA,MathExtras.RS62Ladder.lr_la_lb_002,IntervalArith.RatInterval.log_enclose_full,transcendental-enclosure,"Rat (exact, unbounded)",53,747,9,"24-term series, ~29 halving steps, argument ~9 decimal digits",log_enclose_full,exact,0.09245317025652632,17.279443419657852,1
MathExtras.RS62Ladder.lr_la_lb_003._native.native_decide.ax_1_1,Rs62Certificates,Rs62Certificates.RS62LadderRangeLogLeavesA,MathExtras.RS62Ladder.lr_la_lb_003,IntervalArith.RatInterval.log_enclose_full,transcendental-enclosure,"Rat (exact, unbounded)",53,747,9,"24-term series, ~29 halving steps, argument ~9 decimal digits",log_enclose_full,exact,0.09245317025652632,17.279443419657852,1
MathExtras.RS62Ladder.lr_la_lb_004._native.native_decide.ax_1_1,Rs62Certificates,Rs62Certificates.RS62LadderRangeLogLeavesA,MathExtras.RS62Ladder.lr_la_lb_004,IntervalArith.RatInterval.log_enclose_full,transcendental-enclosure,"Rat (exact, unbounded)",57,830,10,"24-term series, ~33 halving steps, argument ~10 decimal digits",log_enclose_full,exact,0.09437162252455185,18.221196551362212,1
MathExtras.RS62Ladder.lr_la_lb_005._native.native_decide.ax_1_1,Rs62Certificates,Rs62Certificates.RS62LadderRangeLogLeavesA,MathExtras.RS62Ladder.lr_la_lb_005,IntervalArith.RatInterval.log_enclose_full,transcendental-enclosure,"Rat (exact, unbounded)",57,830,10,"24-term series, ~33 halving steps, argument ~10 decimal digits",log_enclose_full,exact,0.09437162252455185,18.221196551362212,1
MathExtras.RS62Ladder.lr_la_lb_006._native.native_decide.ax_1_1,Rs62Certificates,Rs62Certificates.RS62LadderRangeLogLeavesA,MathExtras.RS62Ladder.lr_la_lb_006,IntervalArith.RatInterval.log_enclose_full,transcendental-enclosure,"Rat (exact, unbounded)",53,747,9,"24-term series, ~29 halving steps, argument ~9 decimal digits",log_enclose_full,exact,0.09245317025652632,17.279443419657852,1
MathExtras.RS62Ladder.lr_la_lb_007._native.native_decide.ax_1_1,Rs62Certificates,Rs62Certificates.RS62LadderRangeLogLeavesA,MathExtras.RS62Ladder.lr_la_lb_007,IntervalArith.RatInterval.log_enclose_full,transcendental-enclosure,"Rat (exact, unbounded)",57,830,10,"24-term series, ~33 halving steps, argument ~10 decimal digits",log_enclose_full,exact,0.09437162252455185,18.221196551362212,1
MathExtras.RS62Ladder.lr_la_lb_008._native.native_decide.ax_1_1,Rs62Certificates,Rs62Certificates.RS62LadderRangeLogLeavesA,MathExtras.RS62Ladder.lr_la_lb_008,IntervalArith.RatInterval.log_enclose_full,transcendental-enclosure,"Rat (exact, unbounded)",57,830,10,"24-term series, ~33 halving steps, argument ~10 decimal digits",log_enclose_full,exact,0.09437162252455185,18.221196551362212,1
MathExtras.RS62Ladder.lr_la_lb_009._native.native_decide.ax_1_1,Rs62Certificates,Rs62Certificates.RS62LadderRangeLogLeavesA,MathExtras.RS62Ladder.lr_la_lb_009,IntervalArith.RatInterval.log_enclose_full,transcendental-enclosure,"Rat (exact, unbounded)",53,747,9,"24-term series, ~29 halving steps, argument ~9 decimal digits",log_enclose_full,exact,0.09245317025652632,17.279443419657852,1
MathExtras.RS62Ladder.lr_la_lb_010._native.native_decide.ax_1_1,Rs62Certificates,Rs62Certificates.RS62LadderRangeLogLeavesA,MathExtras.RS62Ladder.lr_la_lb_010,IntervalArith.RatInterval.log_enclose_full,transcendental-enclosure,"Rat (exact, unbounded)",53,747,9,"24-term series, ~29 halving steps, argument ~9 decimal digits",log_enclose_full,exact,0.09245317025652632,17.279443419657852,1
MathExtras.RS62Ladder.lr_la_lb_011._native.native_decide.ax_1_1,Rs62Certificates,Rs62Certificates.RS62LadderRangeLogLeavesA,MathExtras.RS62Ladder.lr_la_lb_011,IntervalArith.RatInterval.log_enclose_full,transcendental-enclosure,"Rat (exact, unbounded)",57,830,10,"24-term series, ~33 halving steps, argument ~10 decimal digits",log_enclose_full,exact,0.09437162252455185,18.221196551362212,1
MathExtras.RS62Ladder.lr_la_lb_012._native.native_decide.ax_1_1,Rs62Certificates,Rs62Certificates.RS62LadderRangeLogLeavesA,MathExtras.RS62Ladder.lr_la_lb_012,IntervalArith.RatInterval.log_enclose_full,transcendental-enclosure,"Rat (exact, unbounded)",57,830,10,"24-term series, ~33 halving steps, argument ~10 decimal digits",log_enclose_full,exact,0.09437162252455185,18.221196551362212,1
MathExtras.RS62Ladder.lr_la_lb_013._native.native_decide.ax_1_1,Rs62Certificates,Rs62Certificates.RS62LadderRangeLogLeavesA,MathExtras.RS62Ladder.lr_la_lb_013,IntervalArith.RatInterval.log_enclose_full,transcendental-enclosure,"Rat (exact, unbounded)",53,747,9,"24-term series, ~29 halving steps, argument ~9 decimal digits",log_enclose_full,exact,0.09245317025652632,17.279443419657852,1
MathExtras.RS62Ladder.lr_la_lb_014._native.native_decide.ax_1_1,Rs62Certificates,Rs62Certificates.RS62LadderRangeLogLeavesA,MathExtras.RS62Ladder.lr_la_lb_014,IntervalArith.RatInterval.log_enclose_full,transcendental-enclosure,"Rat (exact, unbounded)",53,747,9,"24-term series, ~29 halving steps, argument ~9 decimal digits",log_enclose_full,exact,0.09245317025652632,17.279443419657852,1
MathExtras.RS62Ladder.lr_la_lb_015._native.native_decide.ax_1_1,Rs62Certificates,Rs62Certificates.RS62LadderRangeLogLeavesA,MathExtras.RS62Ladder.lr_la_lb_015,IntervalArith.RatInterval.log_enclose_full,transcendental-enclosure,"Rat (exact, unbounded)",57,830,10,"24-term series, ~33 halving steps, argument ~10 decimal digits",log_enclose_full,exact,0.09437162252455185,18.221196551362212,1
MathExtras.RS62Ladder.lr_la_lb_016._native.native_decide.ax_1_1,Rs62Certificates,Rs62Certificates.RS62LadderRangeLogLeavesA,MathExtras.RS62Ladder.lr_la_lb_016,IntervalArith.RatInterval.log_enclose_full,transcendental-enclosure,"Rat (exact, unbounded)",53,747,9,"24-term series, ~29 halving steps, argument ~9 decimal digits",log_enclose_full,exact,0.09245317025652632,17.279443419657852,1
MathExtras.RS62Ladder.lr_la_lb_017._native.native_decide.ax_1_1,Rs62Certificates,Rs62Certificates.RS62LadderRangeLogLeavesA,MathExtras.RS62Ladder.lr_la_lb_017,IntervalArith.RatInterval.log_enclose_full,transcendental-enclosure,"Rat (exact, unbounded)",53,747,9,"24-term series, ~29 halving steps, argument ~9 decimal digits",log_enclose_full,exact,0.09245317025652632,17.279443419657852,1
MathExtras.RS62Ladder.lr_la_lb_018._native.native_decide.ax_1_1,Rs62Certificates,Rs62Certificates.RS62LadderRangeLogLeavesA,MathExtras.RS62Ladder.lr_la_lb_018,IntervalArith.RatInterval.log_enclose_full,transcendental-enclosure,"Rat (exact, unbounded)",57,830,10,"24-term series, ~33 halving steps, argument ~10 decimal digits",log_enclose_full,exact,0.09437162252455185,18.221196551362212,1
MathExtras.RS62Ladder.lr_la_lb_019._native.native_decide.ax_1_1,Rs62Certificates,Rs62Certificates.RS62LadderRangeLogLeavesA,MathExtras.RS62Ladder.lr_la_lb_019,IntervalArith.RatInterval.log_enclose_full,transcendental-enclosure,"Rat (exact, unbounded)",53,747,9,"24-term series, ~29 halving steps, argument ~9 decimal digits",log_enclose_full,exact,0.09245317025652632,17.279443419657852,1
MathExtras.RS62Ladder.lr_la_lb_020._native.native_decide.ax_1_1,Rs62Certificates,Rs62Certificates.RS62LadderRangeLogLeavesA,MathExtras.RS62Ladder.lr_la_lb_020,IntervalArith.RatInterval.log_enclose_full,transcendental-enclosure,"Rat (exact, unbounded)",53,747,9,"24-term series, ~29 halving steps, argument ~9 decimal digits",log_enclose_full,exact,0.09245317025652632,17.279443419657852,1
MathExtras.RS62Ladder.lr_la_lb_021._native.native_decide.ax_1_1,Rs62Certificates,Rs62Certificates.RS62LadderRangeLogLeavesA,MathExtras.RS62Ladder.lr_la_lb_021,IntervalArith.RatInterval.log_enclose_full,transcendental-enclosure,"Rat (exact, unbounded)",53,747,9,"24-term series, ~29 halving steps, argument ~9 decimal digits",log_enclose_full,exact,0.09245317025652632,17.279443419657852,1
MathExtras.RS62Ladder.lr_la_lb_022._native.native_decide.ax_1_1,Rs62Certificates,Rs62Certificates.RS62LadderRangeLogLeavesA,MathExtras.RS62Ladder.lr_la_lb_022,IntervalArith.RatInterval.log_enclose_full,transcendental-enclosure,"Rat (exact, unbounded)",53,747,9,"24-term series, ~29 halving steps, argument ~9 decimal digits",log_enclose_full,exact,0.09245317025652632,17.279443419657852,1
MathExtras.RS62Ladder.lr_la_lb_023._native.native_decide.ax_1_1,Rs62Certificates,Rs62Certificates.RS62LadderRangeLogLeavesA,MathExtras.RS62Ladder.lr_la_lb_023,IntervalArith.RatInterval.log_enclose_full,transcendental-enclosure,"Rat (exact, unbounded)",53,747,9,"24-term series, ~29 halving steps, argument ~9 decimal digits",log_enclose_full,exact,0.09245317025652632,17.279443419657852,1
MathExtras.RS62Ladder.lr_la_lb_024._native.native_decide.ax_1_1,Rs62Certificates,Rs62Certificates.RS62LadderRangeLogLeavesA,MathExtras.RS62Ladder.lr_la_lb_024,IntervalArith.RatInterval.log_enclose_full,transcendental-enclosure,"Rat (exact, unbounded)",57,830,10,"24-term series, ~33 halving steps, argument ~10 decimal digits",log_enclose_full,exact,0.09437162252455185,18.221196551362212,1
MathExtras.RS62Ladder.lr_la_lb_025._native.native_decide.ax_1_1,Rs62Certificates,Rs62Certificates.RS62LadderRangeLogLeavesA,MathExtras.RS62Ladder.lr_la_lb_025,IntervalArith.RatInterval.log_enclose_full,transcendental-enclosure,"Rat (exact, unbounded)",57,830,10,"24-term series, ~33 halving steps, argument ~10 decimal digits",log_enclose_full,exact,0.09437162252455185,18.221196551362212,1
MathExtras.RS62Ladder.lr_la_lb_026._native.native_decide.ax_1_1,Rs62Certificates,Rs62Certificates.RS62LadderRangeLogLeavesA,MathExtras.RS62Ladder.lr_la_lb_026,IntervalArith.RatInterval.log_enclose_full,transcendental-enclosure,"Rat (exact, unbounded)",57,830,10,"24-term series, ~33 halving steps, argument ~10 decimal digits",log_enclose_full,exact,0.09437162252455185,18.221196551362212,1
MathExtras.RS62Ladder.lr_la_lb_027._native.native_decide.ax_1_1,Rs62Certificates,Rs62Certificates.RS62LadderRangeLogLeavesA,MathExtras.RS62Ladder.lr_la_lb_027,IntervalArith.RatInterval.log_enclose_full,transcendental-enclosure,"Rat (exact, unbounded)",53,747,9,"24-term series, ~29 halving steps, argument ~9 decimal digits",log_enclose_full,exact,0.09245317025652632,17.279443419657852,1
MathExtras.RS62Ladder.lr_la_lb_028._native.native_decide.ax_1_1,Rs62Certificates,Rs62Certificates.RS62LadderRangeLogLeavesA,MathExtras.RS62Ladder.lr_la_lb_028,IntervalArith.RatInterval.log_enclose_full,transcendental-enclosure,"Rat (exact, unbounded)",57,830,10,"24-term series, ~33 halving steps, argument ~10 decimal digits",log_enclose_full,exact,0.09437162252455185,18.221196551362212,1
MathExtras.RS62Ladder.lr_la_lb_029._native.native_decide.ax_1_1,Rs62Certificates,Rs62Certificates.RS62LadderRangeLogLeavesA,MathExtras.RS62Ladder.lr_la_lb_029,IntervalArith.RatInterval.log_enclose_full,transcendental-enclosure,"Rat (exact, unbounded)",57,830,10,"24-term series, ~33 halving steps, argument ~10 decimal digits",log_enclose_full,exact,0.09437162252455185,18.221196551362212,1
MathExtras.RS62Ladder.lr_la_lb_030._native.native_decide.ax_1_1,Rs62Certificates,Rs62Certificates.RS62LadderRangeLogLeavesA,MathExtras.RS62Ladder.lr_la_lb_030,IntervalArith.RatInterval.log_enclose_full,transcendental-enclosure,"Rat (exact, unbounded)",57,830,10,"24-term series, ~33 halving steps, argument ~10 decimal digits",log_enclose_full,exact,0.09437162252455185,18.221196551362212,1
MathExtras.RS62Ladder.lr_la_lb_031._native.native_decide.ax_1_1,Rs62Certificates,Rs62Certificates.RS62LadderRangeLogLeavesB,MathExtras.RS62Ladder.lr_la_lb_031,IntervalArith.RatInterval.log_enclose_full,transcendental-enclosure,"Rat (exact, unbounded)",53,747,9,"24-term series, ~29 halving steps, argument ~9 decimal digits",log_enclose_full,exact,0.09245317025652632,17.279443419657852,1
MathExtras.RS62Ladder.lr_la_lb_032._native.native_decide.ax_1_1,Rs62Certificates,Rs62Certificates.RS62LadderRangeLogLeavesB,MathExtras.RS62Ladder.lr_la_lb_032,IntervalArith.RatInterval.log_enclose_full,transcendental-enclosure,"Rat (exact, unbounded)",53,747,9,"24-term series, ~29 halving steps, argument ~9 decimal digits",log_enclose_full,exact,0.09245317025652632,17.279443419657852,1
MathExtras.RS62Ladder.lr_la_lb_033._native.native_decide.ax_1_1,Rs62Certificates,Rs62Certificates.RS62LadderRangeLogLeavesB,MathExtras.RS62Ladder.lr_la_lb_033,IntervalArith.RatInterval.log_enclose_full,transcendental-enclosure,"Rat (exact, unbounded)",53,747,9,"24-term series, ~29 halving steps, argument ~9 decimal digits",log_enclose_full,exact,0.09245317025652632,17.279443419657852,1
MathExtras.RS62Ladder.lr_la_lb_034._native.native_decide.ax_1_1,Rs62Certificates,Rs62Certificates.RS62LadderRangeLogLeavesB,MathExtras.RS62Ladder.lr_la_lb_034,IntervalArith.RatInterval.log_enclose_full,transcendental-enclosure,"Rat (exact, unbounded)",53,747,9,"24-term series, ~29 halving steps, argument ~9 decimal digits",log_enclose_full,exact,0.09245317025652632,17.279443419657852,1
MathExtras.RS62Ladder.lr_la_lb_035._native.native_decide.ax_1_1,Rs62Certificates,Rs62Certificates.RS62LadderRangeLogLeavesB,MathExtras.RS62Ladder.lr_la_lb_035,IntervalArith.RatInterval.log_enclose_full,transcendental-enclosure,"Rat (exact, unbounded)",53,747,9,"24-term series, ~29 halving steps, argument ~9 decimal digits",log_enclose_full,exact,0.09245317025652632,17.279443419657852,1
MathExtras.RS62Ladder.lr_la_lb_036._native.native_decide.ax_1_1,Rs62Certificates,Rs62Certificates.RS62LadderRangeLogLeavesB,MathExtras.RS62Ladder.lr_la_lb_036,IntervalArith.RatInterval.log_enclose_full,transcendental-enclosure,"Rat (exact, unbounded)",53,747,9,"24-term series, ~29 halving steps, argument ~9 decimal digits",log_enclose_full,exact,0.09245317025652632,17.279443419657852,1
MathExtras.RS62Ladder.lr_la_lb_037._native.native_decide.ax_1_1,Rs62Certificates,Rs62Certificates.RS62LadderRangeLogLeavesB,MathExtras.RS62Ladder.lr_la_lb_037,IntervalArith.RatInterval.log_enclose_full,transcendental-enclosure,"Rat (exact, unbounded)",57,830,10,"24-term series, ~33 halving steps, argument ~10 decimal digits",log_enclose_full,exact,0.09437162252455185,18.221196551362212,1
MathExtras.RS62Ladder.lr_la_lb_038._native.native_decide.ax_1_1,Rs62Certificates,Rs62Certificates.RS62LadderRangeLogLeavesB,MathExtras.RS62Ladder.lr_la_lb_038,IntervalArith.RatInterval.log_enclose_full,transcendental-enclosure,"Rat (exact, unbounded)",53,747,9,"24-term series, ~29 halving steps, argument ~9 decimal digits",log_enclose_full,exact,0.09245317025652632,17.279443419657852,1
MathExtras.RS62Ladder.lr_la_lb_039._native.native_decide.ax_1_1,Rs62Certificates,Rs62Certificates.RS62LadderRangeLogLeavesB,MathExtras.RS62Ladder.lr_la_lb_039,IntervalArith.RatInterval.log_enclose_full,transcendental-enclosure,"Rat (exact, unbounded)",53,747,9,"24-term series, ~29 halving steps, argument ~9 decimal digits",log_enclose_full,exact,0.09245317025652632,17.279443419657852,1
MathExtras.RS62Ladder.lr_la_lb_040._native.native_decide.ax_1_1,Rs62Certificates,Rs62Certificates.RS62LadderRangeLogLeavesB,MathExtras.RS62Ladder.lr_la_lb_040,IntervalArith.RatInterval.log_enclose_full,transcendental-enclosure,"Rat (exact, unbounded)",53,747,9,"24-term series, ~29 halving steps, argument ~9 decimal digits",log_enclose_full,exact,0.09245317025652632,17.279443419657852,1
MathExtras.RS62Ladder.lr_la_lb_041._native.native_decide.ax_1_1,Rs62Certificates,Rs62Certificates.RS62LadderRangeLogLeavesB,MathExtras.RS62Ladder.lr_la_lb_041,IntervalArith.RatInterval.log_enclose_full,transcendental-enclosure,"Rat (exact, unbounded)",53,747,9,"24-term series, ~29 halving steps, argument ~9 decimal digits",log_enclose_full,exact,0.09245317025652632,17.279443419657852,1
MathExtras.RS62Ladder.lr_la_lb_042._native.native_decide.ax_1_1,Rs62Certificates,Rs62Certificates.RS62LadderRangeLogLeavesB,MathExtras.RS62Ladder.lr_la_lb_042,IntervalArith.RatInterval.log_enclose_full,transcendental-enclosure,"Rat (exact, unbounded)",53,747,9,"24-term series, ~29 halving steps, argument ~9 decimal digits",log_enclose_full,exact,0.09245317025652632,17.279443419657852,1
MathExtras.RS62Ladder.lr_la_lb_043._native.native_decide.ax_1_1,Rs62Certificates,Rs62Certificates.RS62LadderRangeLogLeavesB,MathExtras.RS62Ladder.lr_la_lb_043,IntervalArith.RatInterval.log_enclose_full,transcendental-enclosure,"Rat (exact, unbounded)",53,747,9,"24-term series, ~29 halving steps, argument ~9 decimal digits",log_enclose_full,exact,0.09245317025652632,17.279443419657852,1
MathExtras.RS62Ladder.lr_la_lb_044._native.native_decide.ax_1_1,Rs62Certificates,Rs62Certificates.RS62LadderRangeLogLeavesB,MathExtras.RS62Ladder.lr_la_lb_044,IntervalArith.RatInterval.log_enclose_full,transcendental-enclosure,"Rat (exact, unbounded)",57,830,10,"24-term series, ~33 halving steps, argument ~10 decimal digits",log_enclose_full,exact,0.09437162252455185,18.221196551362212,1
MathExtras.RS62Ladder.lr_la_lb_045._native.native_decide.ax_1_1,Rs62Certificates,Rs62Certificates.RS62LadderRangeLogLeavesB,MathExtras.RS62Ladder.lr_la_lb_045,IntervalArith.RatInterval.log_enclose_full,transcendental-enclosure,"Rat (exact, unbounded)",53,747,9,"24-term series, ~29 halving steps, argument ~9 decimal digits",log_enclose_full,exact,0.09245317025652632,17.279443419657852,1
MathExtras.RS62Ladder.lr_la_lb_046._native.native_decide.ax_1_1,Rs62Certificates,Rs62Certificates.RS62LadderRangeLogLeavesB,MathExtras.RS62Ladder.lr_la_lb_046,IntervalArith.RatInterval.log_enclose_full,transcendental-enclosure,"Rat (exact, unbounded)",53,747,9,"24-term series, ~29 halving steps, argument ~9 decimal digits",log_enclose_full,exact,0.09245317025652632,17.279443419657852,1
MathExtras.RS62Ladder.lr_la_lb_047._native.native_decide.ax_1_1,Rs62Certificates,Rs62Certificates.RS62LadderRangeLogLeavesB,MathExtras.RS62Ladder.lr_la_lb_047,IntervalArith.RatInterval.log_enclose_full,transcendental-enclosure,"Rat (exact, unbounded)",57,830,10,"24-term series, ~33 halving steps, argument ~10 decimal digits",log_enclose_full,exact,0.09437162252455185,18.221196551362212,1
MathExtras.RS62Ladder.lr_la_lb_048._native.native_decide.ax_1_1,Rs62Certificates,Rs62Certificates.RS62LadderRangeLogLeavesB,MathExtras.RS62Ladder.lr_la_lb_048,IntervalArith.RatInterval.log_enclose_full,transcendental-enclosure,"Rat (exact, unbounded)",53,747,9,"24-term series, ~29 halving steps, argument ~9 decimal digits",log_enclose_full,exact,0.09245317025652632,17.279443419657852,1
MathExtras.RS62Ladder.lr_la_lb_049._native.native_decide.ax_1_1,Rs62Certificates,Rs62Certificates.RS62LadderRangeLogLeavesB,MathExtras.RS62Ladder.lr_la_lb_049,IntervalArith.RatInterval.log_enclose_full,transcendental-enclosure,"Rat (exact, unbounded)",57,830,10,"24-term series, ~33 halving steps, argument ~10 decimal digits",log_enclose_full,exact,0.09437162252455185,18.221196551362212,1
MathExtras.RS62Ladder.lr_la_lb_050._native.native_decide.ax_1_1,Rs62Certificates,Rs62Certificates.RS62LadderRangeLogLeavesB,MathExtras.RS62Ladder.lr_la_lb_050,IntervalArith.RatInterval.log_enclose_full,transcendental-enclosure,"Rat (exact, unbounded)",57,830,10,"24-term series, ~33 halving steps, argument ~10 decimal digits",log_enclose_full,exact,0.09437162252455185,18.221196551362212,1
MathExtras.RS62Ladder.lr_la_lb_051._native.native_decide.ax_1_1,Rs62Certificates,Rs62Certificates.RS62LadderRangeLogLeavesB,MathExtras.RS62Ladder.lr_la_lb_051,IntervalArith.RatInterval.log_enclose_full,transcendental-enclosure,"Rat (exact, unbounded)",53,747,9,"24-term series, ~29 halving steps, argument ~9 decimal digits",log_enclose_full,exact,0.09245317025652632,17.279443419657852,1
MathExtras.RS62Ladder.lr_la_lb_052._native.native_decide.ax_1_1,Rs62Certificates,Rs62Certificates.RS62LadderRangeLogLeavesB,MathExtras.RS62Ladder.lr_la_lb_052,IntervalArith.RatInterval.log_enclose_full,transcendental-enclosure,"Rat (exact, unbounded)",53,747,9,"24-term series, ~29 halving steps, argument ~9 decimal digits",log_enclose_full,exact,0.09245317025652632,17.279443419657852,1
MathExtras.RS62Ladder.lr_la_lb_053._native.native_decide.ax_1_1,Rs62Certificates,Rs62Certificates.RS62LadderRangeLogLeavesB,MathExtras.RS62Ladder.lr_la_lb_053,IntervalArith.RatInterval.log_enclose_full,transcendental-enclosure,"Rat (exact, unbounded)",57,830,10,"24-term series, ~33 halving steps, argument ~10 decimal digits",log_enclose_full,exact,0.09437162252455185,18.221196551362212,1
MathExtras.RS62Ladder.lr_la_lb_054._native.native_decide.ax_1_1,Rs62Certificates,Rs62Certificates.RS62LadderRangeLogLeavesB,MathExtras.RS62Ladder.lr_la_lb_054,IntervalArith.RatInterval.log_enclose_full,transcendental-enclosure,"Rat (exact, unbounded)",57,830,10,"24-term series, ~33 halving steps, argument ~10 decimal digits",log_enclose_full,exact,0.09437162252455185,18.221196551362212,1
MathExtras.RS62Ladder.lr_la_lb_055._native.native_decide.ax_1_1,Rs62Certificates,Rs62Certificates.RS62LadderRangeLogLeavesB,MathExtras.RS62Ladder.lr_la_lb_055,IntervalArith.RatInterval.log_enclose_full,transcendental-enclosure,"Rat (exact, unbounded)",57,830,10,"24-term series, ~33 halving steps, argument ~10 decimal digits",log_enclose_full,exact,0.09437162252455185,18.221196551362212,1
MathExtras.RS62Ladder.lr_la_lb_056._native.native_decide.ax_1_1,Rs62Certificates,Rs62Certificates.RS62LadderRangeLogLeavesB,MathExtras.RS62Ladder.lr_la_lb_056,IntervalArith.RatInterval.log_enclose_full,transcendental-enclosure,"Rat (exact, unbounded)",53,747,9,"24-term series, ~29 halving steps, argument ~9 decimal digits",log_enclose_full,exact,0.09245317025652632,17.279443419657852,1
MathExtras.RS62Ladder.lr_la_lb_057._native.native_decide.ax_1_1,Rs62Certificates,Rs62Certificates.RS62LadderRangeLogLeavesB,MathExtras.RS62Ladder.lr_la_lb_057,IntervalArith.RatInterval.log_enclose_full,transcendental-enclosure,"Rat (exact, unbounded)",57,830,10,"24-term series, ~33 halving steps, argument ~10 decimal digits",log_enclose_full,exact,0.09437162252455185,18.221196551362212,1
MathExtras.RS62Ladder.lr_la_lb_058._native.native_decide.ax_1_1,Rs62Certificates,Rs62Certificates.RS62LadderRangeLogLeavesB,MathExtras.RS62Ladder.lr_la_lb_058,IntervalArith.RatInterval.log_enclose_full,transcendental-enclosure,"Rat (exact, unbounded)",53,747,9,"24-term series, ~29 halving steps, argument ~9 decimal digits",log_enclose_full,exact,0.09245317025652632,17.279443419657852,1
MathExtras.RS62Ladder.lr_la_lb_059._native.native_decide.ax_1_1,Rs62Certificates,Rs62Certificates.RS62LadderRangeLogLeavesB,MathExtras.RS62Ladder.lr_la_lb_059,IntervalArith.RatInterval.log_enclose_full,transcendental-enclosure,"Rat (exact, unbounded)",57,830,10,"24-term series, ~33 halving steps, argument ~10 decimal digits",log_enclose_full,exact,0.09437162252455185,18.221196551362212,1
MathExtras.RS62Ladder.lr_la_lb_060._native.native_decide.ax_1_1,Rs62Certificates,Rs62Certificates.RS62LadderRangeLogLeavesB,MathExtras.RS62Ladder.lr_la_lb_060,IntervalArith.RatInterval.log_enclose_full,transcendental-enclosure,"Rat (exact, unbounded)",53,747,9,"24-term series, ~29 halving steps, argument ~9 decimal digits",log_enclose_full,exact,0.09245317025652632,17.279443419657852,1
MathExtras.RS62Ladder.lr_la_lb_061._native.native_decide.ax_1_1,Rs62Certificates,Rs62Certificates.RS62LadderRangeLogLeavesB,MathExtras.RS62Ladder.lr_la_lb_061,IntervalArith.RatInterval.log_enclose_full,transcendental-enclosure,"Rat (exact, unbounded)",53,747,9,"24-term series, ~29 halving steps, argument ~9 decimal digits",log_enclose_full,exact,0.09245317025652632,17.279443419657852,1
MathExtras.RS62Ladder.lr_la_lb_062._native.native_decide.ax_1_1,Rs62Certificates,Rs62Certificates.RS62LadderRangeLogLeavesC,MathExtras.RS62Ladder.lr_la_lb_062,IntervalArith.RatInterval.log_enclose_full,transcendental-enclosure,"Rat (exact, unbounded)",57,830,10,"24-term series, ~33 halving steps, argument ~10 decimal digits",log_enclose_full,exact,0.09437162252455185,18.221196551362212,1
MathExtras.RS62Ladder.lr_la_lb_063._native.native_decide.ax_1_1,Rs62Certificates,Rs62Certificates.RS62LadderRangeLogLeavesC,MathExtras.RS62Ladder.lr_la_lb_063,IntervalArith.RatInterval.log_enclose_full,transcendental-enclosure,"Rat (exact, unbounded)",53,747,9,"24-term series, ~29 halving steps, argument ~9 decimal digits",log_enclose_full,exact,0.09245317025652632,17.279443419657852,1
MathExtras.RS62Ladder.lr_la_lb_064._native.native_decide.ax_1_1,Rs62Certificates,Rs62Certificates.RS62LadderRangeLogLeavesC,MathExtras.RS62Ladder.lr_la_lb_064,IntervalArith.RatInterval.log_enclose_full,transcendental-enclosure,"Rat (exact, unbounded)",57,830,10,"24-term series, ~33 halving steps, argument ~10 decimal digits",log_enclose_full,exact,0.09437162252455185,18.221196551362212,1
MathExtras.RS62Ladder.lr_la_lb_065._native.native_decide.ax_1_1,Rs62Certificates,Rs62Certificates.RS62LadderRangeLogLeavesC,MathExtras.RS62Ladder.lr_la_lb_065,IntervalArith.RatInterval.log_enclose_full,transcendental-enclosure,"Rat (exact, unbounded)",57,830,10,"24-term series, ~33 halving steps, argument ~10 decimal digits",log_enclose_full,exact,0.09437162252455185,18.221196551362212,1
MathExtras.RS62Ladder.lr_la_lb_066._native.native_decide.ax_1_1,Rs62Certificates,Rs62Certificates.RS62LadderRangeLogLeavesC,MathExtras.RS62Ladder.lr_la_lb_066,IntervalArith.RatInterval.log_enclose_full,transcendental-enclosure,"Rat (exact, unbounded)",53,747,9,"24-term series, ~29 halving steps, argument ~9 decimal digits",log_enclose_full,exact,0.09245317025652632,17.279443419657852,1
MathExtras.RS62Ladder.lr_la_lb_067._native.native_decide.ax_1_1,Rs62Certificates,Rs62Certificates.RS62LadderRangeLogLeavesC,MathExtras.RS62Ladder.lr_la_lb_067,IntervalArith.RatInterval.log_enclose_full,transcendental-enclosure,"Rat (exact, unbounded)",53,747,9,"24-term series, ~29 halving steps, argument ~9 decimal digits",log_enclose_full,exact,0.09245317025652632,17.279443419657852,1
MathExtras.RS62Ladder.lr_la_lb_068._native.native_decide.ax_1_1,Rs62Certificates,Rs62Certificates.RS62LadderRangeLogLeavesC,MathExtras.RS62Ladder.lr_la_lb_068,IntervalArith.RatInterval.log_enclose_full,transcendental-enclosure,"Rat (exact, unbounded)",57,830,10,"24-term series, ~33 halving steps, argument ~10 decimal digits",log_enclose_full,exact,0.09437162252455185,18.221196551362212,1
MathExtras.RS62Ladder.lr_la_lb_069._native.native_decide.ax_1_1,Rs62Certificates,Rs62Certificates.RS62LadderRangeLogLeavesC,MathExtras.RS62Ladder.lr_la_lb_069,IntervalArith.RatInterval.log_enclose_full,transcendental-enclosure,"Rat (exact, unbounded)",53,747,9,"24-term series, ~29 halving steps, argument ~9 decimal digits",log_enclose_full,exact,0.09245317025652632,17.279443419657852,1
MathExtras.RS62Ladder.lr_la_lb_070._native.native_decide.ax_1_1,Rs62Certificates,Rs62Certificates.RS62LadderRangeLogLeavesC,MathExtras.RS62Ladder.lr_la_lb_070,IntervalArith.RatInterval.log_enclose_full,transcendental-enclosure,"Rat (exact, unbounded)",57,830,10,"24-term series, ~33 halving steps, argument ~10 decimal digits",log_enclose_full,exact,0.09437162252455185,18.221196551362212,1
MathExtras.RS62Ladder.lr_la_lb_071._native.native_decide.ax_1_1,Rs62Certificates,Rs62Certificates.RS62LadderRangeLogLeavesC,MathExtras.RS62Ladder.lr_la_lb_071,IntervalArith.RatInterval.log_enclose_full,transcendental-enclosure,"Rat (exact, unbounded)",57,830,10,"24-term series, ~33 halving steps, argument ~10 decimal digits",log_enclose_full,exact,0.09437162252455185,18.221196551362212,1
MathExtras.RS62Ladder.lr_la_lb_072._native.native_decide.ax_1_1,Rs62Certificates,Rs62Certificates.RS62LadderRangeLogLeavesC,MathExtras.RS62Ladder.lr_la_lb_072,IntervalArith.RatInterval.log_enclose_full,transcendental-enclosure,"Rat (exact, unbounded)",53,747,9,"24-term series, ~29 halving steps, argument ~9 decimal digits",log_enclose_full,exact,0.09245317025652632,17.279443419657852,1
MathExtras.RS62Ladder.lr_la_lb_073._native.native_decide.ax_1_1,Rs62Certificates,Rs62Certificates.RS62LadderRangeLogLeavesC,MathExtras.RS62Ladder.lr_la_lb_073,IntervalArith.RatInterval.log_enclose_full,transcendental-enclosure,"Rat (exact, unbounded)",53,747,9,"24-term series, ~29 halving steps, argument ~9 decimal digits",log_enclose_full,exact,0.09245317025652632,17.279443419657852,1
MathExtras.RS62Ladder.lr_la_lb_074._native.native_decide.ax_1_1,Rs62Certificates,Rs62Certificates.RS62LadderRangeLogLeavesC,MathExtras.RS62Ladder.lr_la_lb_074,IntervalArith.RatInterval.log_enclose_full,transcendental-enclosure,"Rat (exact, unbounded)",57,830,10,"24-term series, ~33 halving steps, argument ~10 decimal digits",log_enclose_full,exact,0.09437162252455185,18.221196551362212,1
MathExtras.RS62Ladder.lr_la_lb_075._native.native_decide.ax_1_1,Rs62Certificates,Rs62Certificates.RS62LadderRangeLogLeavesC,MathExtras.RS62Ladder.lr_la_lb_075,IntervalArith.RatInterval.log_enclose_full,transcendental-enclosure,"Rat (exact, unbounded)",53,747,9,"24-term series, ~29 halving steps, argument ~9 decimal digits",log_enclose_full,exact,0.09245317025652632,17.279443419657852,1
MathExtras.RS62Ladder.lr_la_lb_076._native.native_decide.ax_1_1,Rs62Certificates,Rs62Certificates.RS62LadderRangeLogLeavesC,MathExtras.RS62Ladder.lr_la_lb_076,IntervalArith.RatInterval.log_enclose_full,transcendental-enclosure,"Rat (exact, unbounded)",57,830,10,"24-term series, ~33 halving steps, argument ~10 decimal digits",log_enclose_full,exact,0.09437162252455185,18.221196551362212,1
MathExtras.RS62Ladder.lr_la_lb_077._native.native_decide.ax_1_1,Rs62Certificates,Rs62Certificates.RS62LadderRangeLogLeavesC,MathExtras.RS62Ladder.lr_la_lb_077,IntervalArith.RatInterval.log_enclose_full,transcendental-enclosure,"Rat (exact, unbounded)",53,747,9,"24-term series, ~29 halving steps, argument ~9 decimal digits",log_enclose_full,exact,0.09245317025652632,17.279443419657852,1
MathExtras.RS62Ladder.lr_la_lb_078._native.native_decide.ax_1_1,Rs62Certificates,Rs62Certificates.RS62LadderRangeLogLeavesC,MathExtras.RS62Ladder.lr_la_lb_078,IntervalArith.RatInterval.log_enclose_full,transcendental-enclosure,"Rat (exact, unbounded)",57,830,10,"24-term series, ~33 halving steps, argument ~10 decimal digits",log_enclose_full,exact,0.09437162252455185,18.221196551362212,1
MathExtras.RS62Ladder.lr_la_lb_079._native.native_decide.ax_1_1,Rs62Certificates,Rs62Certificates.RS62LadderRangeLogLeavesC,MathExtras.RS62Ladder.lr_la_lb_079,IntervalArith.RatInterval.log_enclose_full,transcendental-enclosure,"Rat (exact, unbounded)",57,830,10,"24-term series, ~33 halving steps, argument ~10 decimal digits",log_enclose_full,exact,0.09437162252455185,18.221196551362212,1
MathExtras.RS62Ladder.lr_la_lb_080._native.native_decide.ax_1_1,Rs62Certificates,Rs62Certificates.RS62LadderRangeLogLeavesC,MathExtras.RS62Ladder.lr_la_lb_080,IntervalArith.RatInterval.log_enclose_full,transcendental-enclosure,"Rat (exact, unbounded)",57,830,10,"24-term series, ~33 halving steps, argument ~10 decimal digits",log_enclose_full,exact,0.09437162252455185,18.221196551362212,1
MathExtras.RS62Ladder.lr_la_lb_081._native.native_decide.ax_1_1,Rs62Certificates,Rs62Certificates.RS62LadderRangeLogLeavesC,MathExtras.RS62Ladder.lr_la_lb_081,IntervalArith.RatInterval.log_enclose_full,transcendental-enclosure,"Rat (exact, unbounded)",53,747,9,"24-term series, ~29 halving steps, argument ~9 decimal digits",log_enclose_full,exact,0.09245317025652632,17.279443419657852,1
MathExtras.RS62Ladder.lr_la_lb_082._native.native_decide.ax_1_1,Rs62Certificates,Rs62Certificates.RS62LadderRangeLogLeavesC,MathExtras.RS62Ladder.lr_la_lb_082,IntervalArith.RatInterval.log_enclose_full,transcendental-enclosure,"Rat (exact, unbounded)",53,747,9,"24-term series, ~29 halving steps, argument ~9 decimal digits",log_enclose_full,exact,0.09245317025652632,17.279443419657852,1
MathExtras.RS62Ladder.lr_la_lb_083._native.native_decide.ax_1_1,Rs62Certificates,Rs62Certificates.RS62LadderRangeLogLeavesC,MathExtras.RS62Ladder.lr_la_lb_083,IntervalArith.RatInterval.log_enclose_full,transcendental-enclosure,"Rat (exact, unbounded)",57,830,10,"24-term series, ~33 halving steps, argument ~10 decimal digits",log_enclose_full,exact,0.09437162252455185,18.221196551362212,1
MathExtras.RS62Ladder.lr_la_lb_084._native.native_decide.ax_1_1,Rs62Certificates,Rs62Certificates.RS62LadderRangeLogLeavesC,MathExtras.RS62Ladder.lr_la_lb_084,IntervalArith.RatInterval.log_enclose_full,transcendental-enclosure,"Rat (exact, unbounded)",57,830,10,"24-term series, ~33 halving steps, argument ~10 decimal digits",log_enclose_full,exact,0.09437162252455185,18.221196551362212,1
MathExtras.RS62Ladder.lr_la_lb_085._native.native_decide.ax_1_1,Rs62Certificates,Rs62Certificates.RS62LadderRangeLogLeavesC,MathExtras.RS62Ladder.lr_la_lb_085,IntervalArith.RatInterval.log_enclose_full,transcendental-enclosure,"Rat (exact, unbounded)",53,747,9,"24-term series, ~29 halving steps, argument ~9 decimal digits",log_enclose_full,exact,0.09245317025652632,17.279443419657852,1
MathExtras.RS62Ladder.lr_la_lb_086._native.native_decide.ax_1_1,Rs62Certificates,Rs62Certificates.RS62LadderRangeLogLeavesC,MathExtras.RS62Ladder.lr_la_lb_086,IntervalArith.RatInterval.log_enclose_full,transcendental-enclosure,"Rat (exact, unbounded)",57,830,10,"24-term series, ~33 halving steps, argument ~10 decimal digits",log_enclose_full,exact,0.09437162252455185,18.221196551362212,1
MathExtras.RS62Ladder.lr_la_lb_087._native.native_decide.ax_1_1,Rs62Certificates,Rs62Certificates.RS62LadderRangeLogLeavesC,MathExtras.RS62Ladder.lr_la_lb_087,IntervalArith.RatInterval.log_enclose_full,transcendental-enclosure,"Rat (exact, unbounded)",53,747,9,"24-term series, ~29 halving steps, argument ~9 decimal digits",log_enclose_full,exact,0.09245317025652632,17.279443419657852,1
MathExtras.RS62Ladder.lr_la_lb_088._native.native_decide.ax_1_1,Rs62Certificates,Rs62Certificates.RS62LadderRangeLogLeavesC,MathExtras.RS62Ladder.lr_la_lb_088,IntervalArith.RatInterval.log_enclose_full,transcendental-enclosure,"Rat (exact, unbounded)",57,830,10,"24-term series, ~33 halving steps, argument ~10 decimal digits",log_enclose_full,exact,0.09437162252455185,18.221196551362212,1
MathExtras.RS62Ladder.lr_la_lb_089._native.native_decide.ax_1_1,Rs62Certificates,Rs62Certificates.RS62LadderRangeLogLeavesC,MathExtras.RS62Ladder.lr_la_lb_089,IntervalArith.RatInterval.log_enclose_full,transcendental-enclosure,"Rat (exact, unbounded)",53,747,9,"24-term series, ~29 halving steps, argument ~9 decimal digits",log_enclose_full,exact,0.09245317025652632,17.279443419657852,1
MathExtras.RS62Ladder.lr_la_lb_090._native.native_decide.ax_1_1,Rs62Certificates,Rs62Certificates.RS62LadderRangeLogLeavesC,MathExtras.RS62Ladder.lr_la_lb_090,IntervalArith.RatInterval.log_enclose_full,transcendental-enclosure,"Rat (exact, unbounded)",53,747,9,"24-term series, ~29 halving steps, argument ~9 decimal digits",log_enclose_full,exact,0.09245317025652632,17.279443419657852,1
MathExtras.RS62Ladder.lr_la_lb_091._native.native_decide.ax_1_1,Rs62Certificates,Rs62Certificates.RS62LadderRangeLogLeavesC,MathExtras.RS62Ladder.lr_la_lb_091,IntervalArith.RatInterval.log_enclose_full,transcendental-enclosure,"Rat (exact, unbounded)",57,830,10,"24-term series, ~33 halving steps, argument ~10 decimal digits",log_enclose_full,exact,0.09437162252455185,18.221196551362212,1
MathExtras.RS62Ladder.lr_la_lb_092._native.native_decide.ax_1_1,Rs62Certificates,Rs62Certificates.RS62LadderRangeLogLeavesD,MathExtras.RS62Ladder.lr_la_lb_092,IntervalArith.RatInterval.log_enclose_full,transcendental-enclosure,"Rat (exact, unbounded)",57,830,10,"24-term series, ~33 halving steps, argument ~10 decimal digits",log_enclose_full,exact,0.09437162252455185,18.221196551362212,1
MathExtras.RS62Ladder.lr_la_lb_093._native.native_decide.ax_1_1,Rs62Certificates,Rs62Certificates.RS62LadderRangeLogLeavesD,MathExtras.RS62Ladder.lr_la_lb_093,IntervalArith.RatInterval.log_enclose_full,transcendental-enclosure,"Rat (exact, unbounded)",57,830,10,"24-term series, ~33 halving steps, argument ~10 decimal digits",log_enclose_full,exact,0.09437162252455185,18.221196551362212,1
MathExtras.RS62Ladder.lr_la_lb_094._native.native_decide.ax_1_1,Rs62Certificates,Rs62Certificates.RS62LadderRangeLogLeavesD,MathExtras.RS62Ladder.lr_la_lb_094,IntervalArith.RatInterval.log_enclose_full,transcendental-enclosure,"Rat (exact, unbounded)",53,747,9,"24-term series, ~29 halving steps, argument ~9 decimal digits",log_enclose_full,exact,0.09245317025652632,17.279443419657852,1
MathExtras.RS62Ladder.lr_la_lb_095._native.native_decide.ax_1_1,Rs62Certificates,Rs62Certificates.RS62LadderRangeLogLeavesD,MathExtras.RS62Ladder.lr_la_lb_095,IntervalArith.RatInterval.log_enclose_full,transcendental-enclosure,"Rat (exact, unbounded)",57,830,10,"24-term series, ~33 halving steps, argument ~10 decimal digits",log_enclose_full,exact,0.09437162252455185,18.221196551362212,1
MathExtras.RS62Ladder.lr_la_lb_096._native.native_decide.ax_1_1,Rs62Certificates,Rs62Certificates.RS62LadderRangeLogLeavesD,MathExtras.RS62Ladder.lr_la_lb_096,IntervalArith.RatInterval.log_enclose_full,transcendental-enclosure,"Rat (exact, unbounded)",53,747,9,"24-term series, ~29 halving steps, argument ~9 decimal digits",log_enclose_full,exact,0.09245317025652632,17.279443419657852,1
MathExtras.RS62Ladder.lr_la_lb_097._native.native_decide.ax_1_1,Rs62Certificates,Rs62Certificates.RS62LadderRangeLogLeavesD,MathExtras.RS62Ladder.lr_la_lb_097,IntervalArith.RatInterval.log_enclose_full,transcendental-enclosure,"Rat (exact, unbounded)",53,747,9,"24-term series, ~29 halving steps, argument ~9 decimal digits",log_enclose_full,exact,0.09245317025652632,17.279443419657852,1
MathExtras.RS62Ladder.lr_la_lb_098._native.native_decide.ax_1_1,Rs62Certificates,Rs62Certificates.RS62LadderRangeLogLeavesD,MathExtras.RS62Ladder.lr_la_lb_098,IntervalArith.RatInterval.log_enclose_full,transcendental-enclosure,"Rat (exact, unbounded)",53,747,9,"24-term series, ~29 halving steps, argument ~9 decimal digits",log_enclose_full,exact,0.09245317025652632,17.279443419657852,1
MathExtras.RS62Ladder.lr_la_lb_099._native.native_decide.ax_1_1,Rs62Certificates,Rs62Certificates.RS62LadderRangeLogLeavesD,MathExtras.RS62Ladder.lr_la_lb_099,IntervalArith.RatInterval.log_enclose_full,transcendental-enclosure,"Rat (exact, unbounded)",57,830,10,"24-term series, ~33 halving steps, argument ~10 decimal digits",log_enclose_full,exact,0.09437162252455185,18.221196551362212,1
MathExtras.RS62Ladder.lr_la_lb_100._native.native_decide.ax_1_1,Rs62Certificates,Rs62Certificates.RS62LadderRangeLogLeavesD,MathExtras.RS62Ladder.lr_la_lb_100,IntervalArith.RatInterval.log_enclose_full,transcendental-enclosure,"Rat (exact, unbounded)",57,830,10,"24-term series, ~33 halving steps, argument ~10 decimal digits",log_enclose_full,exact,0.09437162252455185,18.221196551362212,1
MathExtras.RS62Ladder.lr_la_lb_101._native.native_decide.ax_1_1,Rs62Certificates,Rs62Certificates.RS62LadderRangeLogLeavesD,MathExtras.RS62Ladder.lr_la_lb_101,IntervalArith.RatInterval.log_enclose_full,transcendental-enclosure,"Rat (exact, unbounded)",53,747,9,"24-term series, ~29 halving steps, argument ~9 decimal digits",log_enclose_full,exact,0.09245317025652632,17.279443419657852,1
MathExtras.RS62Ladder.lr_la_lb_102._native.native_decide.ax_1_1,Rs62Certificates,Rs62Certificates.RS62LadderRangeLogLeavesD,MathExtras.RS62Ladder.lr_la_lb_102,IntervalArith.RatInterval.log_enclose_full,transcendental-enclosure,"Rat (exact, unbounded)",57,830,10,"24-term series, ~33 halving steps, argument ~10 decimal digits",log_enclose_full,exact,0.09437162252455185,18.221196551362212,1
MathExtras.RS62Ladder.lr_la_lb_103._native.native_decide.ax_1_1,Rs62Certificates,Rs62Certificates.RS62LadderRangeLogLeavesD,MathExtras.RS62Ladder.lr_la_lb_103,IntervalArith.RatInterval.log_enclose_full,transcendental-enclosure,"Rat (exact, unbounded)",53,747,9,"24-term series, ~29 halving steps, argument ~9 decimal digits",log_enclose_full,exact,0.09245317025652632,17.279443419657852,1
MathExtras.RS62Ladder.lr_la_lb_104._native.native_decide.ax_1_1,Rs62Certificates,Rs62Certificates.RS62LadderRangeLogLeavesD,MathExtras.RS62Ladder.lr_la_lb_104,IntervalArith.RatInterval.log_enclose_full,transcendental-enclosure,"Rat (exact, unbounded)",57,830,10,"24-term series, ~33 halving steps, argument ~10 decimal digits",log_enclose_full,exact,0.09437162252455185,18.221196551362212,1
MathExtras.RS62Ladder.lr_la_lb_105._native.native_decide.ax_1_1,Rs62Certificates,Rs62Certificates.RS62LadderRangeLogLeavesD,MathExtras.RS62Ladder.lr_la_lb_105,IntervalArith.RatInterval.log_enclose_full,transcendental-enclosure,"Rat (exact, unbounded)",53,747,9,"24-term series, ~29 halving steps, argument ~9 decimal digits",log_enclose_full,exact,0.09245317025652632,17.279443419657852,1
MathExtras.RS62Ladder.lr_la_lb_106._native.native_decide.ax_1_1,Rs62Certificates,Rs62Certificates.RS62LadderRangeLogLeavesD,MathExtras.RS62Ladder.lr_la_lb_106,IntervalArith.RatInterval.log_enclose_full,transcendental-enclosure,"Rat (exact, unbounded)",57,830,10,"24-term series, ~33 halving steps, argument ~10 decimal digits",log_enclose_full,exact,0.09437162252455185,18.221196551362212,1
MathExtras.RS62Ladder.lr_la_lb_107._native.native_decide.ax_1_1,Rs62Certificates,Rs62Certificates.RS62LadderRangeLogLeavesD,MathExtras.RS62Ladder.lr_la_lb_107,IntervalArith.RatInterval.log_enclose_full,transcendental-enclosure,"Rat (exact, unbounded)",53,747,9,"24-term series, ~29 halving steps, argument ~9 decimal digits",log_enclose_full,exact,0.09245317025652632,17.279443419657852,1
MathExtras.RS62Ladder.lr_la_lb_108._native.native_decide.ax_1_1,Rs62Certificates,Rs62Certificates.RS62LadderRangeLogLeavesD,MathExtras.RS62Ladder.lr_la_lb_108,IntervalArith.RatInterval.log_enclose_full,transcendental-enclosure,"Rat (exact, unbounded)",53,747,9,"24-term series, ~29 halving steps, argument ~9 decimal digits",log_enclose_full,exact,0.09245317025652632,17.279443419657852,1
MathExtras.RS62Ladder.lr_la_lb_109._native.native_decide.ax_1_1,Rs62Certificates,Rs62Certificates.RS62LadderRangeLogLeavesD,MathExtras.RS62Ladder.lr_la_lb_109,IntervalArith.RatInterval.log_enclose_full,transcendental-enclosure,"Rat (exact, unbounded)",53,747,9,"24-term series, ~29 halving steps, argument ~9 decimal digits",log_enclose_full,exact,0.09245317025652632,17.279443419657852,1
MathExtras.RS62Ladder.lr_la_lb_110._native.native_decide.ax_1_1,Rs62Certificates,Rs62Certificates.RS62LadderRangeLogLeavesD,MathExtras.RS62Ladder.lr_la_lb_110,IntervalArith.RatInterval.log_enclose_full,transcendental-enclosure,"Rat (exact, unbounded)",53,747,9,"24-term series, ~29 halving steps, argument ~9 decimal digits",log_enclose_full,exact,0.09245317025652632,17.279443419657852,1
MathExtras.RS62Ladder.lr_la_lb_111._native.native_decide.ax_1_1,Rs62Certificates,Rs62Certificates.RS62LadderRangeLogLeavesD,MathExtras.RS62Ladder.lr_la_lb_111,IntervalArith.RatInterval.log_enclose_full,transcendental-enclosure,"Rat (exact, unbounded)",53,747,9,"24-term series, ~29 halving steps, argument ~9 decimal digits",log_enclose_full,exact,0.09245317025652632,17.279443419657852,1
MathExtras.RS62Ladder.lr_la_lb_112._native.native_decide.ax_1_1,Rs62Certificates,Rs62Certificates.RS62LadderRangeLogLeavesD,MathExtras.RS62Ladder.lr_la_lb_112,IntervalArith.RatInterval.log_enclose_full,transcendental-enclosure,"Rat (exact, unbounded)",57,830,10,"24-term series, ~33 halving steps, argument ~10 decimal digits",log_enclose_full,exact,0.09437162252455185,18.221196551362212,1
MathExtras.RS62Ladder.lr_la_lb_113._native.native_decide.ax_1_1,Rs62Certificates,Rs62Certificates.RS62LadderRangeLogLeavesD,MathExtras.RS62Ladder.lr_la_lb_113,IntervalArith.RatInterval.log_enclose_full,transcendental-enclosure,"Rat (exact, unbounded)",53,747,9,"24-term series, ~29 halving steps, argument ~9 decimal digits",log_enclose_full,exact,0.09245317025652632,17.279443419657852,1
MathExtras.RS62Ladder.lr_la_lb_114._native.native_decide.ax_1_1,Rs62Certificates,Rs62Certificates.RS62LadderRangeLogLeavesD,MathExtras.RS62Ladder.lr_la_lb_114,IntervalArith.RatInterval.log_enclose_full,transcendental-enclosure,"Rat (exact, unbounded)",57,830,10,"24-term series, ~33 halving steps, argument ~10 decimal digits",log_enclose_full,exact,0.09437162252455185,18.221196551362212,1
MathExtras.RS62Ladder.lr_la_lb_115._native.native_decide.ax_1_1,Rs62Certificates,Rs62Certificates.RS62LadderRangeLogLeavesD,MathExtras.RS62Ladder.lr_la_lb_115,IntervalArith.RatInterval.log_enclose_full,transcendental-enclosure,"Rat (exact, unbounded)",53,747,9,"24-term series, ~29 halving steps, argument ~9 decimal digits",log_enclose_full,exact,0.09245317025652632,17.279443419657852,1
MathExtras.RS62Ladder.lr_la_lb_116._native.native_decide.ax_1_1,Rs62Certificates,Rs62Certificates.RS62LadderRangeLogLeavesD,MathExtras.RS62Ladder.lr_la_lb_116,IntervalArith.RatInterval.log_enclose_full,transcendental-enclosure,"Rat (exact, unbounded)",53,747,9,"24-term series, ~29 halving steps, argument ~9 decimal digits",log_enclose_full,exact,0.09245317025652632,17.279443419657852,1
MathExtras.RS62Ladder.lr_la_lb_117._native.native_decide.ax_1_1,Rs62Certificates,Rs62Certificates.RS62LadderRangeLogLeavesD,MathExtras.RS62Ladder.lr_la_lb_117,IntervalArith.RatInterval.log_enclose_full,transcendental-enclosure,"Rat (exact, unbounded)",53,747,9,"24-term series, ~29 halving steps, argument ~9 decimal digits",log_enclose_full,exact,0.09245317025652632,17.279443419657852,1
MathExtras.RS62Ladder.lr_la_lb_118._native.native_decide.ax_1_1,Rs62Certificates,Rs62Certificates.RS62LadderRangeLogLeavesD,MathExtras.RS62Ladder.lr_la_lb_118,IntervalArith.RatInterval.log_enclose_full,transcendental-enclosure,"Rat (exact, unbounded)",57,830,10,"24-term series, ~33 halving steps, argument ~10 decimal digits",log_enclose_full,exact,0.09437162252455185,18.221196551362212,1
MathExtras.RS62Ladder.lr_la_lb_119._native.native_decide.ax_1_1,Rs62Certificates,Rs62Certificates.RS62LadderRangeLogLeavesD,MathExtras.RS62Ladder.lr_la_lb_119,IntervalArith.RatInterval.log_enclose_full,transcendental-enclosure,"Rat (exact, unbounded)",53,747,9,"24-term series, ~29 halving steps, argument ~9 decimal digits",log_enclose_full,exact,0.09245317025652632,17.279443419657852,1
MathExtras.RS62Ladder.lr_lb_ub_001._native.native_decide.ax_1_1,Rs62Certificates,Rs62Certificates.RS62LadderRangeLogLeavesA,MathExtras.RS62Ladder.lr_lb_ub_001,IntervalArith.RatInterval.log_enclose_full,transcendental-enclosure,"Rat (exact, unbounded)",53,747,9,"24-term series, ~29 halving steps, argument ~9 decimal digits",log_enclose_full,exact,0.09245317025652632,17.279443419657852,1
MathExtras.RS62Ladder.lr_lb_ub_002._native.native_decide.ax_1_1,Rs62Certificates,Rs62Certificates.RS62LadderRangeLogLeavesA,MathExtras.RS62Ladder.lr_lb_ub_002,IntervalArith.RatInterval.log_enclose_full,transcendental-enclosure,"Rat (exact, unbounded)",57,830,10,"24-term series, ~33 halving steps, argument ~10 decimal digits",log_enclose_full,exact,0.09437162252455185,18.221196551362212,1
MathExtras.RS62Ladder.lr_lb_ub_003._native.native_decide.ax_1_1,Rs62Certificates,Rs62Certificates.RS62LadderRangeLogLeavesA,MathExtras.RS62Ladder.lr_lb_ub_003,IntervalArith.RatInterval.log_enclose_full,transcendental-enclosure,"Rat (exact, unbounded)",53,747,9,"24-term series, ~29 halving steps, argument ~9 decimal digits",log_enclose_full,exact,0.09245317025652632,17.279443419657852,1
MathExtras.RS62Ladder.lr_lb_ub_004._native.native_decide.ax_1_1,Rs62Certificates,Rs62Certificates.RS62LadderRangeLogLeavesA,MathExtras.RS62Ladder.lr_lb_ub_004,IntervalArith.RatInterval.log_enclose_full,transcendental-enclosure,"Rat (exact, unbounded)",57,830,10,"24-term series, ~33 halving steps, argument ~10 decimal digits",log_enclose_full,exact,0.09437162252455185,18.221196551362212,1
MathExtras.RS62Ladder.lr_lb_ub_005._native.native_decide.ax_1_1,Rs62Certificates,Rs62Certificates.RS62LadderRangeLogLeavesA,MathExtras.RS62Ladder.lr_lb_ub_005,IntervalArith.RatInterval.log_enclose_full,transcendental-enclosure,"Rat (exact, unbounded)",53,747,9,"24-term series, ~29 halving steps, argument ~9 decimal digits",log_enclose_full,exact,0.09245317025652632,17.279443419657852,1
MathExtras.RS62Ladder.lr_lb_ub_006._native.native_decide.ax_1_1,Rs62Certificates,Rs62Certificates.RS62LadderRangeLogLeavesA,MathExtras.RS62Ladder.lr_lb_ub_006,IntervalArith.RatInterval.log_enclose_full,transcendental-enclosure,"Rat (exact, unbounded)",57,830,10,"24-term series, ~33 halving steps, argument ~10 decimal digits",log_enclose_full,exact,0.09437162252455185,18.221196551362212,1
MathExtras.RS62Ladder.lr_lb_ub_007._native.native_decide.ax_1_1,Rs62Certificates,Rs62Certificates.RS62LadderRangeLogLeavesA,MathExtras.RS62Ladder.lr_lb_ub_007,IntervalArith.RatInterval.log_enclose_full,transcendental-enclosure,"Rat (exact, unbounded)",57,830,10,"24-term series, ~33 halving steps, argument ~10 decimal digits",log_enclose_full,exact,0.09437162252455185,18.221196551362212,1
MathExtras.RS62Ladder.lr_lb_ub_008._native.native_decide.ax_1_1,Rs62Certificates,Rs62Certificates.RS62LadderRangeLogLeavesA,MathExtras.RS62Ladder.lr_lb_ub_008,IntervalArith.RatInterval.log_enclose_full,transcendental-enclosure,"Rat (exact, unbounded)",53,747,9,"24-term series, ~29 halving steps, argument ~9 decimal digits",log_enclose_full,exact,0.09245317025652632,17.279443419657852,1
MathExtras.RS62Ladder.lr_lb_ub_009._native.native_decide.ax_1_1,Rs62Certificates,Rs62Certificates.RS62LadderRangeLogLeavesA,MathExtras.RS62Ladder.lr_lb_ub_009,IntervalArith.RatInterval.log_enclose_full,transcendental-enclosure,"Rat (exact, unbounded)",53,747,9,"24-term series, ~29 halving steps, argument ~9 decimal digits",log_enclose_full,exact,0.09245317025652632,17.279443419657852,1
MathExtras.RS62Ladder.lr_lb_ub_010._native.native_decide.ax_1_1,Rs62Certificates,Rs62Certificates.RS62LadderRangeLogLeavesA,MathExtras.RS62Ladder.lr_lb_ub_010,IntervalArith.RatInterval.log_enclose_full,transcendental-enclosure,"Rat (exact, unbounded)",53,747,9,"24-term series, ~29 halving steps, argument ~9 decimal digits",log_enclose_full,exact,0.09245317025652632,17.279443419657852,1
MathExtras.RS62Ladder.lr_lb_ub_011._native.native_decide.ax_1_1,Rs62Certificates,Rs62Certificates.RS62LadderRangeLogLeavesA,MathExtras.RS62Ladder.lr_lb_ub_011,IntervalArith.RatInterval.log_enclose_full,transcendental-enclosure,"Rat (exact, unbounded)",53,747,9,"24-term series, ~29 halving steps, argument ~9 decimal digits",log_enclose_full,exact,0.09245317025652632,17.279443419657852,1
MathExtras.RS62Ladder.lr_lb_ub_012._native.native_decide.ax_1_1,Rs62Certificates,Rs62Certificates.RS62LadderRangeLogLeavesA,MathExtras.RS62Ladder.lr_lb_ub_012,IntervalArith.RatInterval.log_enclose_full,transcendental-enclosure,"Rat (exact, unbounded)",57,830,10,"24-term series, ~33 halving steps, argument ~10 decimal digits",log_enclose_full,exact,0.09437162252455185,18.221196551362212,1
MathExtras.RS62Ladder.lr_lb_ub_013._native.native_decide.ax_1_1,Rs62Certificates,Rs62Certificates.RS62LadderRangeLogLeavesA,MathExtras.RS62Ladder.lr_lb_ub_013,IntervalArith.RatInterval.log_enclose_full,transcendental-enclosure,"Rat (exact, unbounded)",53,747,9,"24-term series, ~29 halving steps, argument ~9 decimal digits",log_enclose_full,exact,0.09245317025652632,17.279443419657852,1
MathExtras.RS62Ladder.lr_lb_ub_014._native.native_decide.ax_1_1,Rs62Certificates,Rs62Certificates.RS62LadderRangeLogLeavesA,MathExtras.RS62Ladder.lr_lb_ub_014,IntervalArith.RatInterval.log_enclose_full,transcendental-enclosure,"Rat (exact, unbounded)",57,830,10,"24-term series, ~33 halving steps, argument ~10 decimal digits",log_enclose_full,exact,0.09437162252455185,18.221196551362212,1
MathExtras.RS62Ladder.lr_lb_ub_015._native.native_decide.ax_1_1,Rs62Certificates,Rs62Certificates.RS62LadderRangeLogLeavesA,MathExtras.RS62Ladder.lr_lb_ub_015,IntervalArith.RatInterval.log_enclose_full,transcendental-enclosure,"Rat (exact, unbounded)",53,747,9,"24-term series, ~29 halving steps, argument ~9 decimal digits",log_enclose_full,exact,0.09245317025652632,17.279443419657852,1
MathExtras.RS62Ladder.lr_lb_ub_016._native.native_decide.ax_1_1,Rs62Certificates,Rs62Certificates.RS62LadderRangeLogLeavesA,MathExtras.RS62Ladder.lr_lb_ub_016,IntervalArith.RatInterval.log_enclose_full,transcendental-enclosure,"Rat (exact, unbounded)",57,830,10,"24-term series, ~33 halving steps, argument ~10 decimal digits",log_enclose_full,exact,0.09437162252455185,18.221196551362212,1
MathExtras.RS62Ladder.lr_lb_ub_017._native.native_decide.ax_1_1,Rs62Certificates,Rs62Certificates.RS62LadderRangeLogLeavesA,MathExtras.RS62Ladder.lr_lb_ub_017,IntervalArith.RatInterval.log_enclose_full,transcendental-enclosure,"Rat (exact, unbounded)",53,747,9,"24-term series, ~29 halving steps, argument ~9 decimal digits",log_enclose_full,exact,0.09245317025652632,17.279443419657852,1
MathExtras.RS62Ladder.lr_lb_ub_018._native.native_decide.ax_1_1,Rs62Certificates,Rs62Certificates.RS62LadderRangeLogLeavesA,MathExtras.RS62Ladder.lr_lb_ub_018,IntervalArith.RatInterval.log_enclose_full,transcendental-enclosure,"Rat (exact, unbounded)",57,830,10,"24-term series, ~33 halving steps, argument ~10 decimal digits",log_enclose_full,exact,0.09437162252455185,18.221196551362212,1
MathExtras.RS62Ladder.lr_lb_ub_019._native.native_decide.ax_1_1,Rs62Certificates,Rs62Certificates.RS62LadderRangeLogLeavesA,MathExtras.RS62Ladder.lr_lb_ub_019,IntervalArith.RatInterval.log_enclose_full,transcendental-enclosure,"Rat (exact, unbounded)",57,830,10,"24-term series, ~33 halving steps, argument ~10 decimal digits",log_enclose_full,exact,0.09437162252455185,18.221196551362212,1
MathExtras.RS62Ladder.lr_lb_ub_020._native.native_decide.ax_1_1,Rs62Certificates,Rs62Certificates.RS62LadderRangeLogLeavesA,MathExtras.RS62Ladder.lr_lb_ub_020,IntervalArith.RatInterval.log_enclose_full,transcendental-enclosure,"Rat (exact, unbounded)",57,830,10,"24-term series, ~33 halving steps, argument ~10 decimal digits",log_enclose_full,exact,0.09437162252455185,18.221196551362212,1
MathExtras.RS62Ladder.lr_lb_ub_021._native.native_decide.ax_1_1,Rs62Certificates,Rs62Certificates.RS62LadderRangeLogLeavesA,MathExtras.RS62Ladder.lr_lb_ub_021,IntervalArith.RatInterval.log_enclose_full,transcendental-enclosure,"Rat (exact, unbounded)",57,830,10,"24-term series, ~33 halving steps, argument ~10 decimal digits",log_enclose_full,exact,0.09437162252455185,18.221196551362212,1
MathExtras.RS62Ladder.lr_lb_ub_022._native.native_decide.ax_1_1,Rs62Certificates,Rs62Certificates.RS62LadderRangeLogLeavesA,MathExtras.RS62Ladder.lr_lb_ub_022,IntervalArith.RatInterval.log_enclose_full,transcendental-enclosure,"Rat (exact, unbounded)",53,747,9,"24-term series, ~29 halving steps, argument ~9 decimal digits",log_enclose_full,exact,0.09245317025652632,17.279443419657852,1
MathExtras.RS62Ladder.lr_lb_ub_023._native.native_decide.ax_1_1,Rs62Certificates,Rs62Certificates.RS62LadderRangeLogLeavesA,MathExtras.RS62Ladder.lr_lb_ub_023,IntervalArith.RatInterval.log_enclose_full,transcendental-enclosure,"Rat (exact, unbounded)",53,747,9,"24-term series, ~29 halving steps, argument ~9 decimal digits",log_enclose_full,exact,0.09245317025652632,17.279443419657852,1
MathExtras.RS62Ladder.lr_lb_ub_024._native.native_decide.ax_1_1,Rs62Certificates,Rs62Certificates.RS62LadderRangeLogLeavesA,MathExtras.RS62Ladder.lr_lb_ub_024,IntervalArith.RatInterval.log_enclose_full,transcendental-enclosure,"Rat (exact, unbounded)",53,747,9,"24-term series, ~29 halving steps, argument ~9 decimal digits",log_enclose_full,exact,0.09245317025652632,17.279443419657852,1
MathExtras.RS62Ladder.lr_lb_ub_025._native.native_decide.ax_1_1,Rs62Certificates,Rs62Certificates.RS62LadderRangeLogLeavesA,MathExtras.RS62Ladder.lr_lb_ub_025,IntervalArith.RatInterval.log_enclose_full,transcendental-enclosure,"Rat (exact, unbounded)",57,830,10,"24-term series, ~33 halving steps, argument ~10 decimal digits",log_enclose_full,exact,0.09437162252455185,18.221196551362212,1
MathExtras.RS62Ladder.lr_lb_ub_026._native.native_decide.ax_1_1,Rs62Certificates,Rs62Certificates.RS62LadderRangeLogLeavesA,MathExtras.RS62Ladder.lr_lb_ub_026,IntervalArith.RatInterval.log_enclose_full,transcendental-enclosure,"Rat (exact, unbounded)",53,747,9,"24-term series, ~29 halving steps, argument ~9 decimal digits",log_enclose_full,exact,0.09245317025652632,17.279443419657852,1
MathExtras.RS62Ladder.lr_lb_ub_027._native.native_decide.ax_1_1,Rs62Certificates,Rs62Certificates.RS62LadderRangeLogLeavesA,MathExtras.RS62Ladder.lr_lb_ub_027,IntervalArith.RatInterval.log_enclose_full,transcendental-enclosure,"Rat (exact, unbounded)",53,747,9,"24-term series, ~29 halving steps, argument ~9 decimal digits",log_enclose_full,exact,0.09245317025652632,17.279443419657852,1
MathExtras.RS62Ladder.lr_lb_ub_028._native.native_decide.ax_1_1,Rs62Certificates,Rs62Certificates.RS62LadderRangeLogLeavesA,MathExtras.RS62Ladder.lr_lb_ub_028,IntervalArith.RatInterval.log_enclose_full,transcendental-enclosure,"Rat (exact, unbounded)",57,830,10,"24-term series, ~33 halving steps, argument ~10 decimal digits",log_enclose_full,exact,0.09437162252455185,18.221196551362212,1
MathExtras.RS62Ladder.lr_lb_ub_029._native.native_decide.ax_1_1,Rs62Certificates,Rs62Certificates.RS62LadderRangeLogLeavesA,MathExtras.RS62Ladder.lr_lb_ub_029,IntervalArith.RatInterval.log_enclose_full,transcendental-enclosure,"Rat (exact, unbounded)",57,830,10,"24-term series, ~33 halving steps, argument ~10 decimal digits",log_enclose_full,exact,0.09437162252455185,18.221196551362212,1
MathExtras.RS62Ladder.lr_lb_ub_030._native.native_decide.ax_1_1,Rs62Certificates,Rs62Certificates.RS62LadderRangeLogLeavesA,MathExtras.RS62Ladder.lr_lb_ub_030,IntervalArith.RatInterval.log_enclose_full,transcendental-enclosure,"Rat (exact, unbounded)",53,747,9,"24-term series, ~29 halving steps, argument ~9 decimal digits",log_enclose_full,exact,0.09245317025652632,17.279443419657852,1
MathExtras.RS62Ladder.lr_lb_ub_031._native.native_decide.ax_1_1,Rs62Certificates,Rs62Certificates.RS62LadderRangeLogLeavesB,MathExtras.RS62Ladder.lr_lb_ub_031,IntervalArith.RatInterval.log_enclose_full,transcendental-enclosure,"Rat (exact, unbounded)",57,830,10,"24-term series, ~33 halving steps, argument ~10 decimal digits",log_enclose_full,exact,0.09437162252455185,18.221196551362212,1
MathExtras.RS62Ladder.lr_lb_ub_032._native.native_decide.ax_1_1,Rs62Certificates,Rs62Certificates.RS62LadderRangeLogLeavesB,MathExtras.RS62Ladder.lr_lb_ub_032,IntervalArith.RatInterval.log_enclose_full,transcendental-enclosure,"Rat (exact, unbounded)",53,747,9,"24-term series, ~29 halving steps, argument ~9 decimal digits",log_enclose_full,exact,0.09245317025652632,17.279443419657852,1
MathExtras.RS62Ladder.lr_lb_ub_033._native.native_decide.ax_1_1,Rs62Certificates,Rs62Certificates.RS62LadderRangeLogLeavesB,MathExtras.RS62Ladder.lr_lb_ub_033,IntervalArith.RatInterval.log_enclose_full,transcendental-enclosure,"Rat (exact, unbounded)",57,830,10,"24-term series, ~33 halving steps, argument ~10 decimal digits",log_enclose_full,exact,0.09437162252455185,18.221196551362212,1
MathExtras.RS62Ladder.lr_lb_ub_034._native.native_decide.ax_1_1,Rs62Certificates,Rs62Certificates.RS62LadderRangeLogLeavesB,MathExtras.RS62Ladder.lr_lb_ub_034,IntervalArith.RatInterval.log_enclose_full,transcendental-enclosure,"Rat (exact, unbounded)",57,830,10,"24-term series, ~33 halving steps, argument ~10 decimal digits",log_enclose_full,exact,0.09437162252455185,18.221196551362212,1
MathExtras.RS62Ladder.lr_lb_ub_035._native.native_decide.ax_1_1,Rs62Certificates,Rs62Certificates.RS62LadderRangeLogLeavesB,MathExtras.RS62Ladder.lr_lb_ub_035,IntervalArith.RatInterval.log_enclose_full,transcendental-enclosure,"Rat (exact, unbounded)",57,830,10,"24-term series, ~33 halving steps, argument ~10 decimal digits",log_enclose_full,exact,0.09437162252455185,18.221196551362212,1
MathExtras.RS62Ladder.lr_lb_ub_036._native.native_decide.ax_1_1,Rs62Certificates,Rs62Certificates.RS62LadderRangeLogLeavesB,MathExtras.RS62Ladder.lr_lb_ub_036,IntervalArith.RatInterval.log_enclose_full,transcendental-enclosure,"Rat (exact, unbounded)",57,830,10,"24-term series, ~33 halving steps, argument ~10 decimal digits",log_enclose_full,exact,0.09437162252455185,18.221196551362212,1
MathExtras.RS62Ladder.lr_lb_ub_037._native.native_decide.ax_1_1,Rs62Certificates,Rs62Certificates.RS62LadderRangeLogLeavesB,MathExtras.RS62Ladder.lr_lb_ub_037,IntervalArith.RatInterval.log_enclose_full,transcendental-enclosure,"Rat (exact, unbounded)",53,747,9,"24-term series, ~29 halving steps, argument ~9 decimal digits",log_enclose_full,exact,0.09245317025652632,17.279443419657852,1
MathExtras.RS62Ladder.lr_lb_ub_038._native.native_decide.ax_1_1,Rs62Certificates,Rs62Certificates.RS62LadderRangeLogLeavesB,MathExtras.RS62Ladder.lr_lb_ub_038,IntervalArith.RatInterval.log_enclose_full,transcendental-enclosure,"Rat (exact, unbounded)",53,747,9,"24-term series, ~29 halving steps, argument ~9 decimal digits",log_enclose_full,exact,0.09245317025652632,17.279443419657852,1
MathExtras.RS62Ladder.lr_lb_ub_039._native.native_decide.ax_1_1,Rs62Certificates,Rs62Certificates.RS62LadderRangeLogLeavesB,MathExtras.RS62Ladder.lr_lb_ub_039,IntervalArith.RatInterval.log_enclose_full,transcendental-enclosure,"Rat (exact, unbounded)",57,830,10,"24-term series, ~33 halving steps, argument ~10 decimal digits",log_enclose_full,exact,0.09437162252455185,18.221196551362212,1
MathExtras.RS62Ladder.lr_lb_ub_040._native.native_decide.ax_1_1,Rs62Certificates,Rs62Certificates.RS62LadderRangeLogLeavesB,MathExtras.RS62Ladder.lr_lb_ub_040,IntervalArith.RatInterval.log_enclose_full,transcendental-enclosure,"Rat (exact, unbounded)",57,830,10,"24-term series, ~33 halving steps, argument ~10 decimal digits",log_enclose_full,exact,0.09437162252455185,18.221196551362212,1
MathExtras.RS62Ladder.lr_lb_ub_041._native.native_decide.ax_1_1,Rs62Certificates,Rs62Certificates.RS62LadderRangeLogLeavesB,MathExtras.RS62Ladder.lr_lb_ub_041,IntervalArith.RatInterval.log_enclose_full,transcendental-enclosure,"Rat (exact, unbounded)",57,830,10,"24-term series, ~33 halving steps, argument ~10 decimal digits",log_enclose_full,exact,0.09437162252455185,18.221196551362212,1
MathExtras.RS62Ladder.lr_lb_ub_042._native.native_decide.ax_1_1,Rs62Certificates,Rs62Certificates.RS62LadderRangeLogLeavesB,MathExtras.RS62Ladder.lr_lb_ub_042,IntervalArith.RatInterval.log_enclose_full,transcendental-enclosure,"Rat (exact, unbounded)",53,747,9,"24-term series, ~29 halving steps, argument ~9 decimal digits",log_enclose_full,exact,0.09245317025652632,17.279443419657852,1
MathExtras.RS62Ladder.lr_lb_ub_043._native.native_decide.ax_1_1,Rs62Certificates,Rs62Certificates.RS62LadderRangeLogLeavesB,MathExtras.RS62Ladder.lr_lb_ub_043,IntervalArith.RatInterval.log_enclose_full,transcendental-enclosure,"Rat (exact, unbounded)",57,830,10,"24-term series, ~33 halving steps, argument ~10 decimal digits",log_enclose_full,exact,0.09437162252455185,18.221196551362212,1
MathExtras.RS62Ladder.lr_lb_ub_044._native.native_decide.ax_1_1,Rs62Certificates,Rs62Certificates.RS62LadderRangeLogLeavesB,MathExtras.RS62Ladder.lr_lb_ub_044,IntervalArith.RatInterval.log_enclose_full,transcendental-enclosure,"Rat (exact, unbounded)",53,747,9,"24-term series, ~29 halving steps, argument ~9 decimal digits",log_enclose_full,exact,0.09245317025652632,17.279443419657852,1
MathExtras.RS62Ladder.lr_lb_ub_045._native.native_decide.ax_1_1,Rs62Certificates,Rs62Certificates.RS62LadderRangeLogLeavesB,MathExtras.RS62Ladder.lr_lb_ub_045,IntervalArith.RatInterval.log_enclose_full,transcendental-enclosure,"Rat (exact, unbounded)",53,747,9,"24-term series, ~29 halving steps, argument ~9 decimal digits",log_enclose_full,exact,0.09245317025652632,17.279443419657852,1
MathExtras.RS62Ladder.lr_lb_ub_046._native.native_decide.ax_1_1,Rs62Certificates,Rs62Certificates.RS62LadderRangeLogLeavesB,MathExtras.RS62Ladder.lr_lb_ub_046,IntervalArith.RatInterval.log_enclose_full,transcendental-enclosure,"Rat (exact, unbounded)",57,830,10,"24-term series, ~33 halving steps, argument ~10 decimal digits",log_enclose_full,exact,0.09437162252455185,18.221196551362212,1
MathExtras.RS62Ladder.lr_lb_ub_047._native.native_decide.ax_1_1,Rs62Certificates,Rs62Certificates.RS62LadderRangeLogLeavesB,MathExtras.RS62Ladder.lr_lb_ub_047,IntervalArith.RatInterval.log_enclose_full,transcendental-enclosure,"Rat (exact, unbounded)",53,747,9,"24-term series, ~29 halving steps, argument ~9 decimal digits",log_enclose_full,exact,0.09245317025652632,17.279443419657852,1
MathExtras.RS62Ladder.lr_lb_ub_048._native.native_decide.ax_1_1,Rs62Certificates,Rs62Certificates.RS62LadderRangeLogLeavesB,MathExtras.RS62Ladder.lr_lb_ub_048,IntervalArith.RatInterval.log_enclose_full,transcendental-enclosure,"Rat (exact, unbounded)",57,830,10,"24-term series, ~33 halving steps, argument ~10 decimal digits",log_enclose_full,exact,0.09437162252455185,18.221196551362212,1
MathExtras.RS62Ladder.lr_lb_ub_049._native.native_decide.ax_1_1,Rs62Certificates,Rs62Certificates.RS62LadderRangeLogLeavesB,MathExtras.RS62Ladder.lr_lb_ub_049,IntervalArith.RatInterval.log_enclose_full,transcendental-enclosure,"Rat (exact, unbounded)",53,747,9,"24-term series, ~29 halving steps, argument ~9 decimal digits",log_enclose_full,exact,0.09245317025652632,17.279443419657852,1
MathExtras.RS62Ladder.lr_lb_ub_050._native.native_decide.ax_1_1,Rs62Certificates,Rs62Certificates.RS62LadderRangeLogLeavesB,MathExtras.RS62Ladder.lr_lb_ub_050,IntervalArith.RatInterval.log_enclose_full,transcendental-enclosure,"Rat (exact, unbounded)",57,830,10,"24-term series, ~33 halving steps, argument ~10 decimal digits",log_enclose_full,exact,0.09437162252455185,18.221196551362212,1
MathExtras.RS62Ladder.lr_lb_ub_051._native.native_decide.ax_1_1,Rs62Certificates,Rs62Certificates.RS62LadderRangeLogLeavesB,MathExtras.RS62Ladder.lr_lb_ub_051,IntervalArith.RatInterval.log_enclose_full,transcendental-enclosure,"Rat (exact, unbounded)",53,747,9,"24-term series, ~29 halving steps, argument ~9 decimal digits",log_enclose_full,exact,0.09245317025652632,17.279443419657852,1
MathExtras.RS62Ladder.lr_lb_ub_052._native.native_decide.ax_1_1,Rs62Certificates,Rs62Certificates.RS62LadderRangeLogLeavesB,MathExtras.RS62Ladder.lr_lb_ub_052,IntervalArith.RatInterval.log_enclose_full,transcendental-enclosure,"Rat (exact, unbounded)",53,747,9,"24-term series, ~29 halving steps, argument ~9 decimal digits",log_enclose_full,exact,0.09245317025652632,17.279443419657852,1
MathExtras.RS62Ladder.lr_lb_ub_053._native.native_decide.ax_1_1,Rs62Certificates,Rs62Certificates.RS62LadderRangeLogLeavesB,MathExtras.RS62Ladder.lr_lb_ub_053,IntervalArith.RatInterval.log_enclose_full,transcendental-enclosure,"Rat (exact, unbounded)",57,830,10,"24-term series, ~33 halving steps, argument ~10 decimal digits",log_enclose_full,exact,0.09437162252455185,18.221196551362212,1
MathExtras.RS62Ladder.lr_lb_ub_054._native.native_decide.ax_1_1,Rs62Certificates,Rs62Certificates.RS62LadderRangeLogLeavesB,MathExtras.RS62Ladder.lr_lb_ub_054,IntervalArith.RatInterval.log_enclose_full,transcendental-enclosure,"Rat (exact, unbounded)",53,747,9,"24-term series, ~29 halving steps, argument ~9 decimal digits",log_enclose_full,exact,0.09245317025652632,17.279443419657852,1
MathExtras.RS62Ladder.lr_lb_ub_055._native.native_decide.ax_1_1,Rs62Certificates,Rs62Certificates.RS62LadderRangeLogLeavesB,MathExtras.RS62Ladder.lr_lb_ub_055,IntervalArith.RatInterval.log_enclose_full,transcendental-enclosure,"Rat (exact, unbounded)",53,747,9,"24-term series, ~29 halving steps, argument ~9 decimal digits",log_enclose_full,exact,0.09245317025652632,17.279443419657852,1
MathExtras.RS62Ladder.lr_lb_ub_056._native.native_decide.ax_1_1,Rs62Certificates,Rs62Certificates.RS62LadderRangeLogLeavesB,MathExtras.RS62Ladder.lr_lb_ub_056,IntervalArith.RatInterval.log_enclose_full,transcendental-enclosure,"Rat (exact, unbounded)",57,830,10,"24-term series, ~33 halving steps, argument ~10 decimal digits",log_enclose_full,exact,0.09437162252455185,18.221196551362212,1
MathExtras.RS62Ladder.lr_lb_ub_057._native.native_decide.ax_1_1,Rs62Certificates,Rs62Certificates.RS62LadderRangeLogLeavesB,MathExtras.RS62Ladder.lr_lb_ub_057,IntervalArith.RatInterval.log_enclose_full,transcendental-enclosure,"Rat (exact, unbounded)",57,830,10,"24-term series, ~33 halving steps, argument ~10 decimal digits",log_enclose_full,exact,0.09437162252455185,18.221196551362212,1
MathExtras.RS62Ladder.lr_lb_ub_058._native.native_decide.ax_1_1,Rs62Certificates,Rs62Certificates.RS62LadderRangeLogLeavesB,MathExtras.RS62Ladder.lr_lb_ub_058,IntervalArith.RatInterval.log_enclose_full,transcendental-enclosure,"Rat (exact, unbounded)",57,830,10,"24-term series, ~33 halving steps, argument ~10 decimal digits",log_enclose_full,exact,0.09437162252455185,18.221196551362212,1
MathExtras.RS62Ladder.lr_lb_ub_059._native.native_decide.ax_1_1,Rs62Certificates,Rs62Certificates.RS62LadderRangeLogLeavesB,MathExtras.RS62Ladder.lr_lb_ub_059,IntervalArith.RatInterval.log_enclose_full,transcendental-enclosure,"Rat (exact, unbounded)",53,747,9,"24-term series, ~29 halving steps, argument ~9 decimal digits",log_enclose_full,exact,0.09245317025652632,17.279443419657852,1
MathExtras.RS62Ladder.lr_lb_ub_060._native.native_decide.ax_1_1,Rs62Certificates,Rs62Certificates.RS62LadderRangeLogLeavesB,MathExtras.RS62Ladder.lr_lb_ub_060,IntervalArith.RatInterval.log_enclose_full,transcendental-enclosure,"Rat (exact, unbounded)",53,747,9,"24-term series, ~29 halving steps, argument ~9 decimal digits",log_enclose_full,exact,0.09245317025652632,17.279443419657852,1
MathExtras.RS62Ladder.lr_lb_ub_061._native.native_decide.ax_1_1,Rs62Certificates,Rs62Certificates.RS62LadderRangeLogLeavesB,MathExtras.RS62Ladder.lr_lb_ub_061,IntervalArith.RatInterval.log_enclose_full,transcendental-enclosure,"Rat (exact, unbounded)",57,830,10,"24-term series, ~33 halving steps, argument ~10 decimal digits",log_enclose_full,exact,0.09437162252455185,18.221196551362212,1
MathExtras.RS62Ladder.lr_lb_ub_062._native.native_decide.ax_1_1,Rs62Certificates,Rs62Certificates.RS62LadderRangeLogLeavesC,MathExtras.RS62Ladder.lr_lb_ub_062,IntervalArith.RatInterval.log_enclose_full,transcendental-enclosure,"Rat (exact, unbounded)",53,747,9,"24-term series, ~29 halving steps, argument ~9 decimal digits",log_enclose_full,exact,0.09245317025652632,17.279443419657852,1
MathExtras.RS62Ladder.lr_lb_ub_063._native.native_decide.ax_1_1,Rs62Certificates,Rs62Certificates.RS62LadderRangeLogLeavesC,MathExtras.RS62Ladder.lr_lb_ub_063,IntervalArith.RatInterval.log_enclose_full,transcendental-enclosure,"Rat (exact, unbounded)",57,830,10,"24-term series, ~33 halving steps, argument ~10 decimal digits",log_enclose_full,exact,0.09437162252455185,18.221196551362212,1
MathExtras.RS62Ladder.lr_lb_ub_064._native.native_decide.ax_1_1,Rs62Certificates,Rs62Certificates.RS62LadderRangeLogLeavesC,MathExtras.RS62Ladder.lr_lb_ub_064,IntervalArith.RatInterval.log_enclose_full,transcendental-enclosure,"Rat (exact, unbounded)",57,830,10,"24-term series, ~33 halving steps, argument ~10 decimal digits",log_enclose_full,exact,0.09437162252455185,18.221196551362212,1
MathExtras.RS62Ladder.lr_lb_ub_065._native.native_decide.ax_1_1,Rs62Certificates,Rs62Certificates.RS62LadderRangeLogLeavesC,MathExtras.RS62Ladder.lr_lb_ub_065,IntervalArith.RatInterval.log_enclose_full,transcendental-enclosure,"Rat (exact, unbounded)",53,747,9,"24-term series, ~29 halving steps, argument ~9 decimal digits",log_enclose_full,exact,0.09245317025652632,17.279443419657852,1
MathExtras.RS62Ladder.lr_lb_ub_066._native.native_decide.ax_1_1,Rs62Certificates,Rs62Certificates.RS62LadderRangeLogLeavesC,MathExtras.RS62Ladder.lr_lb_ub_066,IntervalArith.RatInterval.log_enclose_full,transcendental-enclosure,"Rat (exact, unbounded)",57,830,10,"24-term series, ~33 halving steps, argument ~10 decimal digits",log_enclose_full,exact,0.09437162252455185,18.221196551362212,1
MathExtras.RS62Ladder.lr_lb_ub_067._native.native_decide.ax_1_1,Rs62Certificates,Rs62Certificates.RS62LadderRangeLogLeavesC,MathExtras.RS62Ladder.lr_lb_ub_067,IntervalArith.RatInterval.log_enclose_full,transcendental-enclosure,"Rat (exact, unbounded)",57,830,10,"24-term series, ~33 halving steps, argument ~10 decimal digits",log_enclose_full,exact,0.09437162252455185,18.221196551362212,1
MathExtras.RS62Ladder.lr_lb_ub_068._native.native_decide.ax_1_1,Rs62Certificates,Rs62Certificates.RS62LadderRangeLogLeavesC,MathExtras.RS62Ladder.lr_lb_ub_068,IntervalArith.RatInterval.log_enclose_full,transcendental-enclosure,"Rat (exact, unbounded)",53,747,9,"24-term series, ~29 halving steps, argument ~9 decimal digits",log_enclose_full,exact,0.09245317025652632,17.279443419657852,1
MathExtras.RS62Ladder.lr_lb_ub_069._native.native_decide.ax_1_1,Rs62Certificates,Rs62Certificates.RS62LadderRangeLogLeavesC,MathExtras.RS62Ladder.lr_lb_ub_069,IntervalArith.RatInterval.log_enclose_full,transcendental-enclosure,"Rat (exact, unbounded)",53,747,9,"24-term series, ~29 halving steps, argument ~9 decimal digits",log_enclose_full,exact,0.09245317025652632,17.279443419657852,1
MathExtras.RS62Ladder.lr_lb_ub_070._native.native_decide.ax_1_1,Rs62Certificates,Rs62Certificates.RS62LadderRangeLogLeavesC,MathExtras.RS62Ladder.lr_lb_ub_070,IntervalArith.RatInterval.log_enclose_full,transcendental-enclosure,"Rat (exact, unbounded)",53,747,9,"24-term series, ~29 halving steps, argument ~9 decimal digits",log_enclose_full,exact,0.09245317025652632,17.279443419657852,1
MathExtras.RS62Ladder.lr_lb_ub_071._native.native_decide.ax_1_1,Rs62Certificates,Rs62Certificates.RS62LadderRangeLogLeavesC,MathExtras.RS62Ladder.lr_lb_ub_071,IntervalArith.RatInterval.log_enclose_full,transcendental-enclosure,"Rat (exact, unbounded)",57,830,10,"24-term series, ~33 halving steps, argument ~10 decimal digits",log_enclose_full,exact,0.09437162252455185,18.221196551362212,1
MathExtras.RS62Ladder.lr_lb_ub_072._native.native_decide.ax_1_1,Rs62Certificates,Rs62Certificates.RS62LadderRangeLogLeavesC,MathExtras.RS62Ladder.lr_lb_ub_072,IntervalArith.RatInterval.log_enclose_full,transcendental-enclosure,"Rat (exact, unbounded)",57,830,10,"24-term series, ~33 halving steps, argument ~10 decimal digits",log_enclose_full,exact,0.09437162252455185,18.221196551362212,1
MathExtras.RS62Ladder.lr_lb_ub_073._native.native_decide.ax_1_1,Rs62Certificates,Rs62Certificates.RS62LadderRangeLogLeavesC,MathExtras.RS62Ladder.lr_lb_ub_073,IntervalArith.RatInterval.log_enclose_full,transcendental-enclosure,"Rat (exact, unbounded)",53,747,9,"24-term series, ~29 halving steps, argument ~9 decimal digits",log_enclose_full,exact,0.09245317025652632,17.279443419657852,1
MathExtras.RS62Ladder.lr_lb_ub_074._native.native_decide.ax_1_1,Rs62Certificates,Rs62Certificates.RS62LadderRangeLogLeavesC,MathExtras.RS62Ladder.lr_lb_ub_074,IntervalArith.RatInterval.log_enclose_full,transcendental-enclosure,"Rat (exact, unbounded)",53,747,9,"24-term series, ~29 halving steps, argument ~9 decimal digits",log_enclose_full,exact,0.09245317025652632,17.279443419657852,1
MathExtras.RS62Ladder.lr_lb_ub_075._native.native_decide.ax_1_1,Rs62Certificates,Rs62Certificates.RS62LadderRangeLogLeavesC,MathExtras.RS62Ladder.lr_lb_ub_075,IntervalArith.RatInterval.log_enclose_full,transcendental-enclosure,"Rat (exact, unbounded)",57,830,10,"24-term series, ~33 halving steps, argument ~10 decimal digits",log_enclose_full,exact,0.09437162252455185,18.221196551362212,1
MathExtras.RS62Ladder.lr_lb_ub_076._native.native_decide.ax_1_1,Rs62Certificates,Rs62Certificates.RS62LadderRangeLogLeavesC,MathExtras.RS62Ladder.lr_lb_ub_076,IntervalArith.RatInterval.log_enclose_full,transcendental-enclosure,"Rat (exact, unbounded)",53,747,9,"24-term series, ~29 halving steps, argument ~9 decimal digits",log_enclose_full,exact,0.09245317025652632,17.279443419657852,1
MathExtras.RS62Ladder.lr_lb_ub_077._native.native_decide.ax_1_1,Rs62Certificates,Rs62Certificates.RS62LadderRangeLogLeavesC,MathExtras.RS62Ladder.lr_lb_ub_077,IntervalArith.RatInterval.log_enclose_full,transcendental-enclosure,"Rat (exact, unbounded)",53,747,9,"24-term series, ~29 halving steps, argument ~9 decimal digits",log_enclose_full,exact,0.09245317025652632,17.279443419657852,1
MathExtras.RS62Ladder.lr_lb_ub_078._native.native_decide.ax_1_1,Rs62Certificates,Rs62Certificates.RS62LadderRangeLogLeavesC,MathExtras.RS62Ladder.lr_lb_ub_078,IntervalArith.RatInterval.log_enclose_full,transcendental-enclosure,"Rat (exact, unbounded)",57,830,10,"24-term series, ~33 halving steps, argument ~10 decimal digits",log_enclose_full,exact,0.09437162252455185,18.221196551362212,1
MathExtras.RS62Ladder.lr_lb_ub_079._native.native_decide.ax_1_1,Rs62Certificates,Rs62Certificates.RS62LadderRangeLogLeavesC,MathExtras.RS62Ladder.lr_lb_ub_079,IntervalArith.RatInterval.log_enclose_full,transcendental-enclosure,"Rat (exact, unbounded)",53,747,9,"24-term series, ~29 halving steps, argument ~9 decimal digits",log_enclose_full,exact,0.09245317025652632,17.279443419657852,1
MathExtras.RS62Ladder.lr_lb_ub_080._native.native_decide.ax_1_1,Rs62Certificates,Rs62Certificates.RS62LadderRangeLogLeavesC,MathExtras.RS62Ladder.lr_lb_ub_080,IntervalArith.RatInterval.log_enclose_full,transcendental-enclosure,"Rat (exact, unbounded)",53,747,9,"24-term series, ~29 halving steps, argument ~9 decimal digits",log_enclose_full,exact,0.09245317025652632,17.279443419657852,1
MathExtras.RS62Ladder.lr_lb_ub_081._native.native_decide.ax_1_1,Rs62Certificates,Rs62Certificates.RS62LadderRangeLogLeavesC,MathExtras.RS62Ladder.lr_lb_ub_081,IntervalArith.RatInterval.log_enclose_full,transcendental-enclosure,"Rat (exact, unbounded)",57,830,10,"24-term series, ~33 halving steps, argument ~10 decimal digits",log_enclose_full,exact,0.09437162252455185,18.221196551362212,1
MathExtras.RS62Ladder.lr_lb_ub_082._native.native_decide.ax_1_1,Rs62Certificates,Rs62Certificates.RS62LadderRangeLogLeavesC,MathExtras.RS62Ladder.lr_lb_ub_082,IntervalArith.RatInterval.log_enclose_full,transcendental-enclosure,"Rat (exact, unbounded)",53,747,9,"24-term series, ~29 halving steps, argument ~9 decimal digits",log_enclose_full,exact,0.09245317025652632,17.279443419657852,1
MathExtras.RS62Ladder.lr_lb_ub_083._native.native_decide.ax_1_1,Rs62Certificates,Rs62Certificates.RS62LadderRangeLogLeavesC,MathExtras.RS62Ladder.lr_lb_ub_083,IntervalArith.RatInterval.log_enclose_full,transcendental-enclosure,"Rat (exact, unbounded)",53,747,9,"24-term series, ~29 halving steps, argument ~9 decimal digits",log_enclose_full,exact,0.09245317025652632,17.279443419657852,1
MathExtras.RS62Ladder.lr_lb_ub_084._native.native_decide.ax_1_1,Rs62Certificates,Rs62Certificates.RS62LadderRangeLogLeavesC,MathExtras.RS62Ladder.lr_lb_ub_084,IntervalArith.RatInterval.log_enclose_full,transcendental-enclosure,"Rat (exact, unbounded)",53,747,9,"24-term series, ~29 halving steps, argument ~9 decimal digits",log_enclose_full,exact,0.09245317025652632,17.279443419657852,1
MathExtras.RS62Ladder.lr_lb_ub_085._native.native_decide.ax_1_1,Rs62Certificates,Rs62Certificates.RS62LadderRangeLogLeavesC,MathExtras.RS62Ladder.lr_lb_ub_085,IntervalArith.RatInterval.log_enclose_full,transcendental-enclosure,"Rat (exact, unbounded)",57,830,10,"24-term series, ~33 halving steps, argument ~10 decimal digits",log_enclose_full,exact,0.09437162252455185,18.221196551362212,1
MathExtras.RS62Ladder.lr_lb_ub_086._native.native_decide.ax_1_1,Rs62Certificates,Rs62Certificates.RS62LadderRangeLogLeavesC,MathExtras.RS62Ladder.lr_lb_ub_086,IntervalArith.RatInterval.log_enclose_full,transcendental-enclosure,"Rat (exact, unbounded)",53,747,9,"24-term series, ~29 halving steps, argument ~9 decimal digits",log_enclose_full,exact,0.09245317025652632,17.279443419657852,1
MathExtras.RS62Ladder.lr_lb_ub_087._native.native_decide.ax_1_1,Rs62Certificates,Rs62Certificates.RS62LadderRangeLogLeavesC,MathExtras.RS62Ladder.lr_lb_ub_087,IntervalArith.RatInterval.log_enclose_full,transcendental-enclosure,"Rat (exact, unbounded)",57,830,10,"24-term series, ~33 halving steps, argument ~10 decimal digits",log_enclose_full,exact,0.09437162252455185,18.221196551362212,1
MathExtras.RS62Ladder.lr_lb_ub_088._native.native_decide.ax_1_1,Rs62Certificates,Rs62Certificates.RS62LadderRangeLogLeavesC,MathExtras.RS62Ladder.lr_lb_ub_088,IntervalArith.RatInterval.log_enclose_full,transcendental-enclosure,"Rat (exact, unbounded)",53,747,9,"24-term series, ~29 halving steps, argument ~9 decimal digits",log_enclose_full,exact,0.09245317025652632,17.279443419657852,1
MathExtras.RS62Ladder.lr_lb_ub_089._native.native_decide.ax_1_1,Rs62Certificates,Rs62Certificates.RS62LadderRangeLogLeavesC,MathExtras.RS62Ladder.lr_lb_ub_089,IntervalArith.RatInterval.log_enclose_full,transcendental-enclosure,"Rat (exact, unbounded)",53,747,9,"24-term series, ~29 halving steps, argument ~9 decimal digits",log_enclose_full,exact,0.09245317025652632,17.279443419657852,1
MathExtras.RS62Ladder.lr_lb_ub_090._native.native_decide.ax_1_1,Rs62Certificates,Rs62Certificates.RS62LadderRangeLogLeavesC,MathExtras.RS62Ladder.lr_lb_ub_090,IntervalArith.RatInterval.log_enclose_full,transcendental-enclosure,"Rat (exact, unbounded)",53,747,9,"24-term series, ~29 halving steps, argument ~9 decimal digits",log_enclose_full,exact,0.09245317025652632,17.279443419657852,1
MathExtras.RS62Ladder.lr_lb_ub_091._native.native_decide.ax_1_1,Rs62Certificates,Rs62Certificates.RS62LadderRangeLogLeavesC,MathExtras.RS62Ladder.lr_lb_ub_091,IntervalArith.RatInterval.log_enclose_full,transcendental-enclosure,"Rat (exact, unbounded)",53,747,9,"24-term series, ~29 halving steps, argument ~9 decimal digits",log_enclose_full,exact,0.09245317025652632,17.279443419657852,1
MathExtras.RS62Ladder.lr_lb_ub_092._native.native_decide.ax_1_1,Rs62Certificates,Rs62Certificates.RS62LadderRangeLogLeavesD,MathExtras.RS62Ladder.lr_lb_ub_092,IntervalArith.RatInterval.log_enclose_full,transcendental-enclosure,"Rat (exact, unbounded)",53,747,9,"24-term series, ~29 halving steps, argument ~9 decimal digits",log_enclose_full,exact,0.09245317025652632,17.279443419657852,1
MathExtras.RS62Ladder.lr_lb_ub_093._native.native_decide.ax_1_1,Rs62Certificates,Rs62Certificates.RS62LadderRangeLogLeavesD,MathExtras.RS62Ladder.lr_lb_ub_093,IntervalArith.RatInterval.log_enclose_full,transcendental-enclosure,"Rat (exact, unbounded)",53,747,9,"24-term series, ~29 halving steps, argument ~9 decimal digits",log_enclose_full,exact,0.09245317025652632,17.279443419657852,1
MathExtras.RS62Ladder.lr_lb_ub_094._native.native_decide.ax_1_1,Rs62Certificates,Rs62Certificates.RS62LadderRangeLogLeavesD,MathExtras.RS62Ladder.lr_lb_ub_094,IntervalArith.RatInterval.log_enclose_full,transcendental-enclosure,"Rat (exact, unbounded)",57,830,10,"24-term series, ~33 halving steps, argument ~10 decimal digits",log_enclose_full,exact,0.09437162252455185,18.221196551362212,1
MathExtras.RS62Ladder.lr_lb_ub_095._native.native_decide.ax_1_1,Rs62Certificates,Rs62Certificates.RS62LadderRangeLogLeavesD,MathExtras.RS62Ladder.lr_lb_ub_095,IntervalArith.RatInterval.log_enclose_full,transcendental-enclosure,"Rat (exact, unbounded)",57,830,10,"24-term series, ~33 halving steps, argument ~10 decimal digits",log_enclose_full,exact,0.09437162252455185,18.221196551362212,1
MathExtras.RS62Ladder.lr_lb_ub_096._native.native_decide.ax_1_1,Rs62Certificates,Rs62Certificates.RS62LadderRangeLogLeavesD,MathExtras.RS62Ladder.lr_lb_ub_096,IntervalArith.RatInterval.log_enclose_full,transcendental-enclosure,"Rat (exact, unbounded)",53,747,9,"24-term series, ~29 halving steps, argument ~9 decimal digits",log_enclose_full,exact,0.09245317025652632,17.279443419657852,1
MathExtras.RS62Ladder.lr_lb_ub_097._native.native_decide.ax_1_1,Rs62Certificates,Rs62Certificates.RS62LadderRangeLogLeavesD,MathExtras.RS62Ladder.lr_lb_ub_097,IntervalArith.RatInterval.log_enclose_full,transcendental-enclosure,"Rat (exact, unbounded)",53,747,9,"24-term series, ~29 halving steps, argument ~9 decimal digits",log_enclose_full,exact,0.09245317025652632,17.279443419657852,1
MathExtras.RS62Ladder.lr_lb_ub_098._native.native_decide.ax_1_1,Rs62Certificates,Rs62Certificates.RS62LadderRangeLogLeavesD,MathExtras.RS62Ladder.lr_lb_ub_098,IntervalArith.RatInterval.log_enclose_full,transcendental-enclosure,"Rat (exact, unbounded)",53,747,9,"24-term series, ~29 halving steps, argument ~9 decimal digits",log_enclose_full,exact,0.09245317025652632,17.279443419657852,1
MathExtras.RS62Ladder.lr_lb_ub_099._native.native_decide.ax_1_1,Rs62Certificates,Rs62Certificates.RS62LadderRangeLogLeavesD,MathExtras.RS62Ladder.lr_lb_ub_099,IntervalArith.RatInterval.log_enclose_full,transcendental-enclosure,"Rat (exact, unbounded)",53,747,9,"24-term series, ~29 halving steps, argument ~9 decimal digits",log_enclose_full,exact,0.09245317025652632,17.279443419657852,1
MathExtras.RS62Ladder.lr_lb_ub_100._native.native_decide.ax_1_1,Rs62Certificates,Rs62Certificates.RS62LadderRangeLogLeavesD,MathExtras.RS62Ladder.lr_lb_ub_100,IntervalArith.RatInterval.log_enclose_full,transcendental-enclosure,"Rat (exact, unbounded)",53,747,9,"24-term series, ~29 halving steps, argument ~9 decimal digits",log_enclose_full,exact,0.09245317025652632,17.279443419657852,1
MathExtras.RS62Ladder.lr_lb_ub_101._native.native_decide.ax_1_1,Rs62Certificates,Rs62Certificates.RS62LadderRangeLogLeavesD,MathExtras.RS62Ladder.lr_lb_ub_101,IntervalArith.RatInterval.log_enclose_full,transcendental-enclosure,"Rat (exact, unbounded)",53,747,9,"24-term series, ~29 halving steps, argument ~9 decimal digits",log_enclose_full,exact,0.09245317025652632,17.279443419657852,1
MathExtras.RS62Ladder.lr_lb_ub_102._native.native_decide.ax_1_1,Rs62Certificates,Rs62Certificates.RS62LadderRangeLogLeavesD,MathExtras.RS62Ladder.lr_lb_ub_102,IntervalArith.RatInterval.log_enclose_full,transcendental-enclosure,"Rat (exact, unbounded)",53,747,9,"24-term series, ~29 halving steps, argument ~9 decimal digits",log_enclose_full,exact,0.09245317025652632,17.279443419657852,1
MathExtras.RS62Ladder.lr_lb_ub_103._native.native_decide.ax_1_1,Rs62Certificates,Rs62Certificates.RS62LadderRangeLogLeavesD,MathExtras.RS62Ladder.lr_lb_ub_103,IntervalArith.RatInterval.log_enclose_full,transcendental-enclosure,"Rat (exact, unbounded)",57,830,10,"24-term series, ~33 halving steps, argument ~10 decimal digits",log_enclose_full,exact,0.09437162252455185,18.221196551362212,1
MathExtras.RS62Ladder.lr_lb_ub_104._native.native_decide.ax_1_1,Rs62Certificates,Rs62Certificates.RS62LadderRangeLogLeavesD,MathExtras.RS62Ladder.lr_lb_ub_104,IntervalArith.RatInterval.log_enclose_full,transcendental-enclosure,"Rat (exact, unbounded)",53,747,9,"24-term series, ~29 halving steps, argument ~9 decimal digits",log_enclose_full,exact,0.09245317025652632,17.279443419657852,1
MathExtras.RS62Ladder.lr_lb_ub_105._native.native_decide.ax_1_1,Rs62Certificates,Rs62Certificates.RS62LadderRangeLogLeavesD,MathExtras.RS62Ladder.lr_lb_ub_105,IntervalArith.RatInterval.log_enclose_full,transcendental-enclosure,"Rat (exact, unbounded)",53,747,9,"24-term series, ~29 halving steps, argument ~9 decimal digits",log_enclose_full,exact,0.09245317025652632,17.279443419657852,1
MathExtras.RS62Ladder.lr_lb_ub_106._native.native_decide.ax_1_1,Rs62Certificates,Rs62Certificates.RS62LadderRangeLogLeavesD,MathExtras.RS62Ladder.lr_lb_ub_106,IntervalArith.RatInterval.log_enclose_full,transcendental-enclosure,"Rat (exact, unbounded)",53,747,9,"24-term series, ~29 halving steps, argument ~9 decimal digits",log_enclose_full,exact,0.09245317025652632,17.279443419657852,1
MathExtras.RS62Ladder.lr_lb_ub_107._native.native_decide.ax_1_1,Rs62Certificates,Rs62Certificates.RS62LadderRangeLogLeavesD,MathExtras.RS62Ladder.lr_lb_ub_107,IntervalArith.RatInterval.log_enclose_full,transcendental-enclosure,"Rat (exact, unbounded)",53,747,9,"24-term series, ~29 halving steps, argument ~9 decimal digits",log_enclose_full,exact,0.09245317025652632,17.279443419657852,1
MathExtras.RS62Ladder.lr_lb_ub_108._native.native_decide.ax_1_1,Rs62Certificates,Rs62Certificates.RS62LadderRangeLogLeavesD,MathExtras.RS62Ladder.lr_lb_ub_108,IntervalArith.RatInterval.log_enclose_full,transcendental-enclosure,"Rat (exact, unbounded)",57,830,10,"24-term series, ~33 halving steps, argument ~10 decimal digits",log_enclose_full,exact,0.09437162252455185,18.221196551362212,1
MathExtras.RS62Ladder.lr_lb_ub_109._native.native_decide.ax_1_1,Rs62Certificates,Rs62Certificates.RS62LadderRangeLogLeavesD,MathExtras.RS62Ladder.lr_lb_ub_109,IntervalArith.RatInterval.log_enclose_full,transcendental-enclosure,"Rat (exact, unbounded)",57,830,10,"24-term series, ~33 halving steps, argument ~10 decimal digits",log_enclose_full,exact,0.09437162252455185,18.221196551362212,1
MathExtras.RS62Ladder.lr_lb_ub_110._native.native_decide.ax_1_1,Rs62Certificates,Rs62Certificates.RS62LadderRangeLogLeavesD,MathExtras.RS62Ladder.lr_lb_ub_110,IntervalArith.RatInterval.log_enclose_full,transcendental-enclosure,"Rat (exact, unbounded)",57,830,10,"24-term series, ~33 halving steps, argument ~10 decimal digits",log_enclose_full,exact,0.09437162252455185,18.221196551362212,1
MathExtras.RS62Ladder.lr_lb_ub_111._native.native_decide.ax_1_1,Rs62Certificates,Rs62Certificates.RS62LadderRangeLogLeavesD,MathExtras.RS62Ladder.lr_lb_ub_111,IntervalArith.RatInterval.log_enclose_full,transcendental-enclosure,"Rat (exact, unbounded)",53,747,9,"24-term series, ~29 halving steps, argument ~9 decimal digits",log_enclose_full,exact,0.09245317025652632,17.279443419657852,1
MathExtras.RS62Ladder.lr_lb_ub_112._native.native_decide.ax_1_1,Rs62Certificates,Rs62Certificates.RS62LadderRangeLogLeavesD,MathExtras.RS62Ladder.lr_lb_ub_112,IntervalArith.RatInterval.log_enclose_full,transcendental-enclosure,"Rat (exact, unbounded)",57,830,10,"24-term series, ~33 halving steps, argument ~10 decimal digits",log_enclose_full,exact,0.09437162252455185,18.221196551362212,1
MathExtras.RS62Ladder.lr_lb_ub_113._native.native_decide.ax_1_1,Rs62Certificates,Rs62Certificates.RS62LadderRangeLogLeavesD,MathExtras.RS62Ladder.lr_lb_ub_113,IntervalArith.RatInterval.log_enclose_full,transcendental-enclosure,"Rat (exact, unbounded)",57,830,10,"24-term series, ~33 halving steps, argument ~10 decimal digits",log_enclose_full,exact,0.09437162252455185,18.221196551362212,1
MathExtras.RS62Ladder.lr_lb_ub_114._native.native_decide.ax_1_1,Rs62Certificates,Rs62Certificates.RS62LadderRangeLogLeavesD,MathExtras.RS62Ladder.lr_lb_ub_114,IntervalArith.RatInterval.log_enclose_full,transcendental-enclosure,"Rat (exact, unbounded)",53,747,9,"24-term series, ~29 halving steps, argument ~9 decimal digits",log_enclose_full,exact,0.09245317025652632,17.279443419657852,1
MathExtras.RS62Ladder.lr_lb_ub_115._native.native_decide.ax_1_1,Rs62Certificates,Rs62Certificates.RS62LadderRangeLogLeavesD,MathExtras.RS62Ladder.lr_lb_ub_115,IntervalArith.RatInterval.log_enclose_full,transcendental-enclosure,"Rat (exact, unbounded)",53,747,9,"24-term series, ~29 halving steps, argument ~9 decimal digits",log_enclose_full,exact,0.09245317025652632,17.279443419657852,1
MathExtras.RS62Ladder.lr_lb_ub_116._native.native_decide.ax_1_1,Rs62Certificates,Rs62Certificates.RS62LadderRangeLogLeavesD,MathExtras.RS62Ladder.lr_lb_ub_116,IntervalArith.RatInterval.log_enclose_full,transcendental-enclosure,"Rat (exact, unbounded)",53,747,9,"24-term series, ~29 halving steps, argument ~9 decimal digits",log_enclose_full,exact,0.09245317025652632,17.279443419657852,1
MathExtras.RS62Ladder.lr_lb_ub_117._native.native_decide.ax_1_1,Rs62Certificates,Rs62Certificates.RS62LadderRangeLogLeavesD,MathExtras.RS62Ladder.lr_lb_ub_117,IntervalArith.RatInterval.log_enclose_full,transcendental-enclosure,"Rat (exact, unbounded)",53,747,9,"24-term series, ~29 halving steps, argument ~9 decimal digits",log_enclose_full,exact,0.09245317025652632,17.279443419657852,1
MathExtras.RS62Ladder.lr_lb_ub_118._native.native_decide.ax_1_1,Rs62Certificates,Rs62Certificates.RS62LadderRangeLogLeavesD,MathExtras.RS62Ladder.lr_lb_ub_118,IntervalArith.RatInterval.log_enclose_full,transcendental-enclosure,"Rat (exact, unbounded)",57,830,10,"24-term series, ~33 halving steps, argument ~10 decimal digits",log_enclose_full,exact,0.09437162252455185,18.221196551362212,1
MathExtras.RS62Ladder.lr_lb_ub_119._native.native_decide.ax_1_1,Rs62Certificates,Rs62Certificates.RS62LadderRangeLogLeavesD,MathExtras.RS62Ladder.lr_lb_ub_119,IntervalArith.RatInterval.log_enclose_full,transcendental-enclosure,"Rat (exact, unbounded)",53,747,9,"24-term series, ~29 halving steps, argument ~9 decimal digits",log_enclose_full,exact,0.09245317025652632,17.279443419657852,1
MathExtras.RS62Ladder.lr_lb_ub_120._native.native_decide.ax_1_1,Rs62Certificates,Rs62Certificates.RS62LadderRangeLogLeavesD,MathExtras.RS62Ladder.lr_lb_ub_120,IntervalArith.RatInterval.log_enclose_full,transcendental-enclosure,"Rat (exact, unbounded)",53,747,9,"24-term series, ~29 halving steps, argument ~9 decimal digits",log_enclose_full,exact,0.09245317025652632,17.279443419657852,1
MathExtras.RS62Ladder.lr_lx_lb_000._native.native_decide.ax_1_1,Rs62Certificates,Rs62Certificates.RS62LadderRangeLogLeavesA,MathExtras.RS62Ladder.lr_lx_lb_000,IntervalArith.RatInterval.log_enclose_full,transcendental-enclosure,"Rat (exact, unbounded)",53,747,9,"24-term series, ~29 halving steps, argument ~9 decimal digits",log_enclose_full,exact,0.09245317025652632,17.279443419657852,1
MathExtras.RS62Ladder.lr_lx_lb_001._native.native_decide.ax_1_1,Rs62Certificates,Rs62Certificates.RS62LadderRangeLogLeavesA,MathExtras.RS62Ladder.lr_lx_lb_001,IntervalArith.RatInterval.log_enclose_full,transcendental-enclosure,"Rat (exact, unbounded)",53,747,9,"24-term series, ~29 halving steps, argument ~9 decimal digits",log_enclose_full,exact,0.09245317025652632,17.279443419657852,1
MathExtras.RS62Ladder.lr_lx_lb_002._native.native_decide.ax_1_1,Rs62Certificates,Rs62Certificates.RS62LadderRangeLogLeavesA,MathExtras.RS62Ladder.lr_lx_lb_002,IntervalArith.RatInterval.log_enclose_full,transcendental-enclosure,"Rat (exact, unbounded)",53,747,9,"24-term series, ~29 halving steps, argument ~9 decimal digits",log_enclose_full,exact,0.09245317025652632,17.279443419657852,1
MathExtras.RS62Ladder.lr_lx_lb_003._native.native_decide.ax_1_1,Rs62Certificates,Rs62Certificates.RS62LadderRangeLogLeavesA,MathExtras.RS62Ladder.lr_lx_lb_003,IntervalArith.RatInterval.log_enclose_full,transcendental-enclosure,"Rat (exact, unbounded)",53,747,9,"24-term series, ~29 halving steps, argument ~9 decimal digits",log_enclose_full,exact,0.09245317025652632,17.279443419657852,1
MathExtras.RS62Ladder.lr_lx_lb_004._native.native_decide.ax_1_1,Rs62Certificates,Rs62Certificates.RS62LadderRangeLogLeavesA,MathExtras.RS62Ladder.lr_lx_lb_004,IntervalArith.RatInterval.log_enclose_full,transcendental-enclosure,"Rat (exact, unbounded)",53,747,9,"24-term series, ~29 halving steps, argument ~9 decimal digits",log_enclose_full,exact,0.09245317025652632,17.279443419657852,1
MathExtras.RS62Ladder.lr_lx_lb_005._native.native_decide.ax_1_1,Rs62Certificates,Rs62Certificates.RS62LadderRangeLogLeavesA,MathExtras.RS62Ladder.lr_lx_lb_005,IntervalArith.RatInterval.log_enclose_full,transcendental-enclosure,"Rat (exact, unbounded)",53,747,9,"24-term series, ~29 halving steps, argument ~9 decimal digits",log_enclose_full,exact,0.09245317025652632,17.279443419657852,1
MathExtras.RS62Ladder.lr_lx_lb_006._native.native_decide.ax_1_1,Rs62Certificates,Rs62Certificates.RS62LadderRangeLogLeavesA,MathExtras.RS62Ladder.lr_lx_lb_006,IntervalArith.RatInterval.log_enclose_full,transcendental-enclosure,"Rat (exact, unbounded)",53,747,9,"24-term series, ~29 halving steps, argument ~9 decimal digits",log_enclose_full,exact,0.09245317025652632,17.279443419657852,1
MathExtras.RS62Ladder.lr_lx_lb_007._native.native_decide.ax_1_1,Rs62Certificates,Rs62Certificates.RS62LadderRangeLogLeavesA,MathExtras.RS62Ladder.lr_lx_lb_007,IntervalArith.RatInterval.log_enclose_full,transcendental-enclosure,"Rat (exact, unbounded)",53,747,9,"24-term series, ~29 halving steps, argument ~9 decimal digits",log_enclose_full,exact,0.09245317025652632,17.279443419657852,1
MathExtras.RS62Ladder.lr_lx_lb_008._native.native_decide.ax_1_1,Rs62Certificates,Rs62Certificates.RS62LadderRangeLogLeavesA,MathExtras.RS62Ladder.lr_lx_lb_008,IntervalArith.RatInterval.log_enclose_full,transcendental-enclosure,"Rat (exact, unbounded)",53,747,9,"24-term series, ~29 halving steps, argument ~9 decimal digits",log_enclose_full,exact,0.09245317025652632,17.279443419657852,1
MathExtras.RS62Ladder.lr_lx_lb_009._native.native_decide.ax_1_1,Rs62Certificates,Rs62Certificates.RS62LadderRangeLogLeavesA,MathExtras.RS62Ladder.lr_lx_lb_009,IntervalArith.RatInterval.log_enclose_full,transcendental-enclosure,"Rat (exact, unbounded)",53,747,9,"24-term series, ~29 halving steps, argument ~9 decimal digits",log_enclose_full,exact,0.09245317025652632,17.279443419657852,1
MathExtras.RS62Ladder.lr_lx_lb_010._native.native_decide.ax_1_1,Rs62Certificates,Rs62Certificates.RS62LadderRangeLogLeavesA,MathExtras.RS62Ladder.lr_lx_lb_010,IntervalArith.RatInterval.log_enclose_full,transcendental-enclosure,"Rat (exact, unbounded)",53,747,9,"24-term series, ~29 halving steps, argument ~9 decimal digits",log_enclose_full,exact,0.09245317025652632,17.279443419657852,1
MathExtras.RS62Ladder.lr_lx_lb_011._native.native_decide.ax_1_1,Rs62Certificates,Rs62Certificates.RS62LadderRangeLogLeavesA,MathExtras.RS62Ladder.lr_lx_lb_011,IntervalArith.RatInterval.log_enclose_full,transcendental-enclosure,"Rat (exact, unbounded)",53,747,9,"24-term series, ~29 halving steps, argument ~9 decimal digits",log_enclose_full,exact,0.09245317025652632,17.279443419657852,1
MathExtras.RS62Ladder.lr_lx_lb_012._native.native_decide.ax_1_1,Rs62Certificates,Rs62Certificates.RS62LadderRangeLogLeavesA,MathExtras.RS62Ladder.lr_lx_lb_012,IntervalArith.RatInterval.log_enclose_full,transcendental-enclosure,"Rat (exact, unbounded)",53,747,9,"24-term series, ~29 halving steps, argument ~9 decimal digits",log_enclose_full,exact,0.09245317025652632,17.279443419657852,1
MathExtras.RS62Ladder.lr_lx_lb_013._native.native_decide.ax_1_1,Rs62Certificates,Rs62Certificates.RS62LadderRangeLogLeavesA,MathExtras.RS62Ladder.lr_lx_lb_013,IntervalArith.RatInterval.log_enclose_full,transcendental-enclosure,"Rat (exact, unbounded)",53,747,9,"24-term series, ~29 halving steps, argument ~9 decimal digits",log_enclose_full,exact,0.09245317025652632,17.279443419657852,1
MathExtras.RS62Ladder.lr_lx_lb_014._native.native_decide.ax_1_1,Rs62Certificates,Rs62Certificates.RS62LadderRangeLogLeavesA,MathExtras.RS62Ladder.lr_lx_lb_014,IntervalArith.RatInterval.log_enclose_full,transcendental-enclosure,"Rat (exact, unbounded)",53,747,9,"24-term series, ~29 halving steps, argument ~9 decimal digits",log_enclose_full,exact,0.09245317025652632,17.279443419657852,1
MathExtras.RS62Ladder.lr_lx_lb_015._native.native_decide.ax_1_1,Rs62Certificates,Rs62Certificates.RS62LadderRangeLogLeavesA,MathExtras.RS62Ladder.lr_lx_lb_015,IntervalArith.RatInterval.log_enclose_full,transcendental-enclosure,"Rat (exact, unbounded)",53,747,9,"24-term series, ~29 halving steps, argument ~9 decimal digits",log_enclose_full,exact,0.09245317025652632,17.279443419657852,1
MathExtras.RS62Ladder.lr_lx_lb_016._native.native_decide.ax_1_1,Rs62Certificates,Rs62Certificates.RS62LadderRangeLogLeavesA,MathExtras.RS62Ladder.lr_lx_lb_016,IntervalArith.RatInterval.log_enclose_full,transcendental-enclosure,"Rat (exact, unbounded)",53,747,9,"24-term series, ~29 halving steps, argument ~9 decimal digits",log_enclose_full,exact,0.09245317025652632,17.279443419657852,1
MathExtras.RS62Ladder.lr_lx_lb_017._native.native_decide.ax_1_1,Rs62Certificates,Rs62Certificates.RS62LadderRangeLogLeavesA,MathExtras.RS62Ladder.lr_lx_lb_017,IntervalArith.RatInterval.log_enclose_full,transcendental-enclosure,"Rat (exact, unbounded)",53,747,9,"24-term series, ~29 halving steps, argument ~9 decimal digits",log_enclose_full,exact,0.09245317025652632,17.279443419657852,1
MathExtras.RS62Ladder.lr_lx_lb_018._native.native_decide.ax_1_1,Rs62Certificates,Rs62Certificates.RS62LadderRangeLogLeavesA,MathExtras.RS62Ladder.lr_lx_lb_018,IntervalArith.RatInterval.log_enclose_full,transcendental-enclosure,"Rat (exact, unbounded)",53,747,9,"24-term series, ~29 halving steps, argument ~9 decimal digits",log_enclose_full,exact,0.09245317025652632,17.279443419657852,1
MathExtras.RS62Ladder.lr_lx_lb_019._native.native_decide.ax_1_1,Rs62Certificates,Rs62Certificates.RS62LadderRangeLogLeavesA,MathExtras.RS62Ladder.lr_lx_lb_019,IntervalArith.RatInterval.log_enclose_full,transcendental-enclosure,"Rat (exact, unbounded)",53,747,9,"24-term series, ~29 halving steps, argument ~9 decimal digits",log_enclose_full,exact,0.09245317025652632,17.279443419657852,1
MathExtras.RS62Ladder.lr_lx_lb_020._native.native_decide.ax_1_1,Rs62Certificates,Rs62Certificates.RS62LadderRangeLogLeavesA,MathExtras.RS62Ladder.lr_lx_lb_020,IntervalArith.RatInterval.log_enclose_full,transcendental-enclosure,"Rat (exact, unbounded)",53,747,9,"24-term series, ~29 halving steps, argument ~9 decimal digits",log_enclose_full,exact,0.09245317025652632,17.279443419657852,1
MathExtras.RS62Ladder.lr_lx_lb_021._native.native_decide.ax_1_1,Rs62Certificates,Rs62Certificates.RS62LadderRangeLogLeavesA,MathExtras.RS62Ladder.lr_lx_lb_021,IntervalArith.RatInterval.log_enclose_full,transcendental-enclosure,"Rat (exact, unbounded)",53,747,9,"24-term series, ~29 halving steps, argument ~9 decimal digits",log_enclose_full,exact,0.09245317025652632,17.279443419657852,1
MathExtras.RS62Ladder.lr_lx_lb_022._native.native_decide.ax_1_1,Rs62Certificates,Rs62Certificates.RS62LadderRangeLogLeavesA,MathExtras.RS62Ladder.lr_lx_lb_022,IntervalArith.RatInterval.log_enclose_full,transcendental-enclosure,"Rat (exact, unbounded)",53,747,9,"24-term series, ~29 halving steps, argument ~9 decimal digits",log_enclose_full,exact,0.09245317025652632,17.279443419657852,1
MathExtras.RS62Ladder.lr_lx_lb_023._native.native_decide.ax_1_1,Rs62Certificates,Rs62Certificates.RS62LadderRangeLogLeavesA,MathExtras.RS62Ladder.lr_lx_lb_023,IntervalArith.RatInterval.log_enclose_full,transcendental-enclosure,"Rat (exact, unbounded)",53,747,9,"24-term series, ~29 halving steps, argument ~9 decimal digits",log_enclose_full,exact,0.09245317025652632,17.279443419657852,1
MathExtras.RS62Ladder.lr_lx_lb_024._native.native_decide.ax_1_1,Rs62Certificates,Rs62Certificates.RS62LadderRangeLogLeavesA,MathExtras.RS62Ladder.lr_lx_lb_024,IntervalArith.RatInterval.log_enclose_full,transcendental-enclosure,"Rat (exact, unbounded)",53,747,9,"24-term series, ~29 halving steps, argument ~9 decimal digits",log_enclose_full,exact,0.09245317025652632,17.279443419657852,1
MathExtras.RS62Ladder.lr_lx_lb_025._native.native_decide.ax_1_1,Rs62Certificates,Rs62Certificates.RS62LadderRangeLogLeavesA,MathExtras.RS62Ladder.lr_lx_lb_025,IntervalArith.RatInterval.log_enclose_full,transcendental-enclosure,"Rat (exact, unbounded)",53,747,9,"24-term series, ~29 halving steps, argument ~9 decimal digits",log_enclose_full,exact,0.09245317025652632,17.279443419657852,1
MathExtras.RS62Ladder.lr_lx_lb_026._native.native_decide.ax_1_1,Rs62Certificates,Rs62Certificates.RS62LadderRangeLogLeavesA,MathExtras.RS62Ladder.lr_lx_lb_026,IntervalArith.RatInterval.log_enclose_full,transcendental-enclosure,"Rat (exact, unbounded)",53,747,9,"24-term series, ~29 halving steps, argument ~9 decimal digits",log_enclose_full,exact,0.09245317025652632,17.279443419657852,1
MathExtras.RS62Ladder.lr_lx_lb_027._native.native_decide.ax_1_1,Rs62Certificates,Rs62Certificates.RS62LadderRangeLogLeavesA,MathExtras.RS62Ladder.lr_lx_lb_027,IntervalArith.RatInterval.log_enclose_full,transcendental-enclosure,"Rat (exact, unbounded)",53,747,9,"24-term series, ~29 halving steps, argument ~9 decimal digits",log_enclose_full,exact,0.09245317025652632,17.279443419657852,1
MathExtras.RS62Ladder.lr_lx_lb_028._native.native_decide.ax_1_1,Rs62Certificates,Rs62Certificates.RS62LadderRangeLogLeavesA,MathExtras.RS62Ladder.lr_lx_lb_028,IntervalArith.RatInterval.log_enclose_full,transcendental-enclosure,"Rat (exact, unbounded)",53,747,9,"24-term series, ~29 halving steps, argument ~9 decimal digits",log_enclose_full,exact,0.09245317025652632,17.279443419657852,1
MathExtras.RS62Ladder.lr_lx_lb_029._native.native_decide.ax_1_1,Rs62Certificates,Rs62Certificates.RS62LadderRangeLogLeavesA,MathExtras.RS62Ladder.lr_lx_lb_029,IntervalArith.RatInterval.log_enclose_full,transcendental-enclosure,"Rat (exact, unbounded)",53,747,9,"24-term series, ~29 halving steps, argument ~9 decimal digits",log_enclose_full,exact,0.09245317025652632,17.279443419657852,1
MathExtras.RS62Ladder.lr_lx_lb_030._native.native_decide.ax_1_1,Rs62Certificates,Rs62Certificates.RS62LadderRangeLogLeavesA,MathExtras.RS62Ladder.lr_lx_lb_030,IntervalArith.RatInterval.log_enclose_full,transcendental-enclosure,"Rat (exact, unbounded)",53,747,9,"24-term series, ~29 halving steps, argument ~9 decimal digits",log_enclose_full,exact,0.09245317025652632,17.279443419657852,1
MathExtras.RS62Ladder.lr_lx_lb_031._native.native_decide.ax_1_1,Rs62Certificates,Rs62Certificates.RS62LadderRangeLogLeavesB,MathExtras.RS62Ladder.lr_lx_lb_031,IntervalArith.RatInterval.log_enclose_full,transcendental-enclosure,"Rat (exact, unbounded)",53,747,9,"24-term series, ~29 halving steps, argument ~9 decimal digits",log_enclose_full,exact,0.09245317025652632,17.279443419657852,1
MathExtras.RS62Ladder.lr_lx_lb_032._native.native_decide.ax_1_1,Rs62Certificates,Rs62Certificates.RS62LadderRangeLogLeavesB,MathExtras.RS62Ladder.lr_lx_lb_032,IntervalArith.RatInterval.log_enclose_full,transcendental-enclosure,"Rat (exact, unbounded)",53,747,9,"24-term series, ~29 halving steps, argument ~9 decimal digits",log_enclose_full,exact,0.09245317025652632,17.279443419657852,1
MathExtras.RS62Ladder.lr_lx_lb_033._native.native_decide.ax_1_1,Rs62Certificates,Rs62Certificates.RS62LadderRangeLogLeavesB,MathExtras.RS62Ladder.lr_lx_lb_033,IntervalArith.RatInterval.log_enclose_full,transcendental-enclosure,"Rat (exact, unbounded)",53,747,9,"24-term series, ~29 halving steps, argument ~9 decimal digits",log_enclose_full,exact,0.09245317025652632,17.279443419657852,1
MathExtras.RS62Ladder.lr_lx_lb_034._native.native_decide.ax_1_1,Rs62Certificates,Rs62Certificates.RS62LadderRangeLogLeavesB,MathExtras.RS62Ladder.lr_lx_lb_034,IntervalArith.RatInterval.log_enclose_full,transcendental-enclosure,"Rat (exact, unbounded)",53,747,9,"24-term series, ~29 halving steps, argument ~9 decimal digits",log_enclose_full,exact,0.09245317025652632,17.279443419657852,1
MathExtras.RS62Ladder.lr_lx_lb_035._native.native_decide.ax_1_1,Rs62Certificates,Rs62Certificates.RS62LadderRangeLogLeavesB,MathExtras.RS62Ladder.lr_lx_lb_035,IntervalArith.RatInterval.log_enclose_full,transcendental-enclosure,"Rat (exact, unbounded)",53,747,9,"24-term series, ~29 halving steps, argument ~9 decimal digits",log_enclose_full,exact,0.09245317025652632,17.279443419657852,1
MathExtras.RS62Ladder.lr_lx_lb_036._native.native_decide.ax_1_1,Rs62Certificates,Rs62Certificates.RS62LadderRangeLogLeavesB,MathExtras.RS62Ladder.lr_lx_lb_036,IntervalArith.RatInterval.log_enclose_full,transcendental-enclosure,"Rat (exact, unbounded)",53,747,9,"24-term series, ~29 halving steps, argument ~9 decimal digits",log_enclose_full,exact,0.09245317025652632,17.279443419657852,1
MathExtras.RS62Ladder.lr_lx_lb_037._native.native_decide.ax_1_1,Rs62Certificates,Rs62Certificates.RS62LadderRangeLogLeavesB,MathExtras.RS62Ladder.lr_lx_lb_037,IntervalArith.RatInterval.log_enclose_full,transcendental-enclosure,"Rat (exact, unbounded)",53,747,9,"24-term series, ~29 halving steps, argument ~9 decimal digits",log_enclose_full,exact,0.09245317025652632,17.279443419657852,1
MathExtras.RS62Ladder.lr_lx_lb_038._native.native_decide.ax_1_1,Rs62Certificates,Rs62Certificates.RS62LadderRangeLogLeavesB,MathExtras.RS62Ladder.lr_lx_lb_038,IntervalArith.RatInterval.log_enclose_full,transcendental-enclosure,"Rat (exact, unbounded)",53,747,9,"24-term series, ~29 halving steps, argument ~9 decimal digits",log_enclose_full,exact,0.09245317025652632,17.279443419657852,1
MathExtras.RS62Ladder.lr_lx_lb_039._native.native_decide.ax_1_1,Rs62Certificates,Rs62Certificates.RS62LadderRangeLogLeavesB,MathExtras.RS62Ladder.lr_lx_lb_039,IntervalArith.RatInterval.log_enclose_full,transcendental-enclosure,"Rat (exact, unbounded)",53,747,9,"24-term series, ~29 halving steps, argument ~9 decimal digits",log_enclose_full,exact,0.09245317025652632,17.279443419657852,1
MathExtras.RS62Ladder.lr_lx_lb_040._native.native_decide.ax_1_1,Rs62Certificates,Rs62Certificates.RS62LadderRangeLogLeavesB,MathExtras.RS62Ladder.lr_lx_lb_040,IntervalArith.RatInterval.log_enclose_full,transcendental-enclosure,"Rat (exact, unbounded)",53,747,9,"24-term series, ~29 halving steps, argument ~9 decimal digits",log_enclose_full,exact,0.09245317025652632,17.279443419657852,1
MathExtras.RS62Ladder.lr_lx_lb_041._native.native_decide.ax_1_1,Rs62Certificates,Rs62Certificates.RS62LadderRangeLogLeavesB,MathExtras.RS62Ladder.lr_lx_lb_041,IntervalArith.RatInterval.log_enclose_full,transcendental-enclosure,"Rat (exact, unbounded)",53,747,9,"24-term series, ~29 halving steps, argument ~9 decimal digits",log_enclose_full,exact,0.09245317025652632,17.279443419657852,1
MathExtras.RS62Ladder.lr_lx_lb_042._native.native_decide.ax_1_1,Rs62Certificates,Rs62Certificates.RS62LadderRangeLogLeavesB,MathExtras.RS62Ladder.lr_lx_lb_042,IntervalArith.RatInterval.log_enclose_full,transcendental-enclosure,"Rat (exact, unbounded)",53,747,9,"24-term series, ~29 halving steps, argument ~9 decimal digits",log_enclose_full,exact,0.09245317025652632,17.279443419657852,1
MathExtras.RS62Ladder.lr_lx_lb_043._native.native_decide.ax_1_1,Rs62Certificates,Rs62Certificates.RS62LadderRangeLogLeavesB,MathExtras.RS62Ladder.lr_lx_lb_043,IntervalArith.RatInterval.log_enclose_full,transcendental-enclosure,"Rat (exact, unbounded)",53,747,9,"24-term series, ~29 halving steps, argument ~9 decimal digits",log_enclose_full,exact,0.09245317025652632,17.279443419657852,1
MathExtras.RS62Ladder.lr_lx_lb_044._native.native_decide.ax_1_1,Rs62Certificates,Rs62Certificates.RS62LadderRangeLogLeavesB,MathExtras.RS62Ladder.lr_lx_lb_044,IntervalArith.RatInterval.log_enclose_full,transcendental-enclosure,"Rat (exact, unbounded)",53,747,9,"24-term series, ~29 halving steps, argument ~9 decimal digits",log_enclose_full,exact,0.09245317025652632,17.279443419657852,1
MathExtras.RS62Ladder.lr_lx_lb_045._native.native_decide.ax_1_1,Rs62Certificates,Rs62Certificates.RS62LadderRangeLogLeavesB,MathExtras.RS62Ladder.lr_lx_lb_045,IntervalArith.RatInterval.log_enclose_full,transcendental-enclosure,"Rat (exact, unbounded)",53,747,9,"24-term series, ~29 halving steps, argument ~9 decimal digits",log_enclose_full,exact,0.09245317025652632,17.279443419657852,1
MathExtras.RS62Ladder.lr_lx_lb_046._native.native_decide.ax_1_1,Rs62Certificates,Rs62Certificates.RS62LadderRangeLogLeavesB,MathExtras.RS62Ladder.lr_lx_lb_046,IntervalArith.RatInterval.log_enclose_full,transcendental-enclosure,"Rat (exact, unbounded)",53,747,9,"24-term series, ~29 halving steps, argument ~9 decimal digits",log_enclose_full,exact,0.09245317025652632,17.279443419657852,1
MathExtras.RS62Ladder.lr_lx_lb_047._native.native_decide.ax_1_1,Rs62Certificates,Rs62Certificates.RS62LadderRangeLogLeavesB,MathExtras.RS62Ladder.lr_lx_lb_047,IntervalArith.RatInterval.log_enclose_full,transcendental-enclosure,"Rat (exact, unbounded)",53,747,9,"24-term series, ~29 halving steps, argument ~9 decimal digits",log_enclose_full,exact,0.09245317025652632,17.279443419657852,1
MathExtras.RS62Ladder.lr_lx_lb_048._native.native_decide.ax_1_1,Rs62Certificates,Rs62Certificates.RS62LadderRangeLogLeavesB,MathExtras.RS62Ladder.lr_lx_lb_048,IntervalArith.RatInterval.log_enclose_full,transcendental-enclosure,"Rat (exact, unbounded)",53,747,9,"24-term series, ~29 halving steps, argument ~9 decimal digits",log_enclose_full,exact,0.09245317025652632,17.279443419657852,1
MathExtras.RS62Ladder.lr_lx_lb_049._native.native_decide.ax_1_1,Rs62Certificates,Rs62Certificates.RS62LadderRangeLogLeavesB,MathExtras.RS62Ladder.lr_lx_lb_049,IntervalArith.RatInterval.log_enclose_full,transcendental-enclosure,"Rat (exact, unbounded)",53,747,9,"24-term series, ~29 halving steps, argument ~9 decimal digits",log_enclose_full,exact,0.09245317025652632,17.279443419657852,1
MathExtras.RS62Ladder.lr_lx_lb_050._native.native_decide.ax_1_1,Rs62Certificates,Rs62Certificates.RS62LadderRangeLogLeavesB,MathExtras.RS62Ladder.lr_lx_lb_050,IntervalArith.RatInterval.log_enclose_full,transcendental-enclosure,"Rat (exact, unbounded)",53,747,9,"24-term series, ~29 halving steps, argument ~9 decimal digits",log_enclose_full,exact,0.09245317025652632,17.279443419657852,1
MathExtras.RS62Ladder.lr_lx_lb_051._native.native_decide.ax_1_1,Rs62Certificates,Rs62Certificates.RS62LadderRangeLogLeavesB,MathExtras.RS62Ladder.lr_lx_lb_051,IntervalArith.RatInterval.log_enclose_full,transcendental-enclosure,"Rat (exact, unbounded)",53,747,9,"24-term series, ~29 halving steps, argument ~9 decimal digits",log_enclose_full,exact,0.09245317025652632,17.279443419657852,1
MathExtras.RS62Ladder.lr_lx_lb_052._native.native_decide.ax_1_1,Rs62Certificates,Rs62Certificates.RS62LadderRangeLogLeavesB,MathExtras.RS62Ladder.lr_lx_lb_052,IntervalArith.RatInterval.log_enclose_full,transcendental-enclosure,"Rat (exact, unbounded)",53,747,9,"24-term series, ~29 halving steps, argument ~9 decimal digits",log_enclose_full,exact,0.09245317025652632,17.279443419657852,1
MathExtras.RS62Ladder.lr_lx_lb_053._native.native_decide.ax_1_1,Rs62Certificates,Rs62Certificates.RS62LadderRangeLogLeavesB,MathExtras.RS62Ladder.lr_lx_lb_053,IntervalArith.RatInterval.log_enclose_full,transcendental-enclosure,"Rat (exact, unbounded)",53,747,9,"24-term series, ~29 halving steps, argument ~9 decimal digits",log_enclose_full,exact,0.09245317025652632,17.279443419657852,1
MathExtras.RS62Ladder.lr_lx_lb_054._native.native_decide.ax_1_1,Rs62Certificates,Rs62Certificates.RS62LadderRangeLogLeavesB,MathExtras.RS62Ladder.lr_lx_lb_054,IntervalArith.RatInterval.log_enclose_full,transcendental-enclosure,"Rat (exact, unbounded)",53,747,9,"24-term series, ~29 halving steps, argument ~9 decimal digits",log_enclose_full,exact,0.09245317025652632,17.279443419657852,1
MathExtras.RS62Ladder.lr_lx_lb_055._native.native_decide.ax_1_1,Rs62Certificates,Rs62Certificates.RS62LadderRangeLogLeavesB,MathExtras.RS62Ladder.lr_lx_lb_055,IntervalArith.RatInterval.log_enclose_full,transcendental-enclosure,"Rat (exact, unbounded)",53,747,9,"24-term series, ~29 halving steps, argument ~9 decimal digits",log_enclose_full,exact,0.09245317025652632,17.279443419657852,1
MathExtras.RS62Ladder.lr_lx_lb_056._native.native_decide.ax_1_1,Rs62Certificates,Rs62Certificates.RS62LadderRangeLogLeavesB,MathExtras.RS62Ladder.lr_lx_lb_056,IntervalArith.RatInterval.log_enclose_full,transcendental-enclosure,"Rat (exact, unbounded)",53,747,9,"24-term series, ~29 halving steps, argument ~9 decimal digits",log_enclose_full,exact,0.09245317025652632,17.279443419657852,1
MathExtras.RS62Ladder.lr_lx_lb_057._native.native_decide.ax_1_1,Rs62Certificates,Rs62Certificates.RS62LadderRangeLogLeavesB,MathExtras.RS62Ladder.lr_lx_lb_057,IntervalArith.RatInterval.log_enclose_full,transcendental-enclosure,"Rat (exact, unbounded)",53,747,9,"24-term series, ~29 halving steps, argument ~9 decimal digits",log_enclose_full,exact,0.09245317025652632,17.279443419657852,1
MathExtras.RS62Ladder.lr_lx_lb_058._native.native_decide.ax_1_1,Rs62Certificates,Rs62Certificates.RS62LadderRangeLogLeavesB,MathExtras.RS62Ladder.lr_lx_lb_058,IntervalArith.RatInterval.log_enclose_full,transcendental-enclosure,"Rat (exact, unbounded)",53,747,9,"24-term series, ~29 halving steps, argument ~9 decimal digits",log_enclose_full,exact,0.09245317025652632,17.279443419657852,1
MathExtras.RS62Ladder.lr_lx_lb_059._native.native_decide.ax_1_1,Rs62Certificates,Rs62Certificates.RS62LadderRangeLogLeavesB,MathExtras.RS62Ladder.lr_lx_lb_059,IntervalArith.RatInterval.log_enclose_full,transcendental-enclosure,"Rat (exact, unbounded)",53,747,9,"24-term series, ~29 halving steps, argument ~9 decimal digits",log_enclose_full,exact,0.09245317025652632,17.279443419657852,1
MathExtras.RS62Ladder.lr_lx_lb_060._native.native_decide.ax_1_1,Rs62Certificates,Rs62Certificates.RS62LadderRangeLogLeavesB,MathExtras.RS62Ladder.lr_lx_lb_060,IntervalArith.RatInterval.log_enclose_full,transcendental-enclosure,"Rat (exact, unbounded)",53,747,9,"24-term series, ~29 halving steps, argument ~9 decimal digits",log_enclose_full,exact,0.09245317025652632,17.279443419657852,1
MathExtras.RS62Ladder.lr_lx_lb_061._native.native_decide.ax_1_1,Rs62Certificates,Rs62Certificates.RS62LadderRangeLogLeavesB,MathExtras.RS62Ladder.lr_lx_lb_061,IntervalArith.RatInterval.log_enclose_full,transcendental-enclosure,"Rat (exact, unbounded)",53,747,9,"24-term series, ~29 halving steps, argument ~9 decimal digits",log_enclose_full,exact,0.09245317025652632,17.279443419657852,1
MathExtras.RS62Ladder.lr_lx_lb_062._native.native_decide.ax_1_1,Rs62Certificates,Rs62Certificates.RS62LadderRangeLogLeavesC,MathExtras.RS62Ladder.lr_lx_lb_062,IntervalArith.RatInterval.log_enclose_full,transcendental-enclosure,"Rat (exact, unbounded)",53,747,9,"24-term series, ~29 halving steps, argument ~9 decimal digits",log_enclose_full,exact,0.09245317025652632,17.279443419657852,1
MathExtras.RS62Ladder.lr_lx_lb_063._native.native_decide.ax_1_1,Rs62Certificates,Rs62Certificates.RS62LadderRangeLogLeavesC,MathExtras.RS62Ladder.lr_lx_lb_063,IntervalArith.RatInterval.log_enclose_full,transcendental-enclosure,"Rat (exact, unbounded)",53,747,9,"24-term series, ~29 halving steps, argument ~9 decimal digits",log_enclose_full,exact,0.09245317025652632,17.279443419657852,1
MathExtras.RS62Ladder.lr_lx_lb_064._native.native_decide.ax_1_1,Rs62Certificates,Rs62Certificates.RS62LadderRangeLogLeavesC,MathExtras.RS62Ladder.lr_lx_lb_064,IntervalArith.RatInterval.log_enclose_full,transcendental-enclosure,"Rat (exact, unbounded)",53,747,9,"24-term series, ~29 halving steps, argument ~9 decimal digits",log_enclose_full,exact,0.09245317025652632,17.279443419657852,1
MathExtras.RS62Ladder.lr_lx_lb_065._native.native_decide.ax_1_1,Rs62Certificates,Rs62Certificates.RS62LadderRangeLogLeavesC,MathExtras.RS62Ladder.lr_lx_lb_065,IntervalArith.RatInterval.log_enclose_full,transcendental-enclosure,"Rat (exact, unbounded)",53,747,9,"24-term series, ~29 halving steps, argument ~9 decimal digits",log_enclose_full,exact,0.09245317025652632,17.279443419657852,1
MathExtras.RS62Ladder.lr_lx_lb_066._native.native_decide.ax_1_1,Rs62Certificates,Rs62Certificates.RS62LadderRangeLogLeavesC,MathExtras.RS62Ladder.lr_lx_lb_066,IntervalArith.RatInterval.log_enclose_full,transcendental-enclosure,"Rat (exact, unbounded)",53,747,9,"24-term series, ~29 halving steps, argument ~9 decimal digits",log_enclose_full,exact,0.09245317025652632,17.279443419657852,1
MathExtras.RS62Ladder.lr_lx_lb_067._native.native_decide.ax_1_1,Rs62Certificates,Rs62Certificates.RS62LadderRangeLogLeavesC,MathExtras.RS62Ladder.lr_lx_lb_067,IntervalArith.RatInterval.log_enclose_full,transcendental-enclosure,"Rat (exact, unbounded)",53,747,9,"24-term series, ~29 halving steps, argument ~9 decimal digits",log_enclose_full,exact,0.09245317025652632,17.279443419657852,1
MathExtras.RS62Ladder.lr_lx_lb_068._native.native_decide.ax_1_1,Rs62Certificates,Rs62Certificates.RS62LadderRangeLogLeavesC,MathExtras.RS62Ladder.lr_lx_lb_068,IntervalArith.RatInterval.log_enclose_full,transcendental-enclosure,"Rat (exact, unbounded)",53,747,9,"24-term series, ~29 halving steps, argument ~9 decimal digits",log_enclose_full,exact,0.09245317025652632,17.279443419657852,1
MathExtras.RS62Ladder.lr_lx_lb_069._native.native_decide.ax_1_1,Rs62Certificates,Rs62Certificates.RS62LadderRangeLogLeavesC,MathExtras.RS62Ladder.lr_lx_lb_069,IntervalArith.RatInterval.log_enclose_full,transcendental-enclosure,"Rat (exact, unbounded)",53,747,9,"24-term series, ~29 halving steps, argument ~9 decimal digits",log_enclose_full,exact,0.09245317025652632,17.279443419657852,1
MathExtras.RS62Ladder.lr_lx_lb_070._native.native_decide.ax_1_1,Rs62Certificates,Rs62Certificates.RS62LadderRangeLogLeavesC,MathExtras.RS62Ladder.lr_lx_lb_070,IntervalArith.RatInterval.log_enclose_full,transcendental-enclosure,"Rat (exact, unbounded)",53,747,9,"24-term series, ~29 halving steps, argument ~9 decimal digits",log_enclose_full,exact,0.09245317025652632,17.279443419657852,1
MathExtras.RS62Ladder.lr_lx_lb_071._native.native_decide.ax_1_1,Rs62Certificates,Rs62Certificates.RS62LadderRangeLogLeavesC,MathExtras.RS62Ladder.lr_lx_lb_071,IntervalArith.RatInterval.log_enclose_full,transcendental-enclosure,"Rat (exact, unbounded)",53,747,9,"24-term series, ~29 halving steps, argument ~9 decimal digits",log_enclose_full,exact,0.09245317025652632,17.279443419657852,1
MathExtras.RS62Ladder.lr_lx_lb_072._native.native_decide.ax_1_1,Rs62Certificates,Rs62Certificates.RS62LadderRangeLogLeavesC,MathExtras.RS62Ladder.lr_lx_lb_072,IntervalArith.RatInterval.log_enclose_full,transcendental-enclosure,"Rat (exact, unbounded)",53,747,9,"24-term series, ~29 halving steps, argument ~9 decimal digits",log_enclose_full,exact,0.09245317025652632,17.279443419657852,1
MathExtras.RS62Ladder.lr_lx_lb_073._native.native_decide.ax_1_1,Rs62Certificates,Rs62Certificates.RS62LadderRangeLogLeavesC,MathExtras.RS62Ladder.lr_lx_lb_073,IntervalArith.RatInterval.log_enclose_full,transcendental-enclosure,"Rat (exact, unbounded)",53,747,9,"24-term series, ~29 halving steps, argument ~9 decimal digits",log_enclose_full,exact,0.09245317025652632,17.279443419657852,1
MathExtras.RS62Ladder.lr_lx_lb_074._native.native_decide.ax_1_1,Rs62Certificates,Rs62Certificates.RS62LadderRangeLogLeavesC,MathExtras.RS62Ladder.lr_lx_lb_074,IntervalArith.RatInterval.log_enclose_full,transcendental-enclosure,"Rat (exact, unbounded)",53,747,9,"24-term series, ~29 halving steps, argument ~9 decimal digits",log_enclose_full,exact,0.09245317025652632,17.279443419657852,1
MathExtras.RS62Ladder.lr_lx_lb_075._native.native_decide.ax_1_1,Rs62Certificates,Rs62Certificates.RS62LadderRangeLogLeavesC,MathExtras.RS62Ladder.lr_lx_lb_075,IntervalArith.RatInterval.log_enclose_full,transcendental-enclosure,"Rat (exact, unbounded)",53,747,9,"24-term series, ~29 halving steps, argument ~9 decimal digits",log_enclose_full,exact,0.09245317025652632,17.279443419657852,1
MathExtras.RS62Ladder.lr_lx_lb_076._native.native_decide.ax_1_1,Rs62Certificates,Rs62Certificates.RS62LadderRangeLogLeavesC,MathExtras.RS62Ladder.lr_lx_lb_076,IntervalArith.RatInterval.log_enclose_full,transcendental-enclosure,"Rat (exact, unbounded)",53,747,9,"24-term series, ~29 halving steps, argument ~9 decimal digits",log_enclose_full,exact,0.09245317025652632,17.279443419657852,1
MathExtras.RS62Ladder.lr_lx_lb_077._native.native_decide.ax_1_1,Rs62Certificates,Rs62Certificates.RS62LadderRangeLogLeavesC,MathExtras.RS62Ladder.lr_lx_lb_077,IntervalArith.RatInterval.log_enclose_full,transcendental-enclosure,"Rat (exact, unbounded)",53,747,9,"24-term series, ~29 halving steps, argument ~9 decimal digits",log_enclose_full,exact,0.09245317025652632,17.279443419657852,1
MathExtras.RS62Ladder.lr_lx_lb_078._native.native_decide.ax_1_1,Rs62Certificates,Rs62Certificates.RS62LadderRangeLogLeavesC,MathExtras.RS62Ladder.lr_lx_lb_078,IntervalArith.RatInterval.log_enclose_full,transcendental-enclosure,"Rat (exact, unbounded)",53,747,9,"24-term series, ~29 halving steps, argument ~9 decimal digits",log_enclose_full,exact,0.09245317025652632,17.279443419657852,1
MathExtras.RS62Ladder.lr_lx_lb_079._native.native_decide.ax_1_1,Rs62Certificates,Rs62Certificates.RS62LadderRangeLogLeavesC,MathExtras.RS62Ladder.lr_lx_lb_079,IntervalArith.RatInterval.log_enclose_full,transcendental-enclosure,"Rat (exact, unbounded)",53,747,9,"24-term series, ~29 halving steps, argument ~9 decimal digits",log_enclose_full,exact,0.09245317025652632,17.279443419657852,1
MathExtras.RS62Ladder.lr_lx_lb_080._native.native_decide.ax_1_1,Rs62Certificates,Rs62Certificates.RS62LadderRangeLogLeavesC,MathExtras.RS62Ladder.lr_lx_lb_080,IntervalArith.RatInterval.log_enclose_full,transcendental-enclosure,"Rat (exact, unbounded)",53,747,9,"24-term series, ~29 halving steps, argument ~9 decimal digits",log_enclose_full,exact,0.09245317025652632,17.279443419657852,1
MathExtras.RS62Ladder.lr_lx_lb_081._native.native_decide.ax_1_1,Rs62Certificates,Rs62Certificates.RS62LadderRangeLogLeavesC,MathExtras.RS62Ladder.lr_lx_lb_081,IntervalArith.RatInterval.log_enclose_full,transcendental-enclosure,"Rat (exact, unbounded)",53,747,9,"24-term series, ~29 halving steps, argument ~9 decimal digits",log_enclose_full,exact,0.09245317025652632,17.279443419657852,1
MathExtras.RS62Ladder.lr_lx_lb_082._native.native_decide.ax_1_1,Rs62Certificates,Rs62Certificates.RS62LadderRangeLogLeavesC,MathExtras.RS62Ladder.lr_lx_lb_082,IntervalArith.RatInterval.log_enclose_full,transcendental-enclosure,"Rat (exact, unbounded)",53,747,9,"24-term series, ~29 halving steps, argument ~9 decimal digits",log_enclose_full,exact,0.09245317025652632,17.279443419657852,1
MathExtras.RS62Ladder.lr_lx_lb_083._native.native_decide.ax_1_1,Rs62Certificates,Rs62Certificates.RS62LadderRangeLogLeavesC,MathExtras.RS62Ladder.lr_lx_lb_083,IntervalArith.RatInterval.log_enclose_full,transcendental-enclosure,"Rat (exact, unbounded)",53,747,9,"24-term series, ~29 halving steps, argument ~9 decimal digits",log_enclose_full,exact,0.09245317025652632,17.279443419657852,1
MathExtras.RS62Ladder.lr_lx_lb_084._native.native_decide.ax_1_1,Rs62Certificates,Rs62Certificates.RS62LadderRangeLogLeavesC,MathExtras.RS62Ladder.lr_lx_lb_084,IntervalArith.RatInterval.log_enclose_full,transcendental-enclosure,"Rat (exact, unbounded)",53,747,9,"24-term series, ~29 halving steps, argument ~9 decimal digits",log_enclose_full,exact,0.09245317025652632,17.279443419657852,1
MathExtras.RS62Ladder.lr_lx_lb_085._native.native_decide.ax_1_1,Rs62Certificates,Rs62Certificates.RS62LadderRangeLogLeavesC,MathExtras.RS62Ladder.lr_lx_lb_085,IntervalArith.RatInterval.log_enclose_full,transcendental-enclosure,"Rat (exact, unbounded)",53,747,9,"24-term series, ~29 halving steps, argument ~9 decimal digits",log_enclose_full,exact,0.09245317025652632,17.279443419657852,1
MathExtras.RS62Ladder.lr_lx_lb_086._native.native_decide.ax_1_1,Rs62Certificates,Rs62Certificates.RS62LadderRangeLogLeavesC,MathExtras.RS62Ladder.lr_lx_lb_086,IntervalArith.RatInterval.log_enclose_full,transcendental-enclosure,"Rat (exact, unbounded)",53,747,9,"24-term series, ~29 halving steps, argument ~9 decimal digits",log_enclose_full,exact,0.09245317025652632,17.279443419657852,1
MathExtras.RS62Ladder.lr_lx_lb_087._native.native_decide.ax_1_1,Rs62Certificates,Rs62Certificates.RS62LadderRangeLogLeavesC,MathExtras.RS62Ladder.lr_lx_lb_087,IntervalArith.RatInterval.log_enclose_full,transcendental-enclosure,"Rat (exact, unbounded)",53,747,9,"24-term series, ~29 halving steps, argument ~9 decimal digits",log_enclose_full,exact,0.09245317025652632,17.279443419657852,1
MathExtras.RS62Ladder.lr_lx_lb_088._native.native_decide.ax_1_1,Rs62Certificates,Rs62Certificates.RS62LadderRangeLogLeavesC,MathExtras.RS62Ladder.lr_lx_lb_088,IntervalArith.RatInterval.log_enclose_full,transcendental-enclosure,"Rat (exact, unbounded)",53,747,9,"24-term series, ~29 halving steps, argument ~9 decimal digits",log_enclose_full,exact,0.09245317025652632,17.279443419657852,1
MathExtras.RS62Ladder.lr_lx_lb_089._native.native_decide.ax_1_1,Rs62Certificates,Rs62Certificates.RS62LadderRangeLogLeavesC,MathExtras.RS62Ladder.lr_lx_lb_089,IntervalArith.RatInterval.log_enclose_full,transcendental-enclosure,"Rat (exact, unbounded)",53,747,9,"24-term series, ~29 halving steps, argument ~9 decimal digits",log_enclose_full,exact,0.09245317025652632,17.279443419657852,1
MathExtras.RS62Ladder.lr_lx_lb_090._native.native_decide.ax_1_1,Rs62Certificates,Rs62Certificates.RS62LadderRangeLogLeavesC,MathExtras.RS62Ladder.lr_lx_lb_090,IntervalArith.RatInterval.log_enclose_full,transcendental-enclosure,"Rat (exact, unbounded)",53,747,9,"24-term series, ~29 halving steps, argument ~9 decimal digits",log_enclose_full,exact,0.09245317025652632,17.279443419657852,1
MathExtras.RS62Ladder.lr_lx_lb_091._native.native_decide.ax_1_1,Rs62Certificates,Rs62Certificates.RS62LadderRangeLogLeavesC,MathExtras.RS62Ladder.lr_lx_lb_091,IntervalArith.RatInterval.log_enclose_full,transcendental-enclosure,"Rat (exact, unbounded)",53,747,9,"24-term series, ~29 halving steps, argument ~9 decimal digits",log_enclose_full,exact,0.09245317025652632,17.279443419657852,1
MathExtras.RS62Ladder.lr_lx_lb_092._native.native_decide.ax_1_1,Rs62Certificates,Rs62Certificates.RS62LadderRangeLogLeavesD,MathExtras.RS62Ladder.lr_lx_lb_092,IntervalArith.RatInterval.log_enclose_full,transcendental-enclosure,"Rat (exact, unbounded)",53,747,9,"24-term series, ~29 halving steps, argument ~9 decimal digits",log_enclose_full,exact,0.09245317025652632,17.279443419657852,1
MathExtras.RS62Ladder.lr_lx_lb_093._native.native_decide.ax_1_1,Rs62Certificates,Rs62Certificates.RS62LadderRangeLogLeavesD,MathExtras.RS62Ladder.lr_lx_lb_093,IntervalArith.RatInterval.log_enclose_full,transcendental-enclosure,"Rat (exact, unbounded)",53,747,9,"24-term series, ~29 halving steps, argument ~9 decimal digits",log_enclose_full,exact,0.09245317025652632,17.279443419657852,1
MathExtras.RS62Ladder.lr_lx_lb_094._native.native_decide.ax_1_1,Rs62Certificates,Rs62Certificates.RS62LadderRangeLogLeavesD,MathExtras.RS62Ladder.lr_lx_lb_094,IntervalArith.RatInterval.log_enclose_full,transcendental-enclosure,"Rat (exact, unbounded)",53,747,9,"24-term series, ~29 halving steps, argument ~9 decimal digits",log_enclose_full,exact,0.09245317025652632,17.279443419657852,1
MathExtras.RS62Ladder.lr_lx_lb_095._native.native_decide.ax_1_1,Rs62Certificates,Rs62Certificates.RS62LadderRangeLogLeavesD,MathExtras.RS62Ladder.lr_lx_lb_095,IntervalArith.RatInterval.log_enclose_full,transcendental-enclosure,"Rat (exact, unbounded)",53,747,9,"24-term series, ~29 halving steps, argument ~9 decimal digits",log_enclose_full,exact,0.09245317025652632,17.279443419657852,1
MathExtras.RS62Ladder.lr_lx_lb_096._native.native_decide.ax_1_1,Rs62Certificates,Rs62Certificates.RS62LadderRangeLogLeavesD,MathExtras.RS62Ladder.lr_lx_lb_096,IntervalArith.RatInterval.log_enclose_full,transcendental-enclosure,"Rat (exact, unbounded)",53,747,9,"24-term series, ~29 halving steps, argument ~9 decimal digits",log_enclose_full,exact,0.09245317025652632,17.279443419657852,1
MathExtras.RS62Ladder.lr_lx_lb_097._native.native_decide.ax_1_1,Rs62Certificates,Rs62Certificates.RS62LadderRangeLogLeavesD,MathExtras.RS62Ladder.lr_lx_lb_097,IntervalArith.RatInterval.log_enclose_full,transcendental-enclosure,"Rat (exact, unbounded)",53,747,9,"24-term series, ~29 halving steps, argument ~9 decimal digits",log_enclose_full,exact,0.09245317025652632,17.279443419657852,1
MathExtras.RS62Ladder.lr_lx_lb_098._native.native_decide.ax_1_1,Rs62Certificates,Rs62Certificates.RS62LadderRangeLogLeavesD,MathExtras.RS62Ladder.lr_lx_lb_098,IntervalArith.RatInterval.log_enclose_full,transcendental-enclosure,"Rat (exact, unbounded)",53,747,9,"24-term series, ~29 halving steps, argument ~9 decimal digits",log_enclose_full,exact,0.09245317025652632,17.279443419657852,1
MathExtras.RS62Ladder.lr_lx_lb_099._native.native_decide.ax_1_1,Rs62Certificates,Rs62Certificates.RS62LadderRangeLogLeavesD,MathExtras.RS62Ladder.lr_lx_lb_099,IntervalArith.RatInterval.log_enclose_full,transcendental-enclosure,"Rat (exact, unbounded)",53,747,9,"24-term series, ~29 halving steps, argument ~9 decimal digits",log_enclose_full,exact,0.09245317025652632,17.279443419657852,1
MathExtras.RS62Ladder.lr_lx_lb_100._native.native_decide.ax_1_1,Rs62Certificates,Rs62Certificates.RS62LadderRangeLogLeavesD,MathExtras.RS62Ladder.lr_lx_lb_100,IntervalArith.RatInterval.log_enclose_full,transcendental-enclosure,"Rat (exact, unbounded)",53,747,9,"24-term series, ~29 halving steps, argument ~9 decimal digits",log_enclose_full,exact,0.09245317025652632,17.279443419657852,1
MathExtras.RS62Ladder.lr_lx_lb_101._native.native_decide.ax_1_1,Rs62Certificates,Rs62Certificates.RS62LadderRangeLogLeavesD,MathExtras.RS62Ladder.lr_lx_lb_101,IntervalArith.RatInterval.log_enclose_full,transcendental-enclosure,"Rat (exact, unbounded)",53,747,9,"24-term series, ~29 halving steps, argument ~9 decimal digits",log_enclose_full,exact,0.09245317025652632,17.279443419657852,1
MathExtras.RS62Ladder.lr_lx_lb_102._native.native_decide.ax_1_1,Rs62Certificates,Rs62Certificates.RS62LadderRangeLogLeavesD,MathExtras.RS62Ladder.lr_lx_lb_102,IntervalArith.RatInterval.log_enclose_full,transcendental-enclosure,"Rat (exact, unbounded)",53,747,9,"24-term series, ~29 halving steps, argument ~9 decimal digits",log_enclose_full,exact,0.09245317025652632,17.279443419657852,1
MathExtras.RS62Ladder.lr_lx_lb_103._native.native_decide.ax_1_1,Rs62Certificates,Rs62Certificates.RS62LadderRangeLogLeavesD,MathExtras.RS62Ladder.lr_lx_lb_103,IntervalArith.RatInterval.log_enclose_full,transcendental-enclosure,"Rat (exact, unbounded)",53,747,9,"24-term series, ~29 halving steps, argument ~9 decimal digits",log_enclose_full,exact,0.09245317025652632,17.279443419657852,1
MathExtras.RS62Ladder.lr_lx_lb_104._native.native_decide.ax_1_1,Rs62Certificates,Rs62Certificates.RS62LadderRangeLogLeavesD,MathExtras.RS62Ladder.lr_lx_lb_104,IntervalArith.RatInterval.log_enclose_full,transcendental-enclosure,"Rat (exact, unbounded)",53,747,9,"24-term series, ~29 halving steps, argument ~9 decimal digits",log_enclose_full,exact,0.09245317025652632,17.279443419657852,1
MathExtras.RS62Ladder.lr_lx_lb_105._native.native_decide.ax_1_1,Rs62Certificates,Rs62Certificates.RS62LadderRangeLogLeavesD,MathExtras.RS62Ladder.lr_lx_lb_105,IntervalArith.RatInterval.log_enclose_full,transcendental-enclosure,"Rat (exact, unbounded)",53,747,9,"24-term series, ~29 halving steps, argument ~9 decimal digits",log_enclose_full,exact,0.09245317025652632,17.279443419657852,1
MathExtras.RS62Ladder.lr_lx_lb_106._native.native_decide.ax_1_1,Rs62Certificates,Rs62Certificates.RS62LadderRangeLogLeavesD,MathExtras.RS62Ladder.lr_lx_lb_106,IntervalArith.RatInterval.log_enclose_full,transcendental-enclosure,"Rat (exact, unbounded)",53,747,9,"24-term series, ~29 halving steps, argument ~9 decimal digits",log_enclose_full,exact,0.09245317025652632,17.279443419657852,1
MathExtras.RS62Ladder.lr_lx_lb_107._native.native_decide.ax_1_1,Rs62Certificates,Rs62Certificates.RS62LadderRangeLogLeavesD,MathExtras.RS62Ladder.lr_lx_lb_107,IntervalArith.RatInterval.log_enclose_full,transcendental-enclosure,"Rat (exact, unbounded)",53,747,9,"24-term series, ~29 halving steps, argument ~9 decimal digits",log_enclose_full,exact,0.09245317025652632,17.279443419657852,1
MathExtras.RS62Ladder.lr_lx_lb_108._native.native_decide.ax_1_1,Rs62Certificates,Rs62Certificates.RS62LadderRangeLogLeavesD,MathExtras.RS62Ladder.lr_lx_lb_108,IntervalArith.RatInterval.log_enclose_full,transcendental-enclosure,"Rat (exact, unbounded)",53,747,9,"24-term series, ~29 halving steps, argument ~9 decimal digits",log_enclose_full,exact,0.09245317025652632,17.279443419657852,1
MathExtras.RS62Ladder.lr_lx_lb_109._native.native_decide.ax_1_1,Rs62Certificates,Rs62Certificates.RS62LadderRangeLogLeavesD,MathExtras.RS62Ladder.lr_lx_lb_109,IntervalArith.RatInterval.log_enclose_full,transcendental-enclosure,"Rat (exact, unbounded)",53,747,9,"24-term series, ~29 halving steps, argument ~9 decimal digits",log_enclose_full,exact,0.09245317025652632,17.279443419657852,1
MathExtras.RS62Ladder.lr_lx_lb_110._native.native_decide.ax_1_1,Rs62Certificates,Rs62Certificates.RS62LadderRangeLogLeavesD,MathExtras.RS62Ladder.lr_lx_lb_110,IntervalArith.RatInterval.log_enclose_full,transcendental-enclosure,"Rat (exact, unbounded)",53,747,9,"24-term series, ~29 halving steps, argument ~9 decimal digits",log_enclose_full,exact,0.09245317025652632,17.279443419657852,1
MathExtras.RS62Ladder.lr_lx_lb_111._native.native_decide.ax_1_1,Rs62Certificates,Rs62Certificates.RS62LadderRangeLogLeavesD,MathExtras.RS62Ladder.lr_lx_lb_111,IntervalArith.RatInterval.log_enclose_full,transcendental-enclosure,"Rat (exact, unbounded)",53,747,9,"24-term series, ~29 halving steps, argument ~9 decimal digits",log_enclose_full,exact,0.09245317025652632,17.279443419657852,1
MathExtras.RS62Ladder.lr_lx_lb_112._native.native_decide.ax_1_1,Rs62Certificates,Rs62Certificates.RS62LadderRangeLogLeavesD,MathExtras.RS62Ladder.lr_lx_lb_112,IntervalArith.RatInterval.log_enclose_full,transcendental-enclosure,"Rat (exact, unbounded)",53,747,9,"24-term series, ~29 halving steps, argument ~9 decimal digits",log_enclose_full,exact,0.09245317025652632,17.279443419657852,1
MathExtras.RS62Ladder.lr_lx_lb_113._native.native_decide.ax_1_1,Rs62Certificates,Rs62Certificates.RS62LadderRangeLogLeavesD,MathExtras.RS62Ladder.lr_lx_lb_113,IntervalArith.RatInterval.log_enclose_full,transcendental-enclosure,"Rat (exact, unbounded)",53,747,9,"24-term series, ~29 halving steps, argument ~9 decimal digits",log_enclose_full,exact,0.09245317025652632,17.279443419657852,1
MathExtras.RS62Ladder.lr_lx_lb_114._native.native_decide.ax_1_1,Rs62Certificates,Rs62Certificates.RS62LadderRangeLogLeavesD,MathExtras.RS62Ladder.lr_lx_lb_114,IntervalArith.RatInterval.log_enclose_full,transcendental-enclosure,"Rat (exact, unbounded)",53,747,9,"24-term series, ~29 halving steps, argument ~9 decimal digits",log_enclose_full,exact,0.09245317025652632,17.279443419657852,1
MathExtras.RS62Ladder.lr_lx_lb_115._native.native_decide.ax_1_1,Rs62Certificates,Rs62Certificates.RS62LadderRangeLogLeavesD,MathExtras.RS62Ladder.lr_lx_lb_115,IntervalArith.RatInterval.log_enclose_full,transcendental-enclosure,"Rat (exact, unbounded)",53,747,9,"24-term series, ~29 halving steps, argument ~9 decimal digits",log_enclose_full,exact,0.09245317025652632,17.279443419657852,1
MathExtras.RS62Ladder.lr_lx_lb_116._native.native_decide.ax_1_1,Rs62Certificates,Rs62Certificates.RS62LadderRangeLogLeavesD,MathExtras.RS62Ladder.lr_lx_lb_116,IntervalArith.RatInterval.log_enclose_full,transcendental-enclosure,"Rat (exact, unbounded)",53,747,9,"24-term series, ~29 halving steps, argument ~9 decimal digits",log_enclose_full,exact,0.09245317025652632,17.279443419657852,1
MathExtras.RS62Ladder.lr_lx_lb_117._native.native_decide.ax_1_1,Rs62Certificates,Rs62Certificates.RS62LadderRangeLogLeavesD,MathExtras.RS62Ladder.lr_lx_lb_117,IntervalArith.RatInterval.log_enclose_full,transcendental-enclosure,"Rat (exact, unbounded)",53,747,9,"24-term series, ~29 halving steps, argument ~9 decimal digits",log_enclose_full,exact,0.09245317025652632,17.279443419657852,1
MathExtras.RS62Ladder.lr_lx_lb_118._native.native_decide.ax_1_1,Rs62Certificates,Rs62Certificates.RS62LadderRangeLogLeavesD,MathExtras.RS62Ladder.lr_lx_lb_118,IntervalArith.RatInterval.log_enclose_full,transcendental-enclosure,"Rat (exact, unbounded)",53,747,9,"24-term series, ~29 halving steps, argument ~9 decimal digits",log_enclose_full,exact,0.09245317025652632,17.279443419657852,1
MathExtras.RS62Ladder.lr_lx_lb_119._native.native_decide.ax_1_1,Rs62Certificates,Rs62Certificates.RS62LadderRangeLogLeavesD,MathExtras.RS62Ladder.lr_lx_lb_119,IntervalArith.RatInterval.log_enclose_full,transcendental-enclosure,"Rat (exact, unbounded)",53,747,9,"24-term series, ~29 halving steps, argument ~9 decimal digits",log_enclose_full,exact,0.09245317025652632,17.279443419657852,1
MathExtras.RS62Ladder.lr_lx_lb_120._native.native_decide.ax_1_1,Rs62Certificates,Rs62Certificates.RS62LadderRangeLogLeavesD,MathExtras.RS62Ladder.lr_lx_lb_120,IntervalArith.RatInterval.log_enclose_full,transcendental-enclosure,"Rat (exact, unbounded)",53,747,9,"24-term series, ~29 halving steps, argument ~9 decimal digits",log_enclose_full,exact,0.09245317025652632,17.279443419657852,1
MathExtras.RS62Ladder.lr_lx_ub_001._native.native_decide.ax_1_1,Rs62Certificates,Rs62Certificates.RS62LadderRangeLogLeavesA,MathExtras.RS62Ladder.lr_lx_ub_001,IntervalArith.RatInterval.log_enclose_full,transcendental-enclosure,"Rat (exact, unbounded)",53,747,9,"24-term series, ~29 halving steps, argument ~9 decimal digits",log_enclose_full,exact,0.09245317025652632,17.279443419657852,1
MathExtras.RS62Ladder.lr_lx_ub_002._native.native_decide.ax_1_1,Rs62Certificates,Rs62Certificates.RS62LadderRangeLogLeavesA,MathExtras.RS62Ladder.lr_lx_ub_002,IntervalArith.RatInterval.log_enclose_full,transcendental-enclosure,"Rat (exact, unbounded)",53,747,9,"24-term series, ~29 halving steps, argument ~9 decimal digits",log_enclose_full,exact,0.09245317025652632,17.279443419657852,1
MathExtras.RS62Ladder.lr_lx_ub_003._native.native_decide.ax_1_1,Rs62Certificates,Rs62Certificates.RS62LadderRangeLogLeavesA,MathExtras.RS62Ladder.lr_lx_ub_003,IntervalArith.RatInterval.log_enclose_full,transcendental-enclosure,"Rat (exact, unbounded)",53,747,9,"24-term series, ~29 halving steps, argument ~9 decimal digits",log_enclose_full,exact,0.09245317025652632,17.279443419657852,1
MathExtras.RS62Ladder.lr_lx_ub_004._native.native_decide.ax_1_1,Rs62Certificates,Rs62Certificates.RS62LadderRangeLogLeavesA,MathExtras.RS62Ladder.lr_lx_ub_004,IntervalArith.RatInterval.log_enclose_full,transcendental-enclosure,"Rat (exact, unbounded)",53,747,9,"24-term series, ~29 halving steps, argument ~9 decimal digits",log_enclose_full,exact,0.09245317025652632,17.279443419657852,1
MathExtras.RS62Ladder.lr_lx_ub_005._native.native_decide.ax_1_1,Rs62Certificates,Rs62Certificates.RS62LadderRangeLogLeavesA,MathExtras.RS62Ladder.lr_lx_ub_005,IntervalArith.RatInterval.log_enclose_full,transcendental-enclosure,"Rat (exact, unbounded)",53,747,9,"24-term series, ~29 halving steps, argument ~9 decimal digits",log_enclose_full,exact,0.09245317025652632,17.279443419657852,1
MathExtras.RS62Ladder.lr_lx_ub_006._native.native_decide.ax_1_1,Rs62Certificates,Rs62Certificates.RS62LadderRangeLogLeavesA,MathExtras.RS62Ladder.lr_lx_ub_006,IntervalArith.RatInterval.log_enclose_full,transcendental-enclosure,"Rat (exact, unbounded)",53,747,9,"24-term series, ~29 halving steps, argument ~9 decimal digits",log_enclose_full,exact,0.09245317025652632,17.279443419657852,1
MathExtras.RS62Ladder.lr_lx_ub_007._native.native_decide.ax_1_1,Rs62Certificates,Rs62Certificates.RS62LadderRangeLogLeavesA,MathExtras.RS62Ladder.lr_lx_ub_007,IntervalArith.RatInterval.log_enclose_full,transcendental-enclosure,"Rat (exact, unbounded)",53,747,9,"24-term series, ~29 halving steps, argument ~9 decimal digits",log_enclose_full,exact,0.09245317025652632,17.279443419657852,1
MathExtras.RS62Ladder.lr_lx_ub_008._native.native_decide.ax_1_1,Rs62Certificates,Rs62Certificates.RS62LadderRangeLogLeavesA,MathExtras.RS62Ladder.lr_lx_ub_008,IntervalArith.RatInterval.log_enclose_full,transcendental-enclosure,"Rat (exact, unbounded)",53,747,9,"24-term series, ~29 halving steps, argument ~9 decimal digits",log_enclose_full,exact,0.09245317025652632,17.279443419657852,1
MathExtras.RS62Ladder.lr_lx_ub_009._native.native_decide.ax_1_1,Rs62Certificates,Rs62Certificates.RS62LadderRangeLogLeavesA,MathExtras.RS62Ladder.lr_lx_ub_009,IntervalArith.RatInterval.log_enclose_full,transcendental-enclosure,"Rat (exact, unbounded)",53,747,9,"24-term series, ~29 halving steps, argument ~9 decimal digits",log_enclose_full,exact,0.09245317025652632,17.279443419657852,1
MathExtras.RS62Ladder.lr_lx_ub_010._native.native_decide.ax_1_1,Rs62Certificates,Rs62Certificates.RS62LadderRangeLogLeavesA,MathExtras.RS62Ladder.lr_lx_ub_010,IntervalArith.RatInterval.log_enclose_full,transcendental-enclosure,"Rat (exact, unbounded)",53,747,9,"24-term series, ~29 halving steps, argument ~9 decimal digits",log_enclose_full,exact,0.09245317025652632,17.279443419657852,1
MathExtras.RS62Ladder.lr_lx_ub_011._native.native_decide.ax_1_1,Rs62Certificates,Rs62Certificates.RS62LadderRangeLogLeavesA,MathExtras.RS62Ladder.lr_lx_ub_011,IntervalArith.RatInterval.log_enclose_full,transcendental-enclosure,"Rat (exact, unbounded)",53,747,9,"24-term series, ~29 halving steps, argument ~9 decimal digits",log_enclose_full,exact,0.09245317025652632,17.279443419657852,1
MathExtras.RS62Ladder.lr_lx_ub_012._native.native_decide.ax_1_1,Rs62Certificates,Rs62Certificates.RS62LadderRangeLogLeavesA,MathExtras.RS62Ladder.lr_lx_ub_012,IntervalArith.RatInterval.log_enclose_full,transcendental-enclosure,"Rat (exact, unbounded)",53,747,9,"24-term series, ~29 halving steps, argument ~9 decimal digits",log_enclose_full,exact,0.09245317025652632,17.279443419657852,1
MathExtras.RS62Ladder.lr_lx_ub_013._native.native_decide.ax_1_1,Rs62Certificates,Rs62Certificates.RS62LadderRangeLogLeavesA,MathExtras.RS62Ladder.lr_lx_ub_013,IntervalArith.RatInterval.log_enclose_full,transcendental-enclosure,"Rat (exact, unbounded)",53,747,9,"24-term series, ~29 halving steps, argument ~9 decimal digits",log_enclose_full,exact,0.09245317025652632,17.279443419657852,1
MathExtras.RS62Ladder.lr_lx_ub_014._native.native_decide.ax_1_1,Rs62Certificates,Rs62Certificates.RS62LadderRangeLogLeavesA,MathExtras.RS62Ladder.lr_lx_ub_014,IntervalArith.RatInterval.log_enclose_full,transcendental-enclosure,"Rat (exact, unbounded)",53,747,9,"24-term series, ~29 halving steps, argument ~9 decimal digits",log_enclose_full,exact,0.09245317025652632,17.279443419657852,1
MathExtras.RS62Ladder.lr_lx_ub_015._native.native_decide.ax_1_1,Rs62Certificates,Rs62Certificates.RS62LadderRangeLogLeavesA,MathExtras.RS62Ladder.lr_lx_ub_015,IntervalArith.RatInterval.log_enclose_full,transcendental-enclosure,"Rat (exact, unbounded)",53,747,9,"24-term series, ~29 halving steps, argument ~9 decimal digits",log_enclose_full,exact,0.09245317025652632,17.279443419657852,1
MathExtras.RS62Ladder.lr_lx_ub_016._native.native_decide.ax_1_1,Rs62Certificates,Rs62Certificates.RS62LadderRangeLogLeavesA,MathExtras.RS62Ladder.lr_lx_ub_016,IntervalArith.RatInterval.log_enclose_full,transcendental-enclosure,"Rat (exact, unbounded)",53,747,9,"24-term series, ~29 halving steps, argument ~9 decimal digits",log_enclose_full,exact,0.09245317025652632,17.279443419657852,1
MathExtras.RS62Ladder.lr_lx_ub_017._native.native_decide.ax_1_1,Rs62Certificates,Rs62Certificates.RS62LadderRangeLogLeavesA,MathExtras.RS62Ladder.lr_lx_ub_017,IntervalArith.RatInterval.log_enclose_full,transcendental-enclosure,"Rat (exact, unbounded)",53,747,9,"24-term series, ~29 halving steps, argument ~9 decimal digits",log_enclose_full,exact,0.09245317025652632,17.279443419657852,1
MathExtras.RS62Ladder.lr_lx_ub_018._native.native_decide.ax_1_1,Rs62Certificates,Rs62Certificates.RS62LadderRangeLogLeavesA,MathExtras.RS62Ladder.lr_lx_ub_018,IntervalArith.RatInterval.log_enclose_full,transcendental-enclosure,"Rat (exact, unbounded)",53,747,9,"24-term series, ~29 halving steps, argument ~9 decimal digits",log_enclose_full,exact,0.09245317025652632,17.279443419657852,1
MathExtras.RS62Ladder.lr_lx_ub_019._native.native_decide.ax_1_1,Rs62Certificates,Rs62Certificates.RS62LadderRangeLogLeavesA,MathExtras.RS62Ladder.lr_lx_ub_019,IntervalArith.RatInterval.log_enclose_full,transcendental-enclosure,"Rat (exact, unbounded)",53,747,9,"24-term series, ~29 halving steps, argument ~9 decimal digits",log_enclose_full,exact,0.09245317025652632,17.279443419657852,1
MathExtras.RS62Ladder.lr_lx_ub_020._native.native_decide.ax_1_1,Rs62Certificates,Rs62Certificates.RS62LadderRangeLogLeavesA,MathExtras.RS62Ladder.lr_lx_ub_020,IntervalArith.RatInterval.log_enclose_full,transcendental-enclosure,"Rat (exact, unbounded)",53,747,9,"24-term series, ~29 halving steps, argument ~9 decimal digits",log_enclose_full,exact,0.09245317025652632,17.279443419657852,1
MathExtras.RS62Ladder.lr_lx_ub_021._native.native_decide.ax_1_1,Rs62Certificates,Rs62Certificates.RS62LadderRangeLogLeavesA,MathExtras.RS62Ladder.lr_lx_ub_021,IntervalArith.RatInterval.log_enclose_full,transcendental-enclosure,"Rat (exact, unbounded)",53,747,9,"24-term series, ~29 halving steps, argument ~9 decimal digits",log_enclose_full,exact,0.09245317025652632,17.279443419657852,1
MathExtras.RS62Ladder.lr_lx_ub_022._native.native_decide.ax_1_1,Rs62Certificates,Rs62Certificates.RS62LadderRangeLogLeavesA,MathExtras.RS62Ladder.lr_lx_ub_022,IntervalArith.RatInterval.log_enclose_full,transcendental-enclosure,"Rat (exact, unbounded)",53,747,9,"24-term series, ~29 halving steps, argument ~9 decimal digits",log_enclose_full,exact,0.09245317025652632,17.279443419657852,1
MathExtras.RS62Ladder.lr_lx_ub_023._native.native_decide.ax_1_1,Rs62Certificates,Rs62Certificates.RS62LadderRangeLogLeavesA,MathExtras.RS62Ladder.lr_lx_ub_023,IntervalArith.RatInterval.log_enclose_full,transcendental-enclosure,"Rat (exact, unbounded)",53,747,9,"24-term series, ~29 halving steps, argument ~9 decimal digits",log_enclose_full,exact,0.09245317025652632,17.279443419657852,1
MathExtras.RS62Ladder.lr_lx_ub_024._native.native_decide.ax_1_1,Rs62Certificates,Rs62Certificates.RS62LadderRangeLogLeavesA,MathExtras.RS62Ladder.lr_lx_ub_024,IntervalArith.RatInterval.log_enclose_full,transcendental-enclosure,"Rat (exact, unbounded)",53,747,9,"24-term series, ~29 halving steps, argument ~9 decimal digits",log_enclose_full,exact,0.09245317025652632,17.279443419657852,1
MathExtras.RS62Ladder.lr_lx_ub_025._native.native_decide.ax_1_1,Rs62Certificates,Rs62Certificates.RS62LadderRangeLogLeavesA,MathExtras.RS62Ladder.lr_lx_ub_025,IntervalArith.RatInterval.log_enclose_full,transcendental-enclosure,"Rat (exact, unbounded)",53,747,9,"24-term series, ~29 halving steps, argument ~9 decimal digits",log_enclose_full,exact,0.09245317025652632,17.279443419657852,1
MathExtras.RS62Ladder.lr_lx_ub_026._native.native_decide.ax_1_1,Rs62Certificates,Rs62Certificates.RS62LadderRangeLogLeavesA,MathExtras.RS62Ladder.lr_lx_ub_026,IntervalArith.RatInterval.log_enclose_full,transcendental-enclosure,"Rat (exact, unbounded)",53,747,9,"24-term series, ~29 halving steps, argument ~9 decimal digits",log_enclose_full,exact,0.09245317025652632,17.279443419657852,1
MathExtras.RS62Ladder.lr_lx_ub_027._native.native_decide.ax_1_1,Rs62Certificates,Rs62Certificates.RS62LadderRangeLogLeavesA,MathExtras.RS62Ladder.lr_lx_ub_027,IntervalArith.RatInterval.log_enclose_full,transcendental-enclosure,"Rat (exact, unbounded)",53,747,9,"24-term series, ~29 halving steps, argument ~9 decimal digits",log_enclose_full,exact,0.09245317025652632,17.279443419657852,1
MathExtras.RS62Ladder.lr_lx_ub_028._native.native_decide.ax_1_1,Rs62Certificates,Rs62Certificates.RS62LadderRangeLogLeavesA,MathExtras.RS62Ladder.lr_lx_ub_028,IntervalArith.RatInterval.log_enclose_full,transcendental-enclosure,"Rat (exact, unbounded)",53,747,9,"24-term series, ~29 halving steps, argument ~9 decimal digits",log_enclose_full,exact,0.09245317025652632,17.279443419657852,1
MathExtras.RS62Ladder.lr_lx_ub_029._native.native_decide.ax_1_1,Rs62Certificates,Rs62Certificates.RS62LadderRangeLogLeavesA,MathExtras.RS62Ladder.lr_lx_ub_029,IntervalArith.RatInterval.log_enclose_full,transcendental-enclosure,"Rat (exact, unbounded)",53,747,9,"24-term series, ~29 halving steps, argument ~9 decimal digits",log_enclose_full,exact,0.09245317025652632,17.279443419657852,1
MathExtras.RS62Ladder.lr_lx_ub_030._native.native_decide.ax_1_1,Rs62Certificates,Rs62Certificates.RS62LadderRangeLogLeavesA,MathExtras.RS62Ladder.lr_lx_ub_030,IntervalArith.RatInterval.log_enclose_full,transcendental-enclosure,"Rat (exact, unbounded)",53,747,9,"24-term series, ~29 halving steps, argument ~9 decimal digits",log_enclose_full,exact,0.09245317025652632,17.279443419657852,1
MathExtras.RS62Ladder.lr_lx_ub_031._native.native_decide.ax_1_1,Rs62Certificates,Rs62Certificates.RS62LadderRangeLogLeavesB,MathExtras.RS62Ladder.lr_lx_ub_031,IntervalArith.RatInterval.log_enclose_full,transcendental-enclosure,"Rat (exact, unbounded)",53,747,9,"24-term series, ~29 halving steps, argument ~9 decimal digits",log_enclose_full,exact,0.09245317025652632,17.279443419657852,1
MathExtras.RS62Ladder.lr_lx_ub_032._native.native_decide.ax_1_1,Rs62Certificates,Rs62Certificates.RS62LadderRangeLogLeavesB,MathExtras.RS62Ladder.lr_lx_ub_032,IntervalArith.RatInterval.log_enclose_full,transcendental-enclosure,"Rat (exact, unbounded)",53,747,9,"24-term series, ~29 halving steps, argument ~9 decimal digits",log_enclose_full,exact,0.09245317025652632,17.279443419657852,1
MathExtras.RS62Ladder.lr_lx_ub_033._native.native_decide.ax_1_1,Rs62Certificates,Rs62Certificates.RS62LadderRangeLogLeavesB,MathExtras.RS62Ladder.lr_lx_ub_033,IntervalArith.RatInterval.log_enclose_full,transcendental-enclosure,"Rat (exact, unbounded)",53,747,9,"24-term series, ~29 halving steps, argument ~9 decimal digits",log_enclose_full,exact,0.09245317025652632,17.279443419657852,1
MathExtras.RS62Ladder.lr_lx_ub_034._native.native_decide.ax_1_1,Rs62Certificates,Rs62Certificates.RS62LadderRangeLogLeavesB,MathExtras.RS62Ladder.lr_lx_ub_034,IntervalArith.RatInterval.log_enclose_full,transcendental-enclosure,"Rat (exact, unbounded)",53,747,9,"24-term series, ~29 halving steps, argument ~9 decimal digits",log_enclose_full,exact,0.09245317025652632,17.279443419657852,1
MathExtras.RS62Ladder.lr_lx_ub_035._native.native_decide.ax_1_1,Rs62Certificates,Rs62Certificates.RS62LadderRangeLogLeavesB,MathExtras.RS62Ladder.lr_lx_ub_035,IntervalArith.RatInterval.log_enclose_full,transcendental-enclosure,"Rat (exact, unbounded)",53,747,9,"24-term series, ~29 halving steps, argument ~9 decimal digits",log_enclose_full,exact,0.09245317025652632,17.279443419657852,1
MathExtras.RS62Ladder.lr_lx_ub_036._native.native_decide.ax_1_1,Rs62Certificates,Rs62Certificates.RS62LadderRangeLogLeavesB,MathExtras.RS62Ladder.lr_lx_ub_036,IntervalArith.RatInterval.log_enclose_full,transcendental-enclosure,"Rat (exact, unbounded)",53,747,9,"24-term series, ~29 halving steps, argument ~9 decimal digits",log_enclose_full,exact,0.09245317025652632,17.279443419657852,1
MathExtras.RS62Ladder.lr_lx_ub_037._native.native_decide.ax_1_1,Rs62Certificates,Rs62Certificates.RS62LadderRangeLogLeavesB,MathExtras.RS62Ladder.lr_lx_ub_037,IntervalArith.RatInterval.log_enclose_full,transcendental-enclosure,"Rat (exact, unbounded)",53,747,9,"24-term series, ~29 halving steps, argument ~9 decimal digits",log_enclose_full,exact,0.09245317025652632,17.279443419657852,1
MathExtras.RS62Ladder.lr_lx_ub_038._native.native_decide.ax_1_1,Rs62Certificates,Rs62Certificates.RS62LadderRangeLogLeavesB,MathExtras.RS62Ladder.lr_lx_ub_038,IntervalArith.RatInterval.log_enclose_full,transcendental-enclosure,"Rat (exact, unbounded)",53,747,9,"24-term series, ~29 halving steps, argument ~9 decimal digits",log_enclose_full,exact,0.09245317025652632,17.279443419657852,1
MathExtras.RS62Ladder.lr_lx_ub_039._native.native_decide.ax_1_1,Rs62Certificates,Rs62Certificates.RS62LadderRangeLogLeavesB,MathExtras.RS62Ladder.lr_lx_ub_039,IntervalArith.RatInterval.log_enclose_full,transcendental-enclosure,"Rat (exact, unbounded)",53,747,9,"24-term series, ~29 halving steps, argument ~9 decimal digits",log_enclose_full,exact,0.09245317025652632,17.279443419657852,1
MathExtras.RS62Ladder.lr_lx_ub_040._native.native_decide.ax_1_1,Rs62Certificates,Rs62Certificates.RS62LadderRangeLogLeavesB,MathExtras.RS62Ladder.lr_lx_ub_040,IntervalArith.RatInterval.log_enclose_full,transcendental-enclosure,"Rat (exact, unbounded)",53,747,9,"24-term series, ~29 halving steps, argument ~9 decimal digits",log_enclose_full,exact,0.09245317025652632,17.279443419657852,1
MathExtras.RS62Ladder.lr_lx_ub_041._native.native_decide.ax_1_1,Rs62Certificates,Rs62Certificates.RS62LadderRangeLogLeavesB,MathExtras.RS62Ladder.lr_lx_ub_041,IntervalArith.RatInterval.log_enclose_full,transcendental-enclosure,"Rat (exact, unbounded)",53,747,9,"24-term series, ~29 halving steps, argument ~9 decimal digits",log_enclose_full,exact,0.09245317025652632,17.279443419657852,1
MathExtras.RS62Ladder.lr_lx_ub_042._native.native_decide.ax_1_1,Rs62Certificates,Rs62Certificates.RS62LadderRangeLogLeavesB,MathExtras.RS62Ladder.lr_lx_ub_042,IntervalArith.RatInterval.log_enclose_full,transcendental-enclosure,"Rat (exact, unbounded)",53,747,9,"24-term series, ~29 halving steps, argument ~9 decimal digits",log_enclose_full,exact,0.09245317025652632,17.279443419657852,1
MathExtras.RS62Ladder.lr_lx_ub_043._native.native_decide.ax_1_1,Rs62Certificates,Rs62Certificates.RS62LadderRangeLogLeavesB,MathExtras.RS62Ladder.lr_lx_ub_043,IntervalArith.RatInterval.log_enclose_full,transcendental-enclosure,"Rat (exact, unbounded)",53,747,9,"24-term series, ~29 halving steps, argument ~9 decimal digits",log_enclose_full,exact,0.09245317025652632,17.279443419657852,1
MathExtras.RS62Ladder.lr_lx_ub_044._native.native_decide.ax_1_1,Rs62Certificates,Rs62Certificates.RS62LadderRangeLogLeavesB,MathExtras.RS62Ladder.lr_lx_ub_044,IntervalArith.RatInterval.log_enclose_full,transcendental-enclosure,"Rat (exact, unbounded)",53,747,9,"24-term series, ~29 halving steps, argument ~9 decimal digits",log_enclose_full,exact,0.09245317025652632,17.279443419657852,1
MathExtras.RS62Ladder.lr_lx_ub_045._native.native_decide.ax_1_1,Rs62Certificates,Rs62Certificates.RS62LadderRangeLogLeavesB,MathExtras.RS62Ladder.lr_lx_ub_045,IntervalArith.RatInterval.log_enclose_full,transcendental-enclosure,"Rat (exact, unbounded)",53,747,9,"24-term series, ~29 halving steps, argument ~9 decimal digits",log_enclose_full,exact,0.09245317025652632,17.279443419657852,1
MathExtras.RS62Ladder.lr_lx_ub_046._native.native_decide.ax_1_1,Rs62Certificates,Rs62Certificates.RS62LadderRangeLogLeavesB,MathExtras.RS62Ladder.lr_lx_ub_046,IntervalArith.RatInterval.log_enclose_full,transcendental-enclosure,"Rat (exact, unbounded)",53,747,9,"24-term series, ~29 halving steps, argument ~9 decimal digits",log_enclose_full,exact,0.09245317025652632,17.279443419657852,1
MathExtras.RS62Ladder.lr_lx_ub_047._native.native_decide.ax_1_1,Rs62Certificates,Rs62Certificates.RS62LadderRangeLogLeavesB,MathExtras.RS62Ladder.lr_lx_ub_047,IntervalArith.RatInterval.log_enclose_full,transcendental-enclosure,"Rat (exact, unbounded)",53,747,9,"24-term series, ~29 halving steps, argument ~9 decimal digits",log_enclose_full,exact,0.09245317025652632,17.279443419657852,1
MathExtras.RS62Ladder.lr_lx_ub_048._native.native_decide.ax_1_1,Rs62Certificates,Rs62Certificates.RS62LadderRangeLogLeavesB,MathExtras.RS62Ladder.lr_lx_ub_048,IntervalArith.RatInterval.log_enclose_full,transcendental-enclosure,"Rat (exact, unbounded)",53,747,9,"24-term series, ~29 halving steps, argument ~9 decimal digits",log_enclose_full,exact,0.09245317025652632,17.279443419657852,1
MathExtras.RS62Ladder.lr_lx_ub_049._native.native_decide.ax_1_1,Rs62Certificates,Rs62Certificates.RS62LadderRangeLogLeavesB,MathExtras.RS62Ladder.lr_lx_ub_049,IntervalArith.RatInterval.log_enclose_full,transcendental-enclosure,"Rat (exact, unbounded)",53,747,9,"24-term series, ~29 halving steps, argument ~9 decimal digits",log_enclose_full,exact,0.09245317025652632,17.279443419657852,1
MathExtras.RS62Ladder.lr_lx_ub_050._native.native_decide.ax_1_1,Rs62Certificates,Rs62Certificates.RS62LadderRangeLogLeavesB,MathExtras.RS62Ladder.lr_lx_ub_050,IntervalArith.RatInterval.log_enclose_full,transcendental-enclosure,"Rat (exact, unbounded)",53,747,9,"24-term series, ~29 halving steps, argument ~9 decimal digits",log_enclose_full,exact,0.09245317025652632,17.279443419657852,1
MathExtras.RS62Ladder.lr_lx_ub_051._native.native_decide.ax_1_1,Rs62Certificates,Rs62Certificates.RS62LadderRangeLogLeavesB,MathExtras.RS62Ladder.lr_lx_ub_051,IntervalArith.RatInterval.log_enclose_full,transcendental-enclosure,"Rat (exact, unbounded)",53,747,9,"24-term series, ~29 halving steps, argument ~9 decimal digits",log_enclose_full,exact,0.09245317025652632,17.279443419657852,1
MathExtras.RS62Ladder.lr_lx_ub_052._native.native_decide.ax_1_1,Rs62Certificates,Rs62Certificates.RS62LadderRangeLogLeavesB,MathExtras.RS62Ladder.lr_lx_ub_052,IntervalArith.RatInterval.log_enclose_full,transcendental-enclosure,"Rat (exact, unbounded)",53,747,9,"24-term series, ~29 halving steps, argument ~9 decimal digits",log_enclose_full,exact,0.09245317025652632,17.279443419657852,1
MathExtras.RS62Ladder.lr_lx_ub_053._native.native_decide.ax_1_1,Rs62Certificates,Rs62Certificates.RS62LadderRangeLogLeavesB,MathExtras.RS62Ladder.lr_lx_ub_053,IntervalArith.RatInterval.log_enclose_full,transcendental-enclosure,"Rat (exact, unbounded)",53,747,9,"24-term series, ~29 halving steps, argument ~9 decimal digits",log_enclose_full,exact,0.09245317025652632,17.279443419657852,1
MathExtras.RS62Ladder.lr_lx_ub_054._native.native_decide.ax_1_1,Rs62Certificates,Rs62Certificates.RS62LadderRangeLogLeavesB,MathExtras.RS62Ladder.lr_lx_ub_054,IntervalArith.RatInterval.log_enclose_full,transcendental-enclosure,"Rat (exact, unbounded)",53,747,9,"24-term series, ~29 halving steps, argument ~9 decimal digits",log_enclose_full,exact,0.09245317025652632,17.279443419657852,1
MathExtras.RS62Ladder.lr_lx_ub_055._native.native_decide.ax_1_1,Rs62Certificates,Rs62Certificates.RS62LadderRangeLogLeavesB,MathExtras.RS62Ladder.lr_lx_ub_055,IntervalArith.RatInterval.log_enclose_full,transcendental-enclosure,"Rat (exact, unbounded)",53,747,9,"24-term series, ~29 halving steps, argument ~9 decimal digits",log_enclose_full,exact,0.09245317025652632,17.279443419657852,1
MathExtras.RS62Ladder.lr_lx_ub_056._native.native_decide.ax_1_1,Rs62Certificates,Rs62Certificates.RS62LadderRangeLogLeavesB,MathExtras.RS62Ladder.lr_lx_ub_056,IntervalArith.RatInterval.log_enclose_full,transcendental-enclosure,"Rat (exact, unbounded)",53,747,9,"24-term series, ~29 halving steps, argument ~9 decimal digits",log_enclose_full,exact,0.09245317025652632,17.279443419657852,1
MathExtras.RS62Ladder.lr_lx_ub_057._native.native_decide.ax_1_1,Rs62Certificates,Rs62Certificates.RS62LadderRangeLogLeavesB,MathExtras.RS62Ladder.lr_lx_ub_057,IntervalArith.RatInterval.log_enclose_full,transcendental-enclosure,"Rat (exact, unbounded)",53,747,9,"24-term series, ~29 halving steps, argument ~9 decimal digits",log_enclose_full,exact,0.09245317025652632,17.279443419657852,1
MathExtras.RS62Ladder.lr_lx_ub_058._native.native_decide.ax_1_1,Rs62Certificates,Rs62Certificates.RS62LadderRangeLogLeavesB,MathExtras.RS62Ladder.lr_lx_ub_058,IntervalArith.RatInterval.log_enclose_full,transcendental-enclosure,"Rat (exact, unbounded)",53,747,9,"24-term series, ~29 halving steps, argument ~9 decimal digits",log_enclose_full,exact,0.09245317025652632,17.279443419657852,1
MathExtras.RS62Ladder.lr_lx_ub_059._native.native_decide.ax_1_1,Rs62Certificates,Rs62Certificates.RS62LadderRangeLogLeavesB,MathExtras.RS62Ladder.lr_lx_ub_059,IntervalArith.RatInterval.log_enclose_full,transcendental-enclosure,"Rat (exact, unbounded)",53,747,9,"24-term series, ~29 halving steps, argument ~9 decimal digits",log_enclose_full,exact,0.09245317025652632,17.279443419657852,1
MathExtras.RS62Ladder.lr_lx_ub_060._native.native_decide.ax_1_1,Rs62Certificates,Rs62Certificates.RS62LadderRangeLogLeavesB,MathExtras.RS62Ladder.lr_lx_ub_060,IntervalArith.RatInterval.log_enclose_full,transcendental-enclosure,"Rat (exact, unbounded)",53,747,9,"24-term series, ~29 halving steps, argument ~9 decimal digits",log_enclose_full,exact,0.09245317025652632,17.279443419657852,1
MathExtras.RS62Ladder.lr_lx_ub_061._native.native_decide.ax_1_1,Rs62Certificates,Rs62Certificates.RS62LadderRangeLogLeavesB,MathExtras.RS62Ladder.lr_lx_ub_061,IntervalArith.RatInterval.log_enclose_full,transcendental-enclosure,"Rat (exact, unbounded)",53,747,9,"24-term series, ~29 halving steps, argument ~9 decimal digits",log_enclose_full,exact,0.09245317025652632,17.279443419657852,1
MathExtras.RS62Ladder.lr_lx_ub_062._native.native_decide.ax_1_1,Rs62Certificates,Rs62Certificates.RS62LadderRangeLogLeavesC,MathExtras.RS62Ladder.lr_lx_ub_062,IntervalArith.RatInterval.log_enclose_full,transcendental-enclosure,"Rat (exact, unbounded)",53,747,9,"24-term series, ~29 halving steps, argument ~9 decimal digits",log_enclose_full,exact,0.09245317025652632,17.279443419657852,1
MathExtras.RS62Ladder.lr_lx_ub_063._native.native_decide.ax_1_1,Rs62Certificates,Rs62Certificates.RS62LadderRangeLogLeavesC,MathExtras.RS62Ladder.lr_lx_ub_063,IntervalArith.RatInterval.log_enclose_full,transcendental-enclosure,"Rat (exact, unbounded)",53,747,9,"24-term series, ~29 halving steps, argument ~9 decimal digits",log_enclose_full,exact,0.09245317025652632,17.279443419657852,1
MathExtras.RS62Ladder.lr_lx_ub_064._native.native_decide.ax_1_1,Rs62Certificates,Rs62Certificates.RS62LadderRangeLogLeavesC,MathExtras.RS62Ladder.lr_lx_ub_064,IntervalArith.RatInterval.log_enclose_full,transcendental-enclosure,"Rat (exact, unbounded)",53,747,9,"24-term series, ~29 halving steps, argument ~9 decimal digits",log_enclose_full,exact,0.09245317025652632,17.279443419657852,1
MathExtras.RS62Ladder.lr_lx_ub_065._native.native_decide.ax_1_1,Rs62Certificates,Rs62Certificates.RS62LadderRangeLogLeavesC,MathExtras.RS62Ladder.lr_lx_ub_065,IntervalArith.RatInterval.log_enclose_full,transcendental-enclosure,"Rat (exact, unbounded)",53,747,9,"24-term series, ~29 halving steps, argument ~9 decimal digits",log_enclose_full,exact,0.09245317025652632,17.279443419657852,1
MathExtras.RS62Ladder.lr_lx_ub_066._native.native_decide.ax_1_1,Rs62Certificates,Rs62Certificates.RS62LadderRangeLogLeavesC,MathExtras.RS62Ladder.lr_lx_ub_066,IntervalArith.RatInterval.log_enclose_full,transcendental-enclosure,"Rat (exact, unbounded)",53,747,9,"24-term series, ~29 halving steps, argument ~9 decimal digits",log_enclose_full,exact,0.09245317025652632,17.279443419657852,1
MathExtras.RS62Ladder.lr_lx_ub_067._native.native_decide.ax_1_1,Rs62Certificates,Rs62Certificates.RS62LadderRangeLogLeavesC,MathExtras.RS62Ladder.lr_lx_ub_067,IntervalArith.RatInterval.log_enclose_full,transcendental-enclosure,"Rat (exact, unbounded)",53,747,9,"24-term series, ~29 halving steps, argument ~9 decimal digits",log_enclose_full,exact,0.09245317025652632,17.279443419657852,1
MathExtras.RS62Ladder.lr_lx_ub_068._native.native_decide.ax_1_1,Rs62Certificates,Rs62Certificates.RS62LadderRangeLogLeavesC,MathExtras.RS62Ladder.lr_lx_ub_068,IntervalArith.RatInterval.log_enclose_full,transcendental-enclosure,"Rat (exact, unbounded)",53,747,9,"24-term series, ~29 halving steps, argument ~9 decimal digits",log_enclose_full,exact,0.09245317025652632,17.279443419657852,1
MathExtras.RS62Ladder.lr_lx_ub_069._native.native_decide.ax_1_1,Rs62Certificates,Rs62Certificates.RS62LadderRangeLogLeavesC,MathExtras.RS62Ladder.lr_lx_ub_069,IntervalArith.RatInterval.log_enclose_full,transcendental-enclosure,"Rat (exact, unbounded)",53,747,9,"24-term series, ~29 halving steps, argument ~9 decimal digits",log_enclose_full,exact,0.09245317025652632,17.279443419657852,1
MathExtras.RS62Ladder.lr_lx_ub_070._native.native_decide.ax_1_1,Rs62Certificates,Rs62Certificates.RS62LadderRangeLogLeavesC,MathExtras.RS62Ladder.lr_lx_ub_070,IntervalArith.RatInterval.log_enclose_full,transcendental-enclosure,"Rat (exact, unbounded)",53,747,9,"24-term series, ~29 halving steps, argument ~9 decimal digits",log_enclose_full,exact,0.09245317025652632,17.279443419657852,1
MathExtras.RS62Ladder.lr_lx_ub_071._native.native_decide.ax_1_1,Rs62Certificates,Rs62Certificates.RS62LadderRangeLogLeavesC,MathExtras.RS62Ladder.lr_lx_ub_071,IntervalArith.RatInterval.log_enclose_full,transcendental-enclosure,"Rat (exact, unbounded)",53,747,9,"24-term series, ~29 halving steps, argument ~9 decimal digits",log_enclose_full,exact,0.09245317025652632,17.279443419657852,1
MathExtras.RS62Ladder.lr_lx_ub_072._native.native_decide.ax_1_1,Rs62Certificates,Rs62Certificates.RS62LadderRangeLogLeavesC,MathExtras.RS62Ladder.lr_lx_ub_072,IntervalArith.RatInterval.log_enclose_full,transcendental-enclosure,"Rat (exact, unbounded)",53,747,9,"24-term series, ~29 halving steps, argument ~9 decimal digits",log_enclose_full,exact,0.09245317025652632,17.279443419657852,1
MathExtras.RS62Ladder.lr_lx_ub_073._native.native_decide.ax_1_1,Rs62Certificates,Rs62Certificates.RS62LadderRangeLogLeavesC,MathExtras.RS62Ladder.lr_lx_ub_073,IntervalArith.RatInterval.log_enclose_full,transcendental-enclosure,"Rat (exact, unbounded)",53,747,9,"24-term series, ~29 halving steps, argument ~9 decimal digits",log_enclose_full,exact,0.09245317025652632,17.279443419657852,1
MathExtras.RS62Ladder.lr_lx_ub_074._native.native_decide.ax_1_1,Rs62Certificates,Rs62Certificates.RS62LadderRangeLogLeavesC,MathExtras.RS62Ladder.lr_lx_ub_074,IntervalArith.RatInterval.log_enclose_full,transcendental-enclosure,"Rat (exact, unbounded)",53,747,9,"24-term series, ~29 halving steps, argument ~9 decimal digits",log_enclose_full,exact,0.09245317025652632,17.279443419657852,1
MathExtras.RS62Ladder.lr_lx_ub_075._native.native_decide.ax_1_1,Rs62Certificates,Rs62Certificates.RS62LadderRangeLogLeavesC,MathExtras.RS62Ladder.lr_lx_ub_075,IntervalArith.RatInterval.log_enclose_full,transcendental-enclosure,"Rat (exact, unbounded)",53,747,9,"24-term series, ~29 halving steps, argument ~9 decimal digits",log_enclose_full,exact,0.09245317025652632,17.279443419657852,1
MathExtras.RS62Ladder.lr_lx_ub_076._native.native_decide.ax_1_1,Rs62Certificates,Rs62Certificates.RS62LadderRangeLogLeavesC,MathExtras.RS62Ladder.lr_lx_ub_076,IntervalArith.RatInterval.log_enclose_full,transcendental-enclosure,"Rat (exact, unbounded)",53,747,9,"24-term series, ~29 halving steps, argument ~9 decimal digits",log_enclose_full,exact,0.09245317025652632,17.279443419657852,1
MathExtras.RS62Ladder.lr_lx_ub_077._native.native_decide.ax_1_1,Rs62Certificates,Rs62Certificates.RS62LadderRangeLogLeavesC,MathExtras.RS62Ladder.lr_lx_ub_077,IntervalArith.RatInterval.log_enclose_full,transcendental-enclosure,"Rat (exact, unbounded)",53,747,9,"24-term series, ~29 halving steps, argument ~9 decimal digits",log_enclose_full,exact,0.09245317025652632,17.279443419657852,1
MathExtras.RS62Ladder.lr_lx_ub_078._native.native_decide.ax_1_1,Rs62Certificates,Rs62Certificates.RS62LadderRangeLogLeavesC,MathExtras.RS62Ladder.lr_lx_ub_078,IntervalArith.RatInterval.log_enclose_full,transcendental-enclosure,"Rat (exact, unbounded)",53,747,9,"24-term series, ~29 halving steps, argument ~9 decimal digits",log_enclose_full,exact,0.09245317025652632,17.279443419657852,1
MathExtras.RS62Ladder.lr_lx_ub_079._native.native_decide.ax_1_1,Rs62Certificates,Rs62Certificates.RS62LadderRangeLogLeavesC,MathExtras.RS62Ladder.lr_lx_ub_079,IntervalArith.RatInterval.log_enclose_full,transcendental-enclosure,"Rat (exact, unbounded)",53,747,9,"24-term series, ~29 halving steps, argument ~9 decimal digits",log_enclose_full,exact,0.09245317025652632,17.279443419657852,1
MathExtras.RS62Ladder.lr_lx_ub_080._native.native_decide.ax_1_1,Rs62Certificates,Rs62Certificates.RS62LadderRangeLogLeavesC,MathExtras.RS62Ladder.lr_lx_ub_080,IntervalArith.RatInterval.log_enclose_full,transcendental-enclosure,"Rat (exact, unbounded)",53,747,9,"24-term series, ~29 halving steps, argument ~9 decimal digits",log_enclose_full,exact,0.09245317025652632,17.279443419657852,1
MathExtras.RS62Ladder.lr_lx_ub_081._native.native_decide.ax_1_1,Rs62Certificates,Rs62Certificates.RS62LadderRangeLogLeavesC,MathExtras.RS62Ladder.lr_lx_ub_081,IntervalArith.RatInterval.log_enclose_full,transcendental-enclosure,"Rat (exact, unbounded)",53,747,9,"24-term series, ~29 halving steps, argument ~9 decimal digits",log_enclose_full,exact,0.09245317025652632,17.279443419657852,1
MathExtras.RS62Ladder.lr_lx_ub_082._native.native_decide.ax_1_1,Rs62Certificates,Rs62Certificates.RS62LadderRangeLogLeavesC,MathExtras.RS62Ladder.lr_lx_ub_082,IntervalArith.RatInterval.log_enclose_full,transcendental-enclosure,"Rat (exact, unbounded)",53,747,9,"24-term series, ~29 halving steps, argument ~9 decimal digits",log_enclose_full,exact,0.09245317025652632,17.279443419657852,1
MathExtras.RS62Ladder.lr_lx_ub_083._native.native_decide.ax_1_1,Rs62Certificates,Rs62Certificates.RS62LadderRangeLogLeavesC,MathExtras.RS62Ladder.lr_lx_ub_083,IntervalArith.RatInterval.log_enclose_full,transcendental-enclosure,"Rat (exact, unbounded)",53,747,9,"24-term series, ~29 halving steps, argument ~9 decimal digits",log_enclose_full,exact,0.09245317025652632,17.279443419657852,1
MathExtras.RS62Ladder.lr_lx_ub_084._native.native_decide.ax_1_1,Rs62Certificates,Rs62Certificates.RS62LadderRangeLogLeavesC,MathExtras.RS62Ladder.lr_lx_ub_084,IntervalArith.RatInterval.log_enclose_full,transcendental-enclosure,"Rat (exact, unbounded)",53,747,9,"24-term series, ~29 halving steps, argument ~9 decimal digits",log_enclose_full,exact,0.09245317025652632,17.279443419657852,1
MathExtras.RS62Ladder.lr_lx_ub_085._native.native_decide.ax_1_1,Rs62Certificates,Rs62Certificates.RS62LadderRangeLogLeavesC,MathExtras.RS62Ladder.lr_lx_ub_085,IntervalArith.RatInterval.log_enclose_full,transcendental-enclosure,"Rat (exact, unbounded)",53,747,9,"24-term series, ~29 halving steps, argument ~9 decimal digits",log_enclose_full,exact,0.09245317025652632,17.279443419657852,1
MathExtras.RS62Ladder.lr_lx_ub_086._native.native_decide.ax_1_1,Rs62Certificates,Rs62Certificates.RS62LadderRangeLogLeavesC,MathExtras.RS62Ladder.lr_lx_ub_086,IntervalArith.RatInterval.log_enclose_full,transcendental-enclosure,"Rat (exact, unbounded)",53,747,9,"24-term series, ~29 halving steps, argument ~9 decimal digits",log_enclose_full,exact,0.09245317025652632,17.279443419657852,1
MathExtras.RS62Ladder.lr_lx_ub_087._native.native_decide.ax_1_1,Rs62Certificates,Rs62Certificates.RS62LadderRangeLogLeavesC,MathExtras.RS62Ladder.lr_lx_ub_087,IntervalArith.RatInterval.log_enclose_full,transcendental-enclosure,"Rat (exact, unbounded)",53,747,9,"24-term series, ~29 halving steps, argument ~9 decimal digits",log_enclose_full,exact,0.09245317025652632,17.279443419657852,1
MathExtras.RS62Ladder.lr_lx_ub_088._native.native_decide.ax_1_1,Rs62Certificates,Rs62Certificates.RS62LadderRangeLogLeavesC,MathExtras.RS62Ladder.lr_lx_ub_088,IntervalArith.RatInterval.log_enclose_full,transcendental-enclosure,"Rat (exact, unbounded)",53,747,9,"24-term series, ~29 halving steps, argument ~9 decimal digits",log_enclose_full,exact,0.09245317025652632,17.279443419657852,1
MathExtras.RS62Ladder.lr_lx_ub_089._native.native_decide.ax_1_1,Rs62Certificates,Rs62Certificates.RS62LadderRangeLogLeavesC,MathExtras.RS62Ladder.lr_lx_ub_089,IntervalArith.RatInterval.log_enclose_full,transcendental-enclosure,"Rat (exact, unbounded)",53,747,9,"24-term series, ~29 halving steps, argument ~9 decimal digits",log_enclose_full,exact,0.09245317025652632,17.279443419657852,1
MathExtras.RS62Ladder.lr_lx_ub_090._native.native_decide.ax_1_1,Rs62Certificates,Rs62Certificates.RS62LadderRangeLogLeavesC,MathExtras.RS62Ladder.lr_lx_ub_090,IntervalArith.RatInterval.log_enclose_full,transcendental-enclosure,"Rat (exact, unbounded)",53,747,9,"24-term series, ~29 halving steps, argument ~9 decimal digits",log_enclose_full,exact,0.09245317025652632,17.279443419657852,1
MathExtras.RS62Ladder.lr_lx_ub_091._native.native_decide.ax_1_1,Rs62Certificates,Rs62Certificates.RS62LadderRangeLogLeavesC,MathExtras.RS62Ladder.lr_lx_ub_091,IntervalArith.RatInterval.log_enclose_full,transcendental-enclosure,"Rat (exact, unbounded)",53,747,9,"24-term series, ~29 halving steps, argument ~9 decimal digits",log_enclose_full,exact,0.09245317025652632,17.279443419657852,1
MathExtras.RS62Ladder.lr_lx_ub_092._native.native_decide.ax_1_1,Rs62Certificates,Rs62Certificates.RS62LadderRangeLogLeavesD,MathExtras.RS62Ladder.lr_lx_ub_092,IntervalArith.RatInterval.log_enclose_full,transcendental-enclosure,"Rat (exact, unbounded)",53,747,9,"24-term series, ~29 halving steps, argument ~9 decimal digits",log_enclose_full,exact,0.09245317025652632,17.279443419657852,1
MathExtras.RS62Ladder.lr_lx_ub_093._native.native_decide.ax_1_1,Rs62Certificates,Rs62Certificates.RS62LadderRangeLogLeavesD,MathExtras.RS62Ladder.lr_lx_ub_093,IntervalArith.RatInterval.log_enclose_full,transcendental-enclosure,"Rat (exact, unbounded)",53,747,9,"24-term series, ~29 halving steps, argument ~9 decimal digits",log_enclose_full,exact,0.09245317025652632,17.279443419657852,1
MathExtras.RS62Ladder.lr_lx_ub_094._native.native_decide.ax_1_1,Rs62Certificates,Rs62Certificates.RS62LadderRangeLogLeavesD,MathExtras.RS62Ladder.lr_lx_ub_094,IntervalArith.RatInterval.log_enclose_full,transcendental-enclosure,"Rat (exact, unbounded)",53,747,9,"24-term series, ~29 halving steps, argument ~9 decimal digits",log_enclose_full,exact,0.09245317025652632,17.279443419657852,1
MathExtras.RS62Ladder.lr_lx_ub_095._native.native_decide.ax_1_1,Rs62Certificates,Rs62Certificates.RS62LadderRangeLogLeavesD,MathExtras.RS62Ladder.lr_lx_ub_095,IntervalArith.RatInterval.log_enclose_full,transcendental-enclosure,"Rat (exact, unbounded)",53,747,9,"24-term series, ~29 halving steps, argument ~9 decimal digits",log_enclose_full,exact,0.09245317025652632,17.279443419657852,1
MathExtras.RS62Ladder.lr_lx_ub_096._native.native_decide.ax_1_1,Rs62Certificates,Rs62Certificates.RS62LadderRangeLogLeavesD,MathExtras.RS62Ladder.lr_lx_ub_096,IntervalArith.RatInterval.log_enclose_full,transcendental-enclosure,"Rat (exact, unbounded)",53,747,9,"24-term series, ~29 halving steps, argument ~9 decimal digits",log_enclose_full,exact,0.09245317025652632,17.279443419657852,1
MathExtras.RS62Ladder.lr_lx_ub_097._native.native_decide.ax_1_1,Rs62Certificates,Rs62Certificates.RS62LadderRangeLogLeavesD,MathExtras.RS62Ladder.lr_lx_ub_097,IntervalArith.RatInterval.log_enclose_full,transcendental-enclosure,"Rat (exact, unbounded)",53,747,9,"24-term series, ~29 halving steps, argument ~9 decimal digits",log_enclose_full,exact,0.09245317025652632,17.279443419657852,1
MathExtras.RS62Ladder.lr_lx_ub_098._native.native_decide.ax_1_1,Rs62Certificates,Rs62Certificates.RS62LadderRangeLogLeavesD,MathExtras.RS62Ladder.lr_lx_ub_098,IntervalArith.RatInterval.log_enclose_full,transcendental-enclosure,"Rat (exact, unbounded)",53,747,9,"24-term series, ~29 halving steps, argument ~9 decimal digits",log_enclose_full,exact,0.09245317025652632,17.279443419657852,1
MathExtras.RS62Ladder.lr_lx_ub_099._native.native_decide.ax_1_1,Rs62Certificates,Rs62Certificates.RS62LadderRangeLogLeavesD,MathExtras.RS62Ladder.lr_lx_ub_099,IntervalArith.RatInterval.log_enclose_full,transcendental-enclosure,"Rat (exact, unbounded)",53,747,9,"24-term series, ~29 halving steps, argument ~9 decimal digits",log_enclose_full,exact,0.09245317025652632,17.279443419657852,1
MathExtras.RS62Ladder.lr_lx_ub_100._native.native_decide.ax_1_1,Rs62Certificates,Rs62Certificates.RS62LadderRangeLogLeavesD,MathExtras.RS62Ladder.lr_lx_ub_100,IntervalArith.RatInterval.log_enclose_full,transcendental-enclosure,"Rat (exact, unbounded)",53,747,9,"24-term series, ~29 halving steps, argument ~9 decimal digits",log_enclose_full,exact,0.09245317025652632,17.279443419657852,1
MathExtras.RS62Ladder.lr_lx_ub_101._native.native_decide.ax_1_1,Rs62Certificates,Rs62Certificates.RS62LadderRangeLogLeavesD,MathExtras.RS62Ladder.lr_lx_ub_101,IntervalArith.RatInterval.log_enclose_full,transcendental-enclosure,"Rat (exact, unbounded)",53,747,9,"24-term series, ~29 halving steps, argument ~9 decimal digits",log_enclose_full,exact,0.09245317025652632,17.279443419657852,1
MathExtras.RS62Ladder.lr_lx_ub_102._native.native_decide.ax_1_1,Rs62Certificates,Rs62Certificates.RS62LadderRangeLogLeavesD,MathExtras.RS62Ladder.lr_lx_ub_102,IntervalArith.RatInterval.log_enclose_full,transcendental-enclosure,"Rat (exact, unbounded)",53,747,9,"24-term series, ~29 halving steps, argument ~9 decimal digits",log_enclose_full,exact,0.09245317025652632,17.279443419657852,1
MathExtras.RS62Ladder.lr_lx_ub_103._native.native_decide.ax_1_1,Rs62Certificates,Rs62Certificates.RS62LadderRangeLogLeavesD,MathExtras.RS62Ladder.lr_lx_ub_103,IntervalArith.RatInterval.log_enclose_full,transcendental-enclosure,"Rat (exact, unbounded)",53,747,9,"24-term series, ~29 halving steps, argument ~9 decimal digits",log_enclose_full,exact,0.09245317025652632,17.279443419657852,1
MathExtras.RS62Ladder.lr_lx_ub_104._native.native_decide.ax_1_1,Rs62Certificates,Rs62Certificates.RS62LadderRangeLogLeavesD,MathExtras.RS62Ladder.lr_lx_ub_104,IntervalArith.RatInterval.log_enclose_full,transcendental-enclosure,"Rat (exact, unbounded)",53,747,9,"24-term series, ~29 halving steps, argument ~9 decimal digits",log_enclose_full,exact,0.09245317025652632,17.279443419657852,1
MathExtras.RS62Ladder.lr_lx_ub_105._native.native_decide.ax_1_1,Rs62Certificates,Rs62Certificates.RS62LadderRangeLogLeavesD,MathExtras.RS62Ladder.lr_lx_ub_105,IntervalArith.RatInterval.log_enclose_full,transcendental-enclosure,"Rat (exact, unbounded)",53,747,9,"24-term series, ~29 halving steps, argument ~9 decimal digits",log_enclose_full,exact,0.09245317025652632,17.279443419657852,1
MathExtras.RS62Ladder.lr_lx_ub_106._native.native_decide.ax_1_1,Rs62Certificates,Rs62Certificates.RS62LadderRangeLogLeavesD,MathExtras.RS62Ladder.lr_lx_ub_106,IntervalArith.RatInterval.log_enclose_full,transcendental-enclosure,"Rat (exact, unbounded)",53,747,9,"24-term series, ~29 halving steps, argument ~9 decimal digits",log_enclose_full,exact,0.09245317025652632,17.279443419657852,1
MathExtras.RS62Ladder.lr_lx_ub_107._native.native_decide.ax_1_1,Rs62Certificates,Rs62Certificates.RS62LadderRangeLogLeavesD,MathExtras.RS62Ladder.lr_lx_ub_107,IntervalArith.RatInterval.log_enclose_full,transcendental-enclosure,"Rat (exact, unbounded)",53,747,9,"24-term series, ~29 halving steps, argument ~9 decimal digits",log_enclose_full,exact,0.09245317025652632,17.279443419657852,1
MathExtras.RS62Ladder.lr_lx_ub_108._native.native_decide.ax_1_1,Rs62Certificates,Rs62Certificates.RS62LadderRangeLogLeavesD,MathExtras.RS62Ladder.lr_lx_ub_108,IntervalArith.RatInterval.log_enclose_full,transcendental-enclosure,"Rat (exact, unbounded)",53,747,9,"24-term series, ~29 halving steps, argument ~9 decimal digits",log_enclose_full,exact,0.09245317025652632,17.279443419657852,1
MathExtras.RS62Ladder.lr_lx_ub_109._native.native_decide.ax_1_1,Rs62Certificates,Rs62Certificates.RS62LadderRangeLogLeavesD,MathExtras.RS62Ladder.lr_lx_ub_109,IntervalArith.RatInterval.log_enclose_full,transcendental-enclosure,"Rat (exact, unbounded)",53,747,9,"24-term series, ~29 halving steps, argument ~9 decimal digits",log_enclose_full,exact,0.09245317025652632,17.279443419657852,1
MathExtras.RS62Ladder.lr_lx_ub_110._native.native_decide.ax_1_1,Rs62Certificates,Rs62Certificates.RS62LadderRangeLogLeavesD,MathExtras.RS62Ladder.lr_lx_ub_110,IntervalArith.RatInterval.log_enclose_full,transcendental-enclosure,"Rat (exact, unbounded)",53,747,9,"24-term series, ~29 halving steps, argument ~9 decimal digits",log_enclose_full,exact,0.09245317025652632,17.279443419657852,1
MathExtras.RS62Ladder.lr_lx_ub_111._native.native_decide.ax_1_1,Rs62Certificates,Rs62Certificates.RS62LadderRangeLogLeavesD,MathExtras.RS62Ladder.lr_lx_ub_111,IntervalArith.RatInterval.log_enclose_full,transcendental-enclosure,"Rat (exact, unbounded)",53,747,9,"24-term series, ~29 halving steps, argument ~9 decimal digits",log_enclose_full,exact,0.09245317025652632,17.279443419657852,1
MathExtras.RS62Ladder.lr_lx_ub_112._native.native_decide.ax_1_1,Rs62Certificates,Rs62Certificates.RS62LadderRangeLogLeavesD,MathExtras.RS62Ladder.lr_lx_ub_112,IntervalArith.RatInterval.log_enclose_full,transcendental-enclosure,"Rat (exact, unbounded)",53,747,9,"24-term series, ~29 halving steps, argument ~9 decimal digits",log_enclose_full,exact,0.09245317025652632,17.279443419657852,1
MathExtras.RS62Ladder.lr_lx_ub_113._native.native_decide.ax_1_1,Rs62Certificates,Rs62Certificates.RS62LadderRangeLogLeavesD,MathExtras.RS62Ladder.lr_lx_ub_113,IntervalArith.RatInterval.log_enclose_full,transcendental-enclosure,"Rat (exact, unbounded)",53,747,9,"24-term series, ~29 halving steps, argument ~9 decimal digits",log_enclose_full,exact,0.09245317025652632,17.279443419657852,1
MathExtras.RS62Ladder.lr_lx_ub_114._native.native_decide.ax_1_1,Rs62Certificates,Rs62Certificates.RS62LadderRangeLogLeavesD,MathExtras.RS62Ladder.lr_lx_ub_114,IntervalArith.RatInterval.log_enclose_full,transcendental-enclosure,"Rat (exact, unbounded)",53,747,9,"24-term series, ~29 halving steps, argument ~9 decimal digits",log_enclose_full,exact,0.09245317025652632,17.279443419657852,1
MathExtras.RS62Ladder.lr_lx_ub_115._native.native_decide.ax_1_1,Rs62Certificates,Rs62Certificates.RS62LadderRangeLogLeavesD,MathExtras.RS62Ladder.lr_lx_ub_115,IntervalArith.RatInterval.log_enclose_full,transcendental-enclosure,"Rat (exact, unbounded)",53,747,9,"24-term series, ~29 halving steps, argument ~9 decimal digits",log_enclose_full,exact,0.09245317025652632,17.279443419657852,1
MathExtras.RS62Ladder.lr_lx_ub_116._native.native_decide.ax_1_1,Rs62Certificates,Rs62Certificates.RS62LadderRangeLogLeavesD,MathExtras.RS62Ladder.lr_lx_ub_116,IntervalArith.RatInterval.log_enclose_full,transcendental-enclosure,"Rat (exact, unbounded)",53,747,9,"24-term series, ~29 halving steps, argument ~9 decimal digits",log_enclose_full,exact,0.09245317025652632,17.279443419657852,1
MathExtras.RS62Ladder.lr_lx_ub_117._native.native_decide.ax_1_1,Rs62Certificates,Rs62Certificates.RS62LadderRangeLogLeavesD,MathExtras.RS62Ladder.lr_lx_ub_117,IntervalArith.RatInterval.log_enclose_full,transcendental-enclosure,"Rat (exact, unbounded)",53,747,9,"24-term series, ~29 halving steps, argument ~9 decimal digits",log_enclose_full,exact,0.09245317025652632,17.279443419657852,1
MathExtras.RS62Ladder.lr_lx_ub_118._native.native_decide.ax_1_1,Rs62Certificates,Rs62Certificates.RS62LadderRangeLogLeavesD,MathExtras.RS62Ladder.lr_lx_ub_118,IntervalArith.RatInterval.log_enclose_full,transcendental-enclosure,"Rat (exact, unbounded)",53,747,9,"24-term series, ~29 halving steps, argument ~9 decimal digits",log_enclose_full,exact,0.09245317025652632,17.279443419657852,1
MathExtras.RS62Ladder.lr_lx_ub_119._native.native_decide.ax_1_1,Rs62Certificates,Rs62Certificates.RS62LadderRangeLogLeavesD,MathExtras.RS62Ladder.lr_lx_ub_119,IntervalArith.RatInterval.log_enclose_full,transcendental-enclosure,"Rat (exact, unbounded)",53,747,9,"24-term series, ~29 halving steps, argument ~9 decimal digits",log_enclose_full,exact,0.09245317025652632,17.279443419657852,1
MathExtras.RS62Ladder.lr_lx_ub_120._native.native_decide.ax_1_1,Rs62Certificates,Rs62Certificates.RS62LadderRangeLogLeavesD,MathExtras.RS62Ladder.lr_lx_ub_120,IntervalArith.RatInterval.log_enclose_full,transcendental-enclosure,"Rat (exact, unbounded)",53,747,9,"24-term series, ~29 halving steps, argument ~9 decimal digits",log_enclose_full,exact,0.09245317025652632,17.279443419657852,1
MathExtras.RS62Ladder.s314_primorial._native.native_decide.ax_1_1,Rs62Certificates,Rs62Certificates.RS62Ladder314Leaves,MathExtras.RS62Ladder.s314_primorial,(named constants only),fixed-expression,Rat/RatInterval,1,,843,constant-depth comparison of named constants,CONSTANT,"constant depth, below measurement resolution",0.1,10.0,1
MathExtras.RS62Ladder.s410_prodD._native.native_decide.ax_1_1,Rs62Certificates,Rs62Certificates.RS62Ladder410Seeds,MathExtras.RS62Ladder.s410_prodD,(named constants only),fixed-expression,Rat/RatInterval,1,,43287,constant-depth comparison of named constants,CONSTANT,"constant depth, below measurement resolution",0.1,10.0,1
MathExtras.RS62Ladder.s410_prodN._native.native_decide.ax_1_1,Rs62Certificates,Rs62Certificates.RS62Ladder410Seeds,MathExtras.RS62Ladder.s410_prodN,(named constants only),fixed-expression,Rat/RatInterval,1,,43288,constant-depth comparison of named constants,CONSTANT,"constant depth, below measurement resolution",0.1,10.0,1
MathExtras.RS62MertensFirst.full_run_nonempty._native.native_decide.ax_1_1,Rs62Certificates,Rs62Certificates.RS62MertensFirstFull,MathExtras.RS62MertensFirst.full_run_nonempty,MathExtras.RS62MertensFirst.loop,linear-fold-sieve,Nat (2^48 fixed point),10000000,,8,"exact fuel from the atom: 10,000,000 iterations",rs62_loopE,exact,16082.7708541843,8000.0,268
TGNativeCertificates.CDEMMertens.shard_0_1000000._native.native_decide.ax_1_1,TGNativeCertificates,TGNativeCertificates.CDEMMertensCert0,TGNativeCertificates.CDEMMertens.shard_0_1000000,TGNativeCertificates.CDEMMertens.rangeSweep,linear-fold-sieve,Int (|M| < 1000),1000000,,7,"exact fuel from the atom: 1,000,000 iterations",cdem_rangeSweep,exact,1604.6213859317886,8000.0,31
TGNativeCertificates.CDEMMertens.shard_1000000_2000000._native.native_decide.ax_1_1,TGNativeCertificates,TGNativeCertificates.CDEMMertensCert1,TGNativeCertificates.CDEMMertens.shard_1000000_2000000,TGNativeCertificates.CDEMMertens.rangeSweep,linear-fold-sieve,Int (|M| < 1000),1000000,,7,"exact fuel from the atom: 1,000,000 iterations",cdem_rangeSweep,exact,1604.6213859317886,8000.0,31
TGNativeCertificates.CDEMMertens.shard_2000000_lower._native.native_decide.ax_1_1,TGNativeCertificates,TGNativeCertificates.CDEMMertensCert2,TGNativeCertificates.CDEMMertens.shard_2000000_lower,TGNativeCertificates.CDEMMertens.rangeSweep,linear-fold-sieve,Int (|M| < 1000),160535,,7,"exact fuel from the atom: 160,535 iterations",cdem_rangeSweep,exact,258.8099009567401,8000.0,5
TGNativeCertificates.CDEMMertens.shard_3000000_4000000._native.native_decide.ax_1_1,TGNativeCertificates,TGNativeCertificates.CDEMMertensCert4,TGNativeCertificates.CDEMMertens.shard_3000000_4000000,TGNativeCertificates.CDEMMertens.rangeSweep,linear-fold-sieve,Int (|M| < 1000),1000000,,7,"exact fuel from the atom: 1,000,000 iterations",cdem_rangeSweep,exact,1604.6213859317886,8000.0,31
TGNativeCertificates.CDEMMertens.shard_4000000_5000000._native.native_decide.ax_1_1,TGNativeCertificates,TGNativeCertificates.CDEMMertensCert5,TGNativeCertificates.CDEMMertens.shard_4000000_5000000,TGNativeCertificates.CDEMMertens.rangeSweep,linear-fold-sieve,Int (|M| < 1000),1000000,,7,"exact fuel from the atom: 1,000,000 iterations",cdem_rangeSweep,exact,1604.6213859317886,8000.0,31
TGNativeCertificates.CDEMMertens.shard_5000000_6000000._native.native_decide.ax_1_1,TGNativeCertificates,TGNativeCertificates.CDEMMertensCert6,TGNativeCertificates.CDEMMertens.shard_5000000_6000000,TGNativeCertificates.CDEMMertens.rangeSweep,linear-fold-sieve,Int (|M| < 1000),1000000,,7,"exact fuel from the atom: 1,000,000 iterations",cdem_rangeSweep,exact,1604.6213859317886,8000.0,31
TGNativeCertificates.CDEMMertens.shard_6000000_upper._native.native_decide.ax_1_1,TGNativeCertificates,TGNativeCertificates.CDEMMertensCert7,TGNativeCertificates.CDEMMertens.shard_6000000_upper,TGNativeCertificates.CDEMMertens.rangeSweep,linear-fold-sieve,Int (|M| < 1000),155336,,7,"exact fuel from the atom: 155,336 iterations",cdem_rangeSweep,exact,258.8099009567401,8000.0,5
TGNativeCertificates.CDEMMertens.shard_lower_3000000._native.native_decide.ax_1_1,TGNativeCertificates,TGNativeCertificates.CDEMMertensCert3,TGNativeCertificates.CDEMMertens.shard_lower_3000000,TGNativeCertificates.CDEMMertens.rangeSweep,linear-fold-sieve,Int (|M| < 1000),839465,,7,"exact fuel from the atom: 839,465 iterations",cdem_rangeSweep,exact,1345.8114849750486,8000.0,26
TGNativeCertificates.CDEMTablePrefix.checkPrefixFields_passes._native.native_decide.ax_1_1,TGNativeCertificates,TGNativeCertificates.CDEMTablePrefixCert,TGNativeCertificates.CDEMTablePrefix.checkPrefixFields_passes,TGNativeCertificates.CDEMTablePrefixEngine.checkPrefixFields,linear-fold-rat,Int/Nat at 10^30,996650,,0,five folds over d <= 199330,chebyshev_psi,"proxy, LOWER BOUND: exact-Rat folds also suffer denominator growth",7610.3829682363585,8000.0,134
TGNativeCertificates.PrimeLogSquare219.check_prime_log_square_2_19_full._native.native_decide.ax_1_1,TGNativeCertificates,TGNativeCertificates.PrimeLogSquare219Cert,TGNativeCertificates.PrimeLogSquare219.check_prime_log_square_2_19_full,TGNativeCertificates.PrimeLogSquare219.checkPrimeLogSquareTable,table-streaming,Nat,1517397,,7,factorTable bound + five log/prefix states,,no kernel route: needs an Array Nat of length >= 1.5e6,,,
TGNativeCertificates.Ramare.Finite100M.check_first_mertens_100m_full._native.native_decide.ax_1_1,TGNativeCertificates.Ramare,TGNativeCertificates.Ramare.Finite100MCert,TGNativeCertificates.Ramare.Finite100M.check_first_mertens_100m_full,TGNativeCertificates.Ramare.Finite100M.checkFirstMertens100M,table-streaming,Nat (2^48 fixed point),100000000,,0,Array Nat of length 10^8,,no kernel route: needs an Array Nat of length >= 1.5e6,,,
TGNativeCertificates.Ramare.Lemma71.check_lemma71_100m_full._native.native_decide.ax_1_1,TGNativeCertificates.Ramare,TGNativeCertificates.Ramare.Lemma71Cert,TGNativeCertificates.Ramare.Lemma71.check_lemma71_100m_full,TGNativeCertificates.Ramare.Lemma71.checkLemma71_100M,table-streaming,Nat/Int (2^48),100000000,,0,Array Nat of length 10^8,,no kernel route: needs an Array Nat of length >= 1.5e6,,,
TGNativeCertificates.Ramare.MStar140MCert.full_run._native.native_decide.ax_1_1,TGNativeCertificates.Ramare,TGNativeCertificates.Ramare.MStar140MCert,TGNativeCertificates.Ramare.MStar140MCert.full_run,TGNativeCertificates.Ramare.MStar140MEngine.checkLimit,table-streaming,Nat/Int (2^48),140000000,,9,four Arrays of length 1.4*10^8,,no kernel route: needs an Array Nat of length >= 1.5e6,,,
TGNativeCertificates.WeightedMoment217.check_weighted_moment_2_17_full._native.native_decide.ax_1_1,TGNativeCertificates,TGNativeCertificates.WeightedMoment217Cert,TGNativeCertificates.WeightedMoment217.check_weighted_moment_2_17_full,TGNativeCertificates.WeightedMoment217.checkWeightedMomentTable,table-streaming,Nat (acc ~ 2^110),19000000,,8,factorTable 1.9*10^7,,no kernel route: needs an Array Nat of length >= 1.5e6,,,
Vinogradov.sieveCheck_sieveN₀._native.native_decide.ax_1_1,MathExtras.NumberTheory.Vinogradov,MathExtras.NumberTheory.Vinogradov.SingularSeriesC17SieveCapstone,Vinogradov.sieveCheck_sieveN₀,(named constants only),fixed-expression,Rat/RatInterval,1,,7,constant-depth comparison of named constants,CONSTANT,"constant depth, below measurement resolution",0.1,10.0,1
_private.Math.Problems.TernaryGoldbach.MinorArcs.Chapter14.PaperEq1314EnvelopeAggregationCore.0.Math.Problems.TernaryGoldbach.eq1314_a_small_of_cuberoot._native.native_decide.ax_1_1,Math.Problems.TernaryGoldbach.MinorArcs.Chapter14,Math.Problems.TernaryGoldbach.MinorArcs.Chapter14.PaperEq1314EnvelopeAggregationCore,_private.Math.Problems.TernaryGoldbach.MinorArcs.Chapter14.PaperEq1314EnvelopeAggregationCore.0.Math.Problems.TernaryGoldbach.eq1314_a_small_of_cuberoot,IntervalArith.RatInterval.log_enclose_full,transcendental-enclosure,"Rat (exact, unbounded)",40,1660,5,"99-term series, ~16 halving steps, argument ~5 decimal digits",log_enclose_full,exact,0.0855992952633239,12.851506359318424,1
_private.Math.Problems.TernaryGoldbach.MinorArcs.Chapter14.PaperEq1314EnvelopeAggregationCore.0.Math.Problems.TernaryGoldbach.eq1314_a_small_of_cuberoot._native.native_decide.ax_1_2,Math.Problems.TernaryGoldbach.MinorArcs.Chapter14,Math.Problems.TernaryGoldbach.MinorArcs.Chapter14.PaperEq1314EnvelopeAggregationCore,_private.Math.Problems.TernaryGoldbach.MinorArcs.Chapter14.PaperEq1314EnvelopeAggregationCore.0.Math.Problems.TernaryGoldbach.eq1314_a_small_of_cuberoot,IntervalArith.RatInterval.log_enclose_full,transcendental-enclosure,"Rat (exact, unbounded)",37,332,4,"24-term series, ~13 halving steps, argument ~4 decimal digits",log_enclose_full,exact,0.08413375641761717,11.48530090547995,1
_private.Math.Problems.TernaryGoldbach.MinorArcs.Chapter14.PaperEq1314EnvelopeAggregationCore.0.Math.Problems.TernaryGoldbach.eq1314_a_small_of_cuberoot._native.native_decide.ax_1_3,Math.Problems.TernaryGoldbach.MinorArcs.Chapter14,Math.Problems.TernaryGoldbach.MinorArcs.Chapter14.PaperEq1314EnvelopeAggregationCore,_private.Math.Problems.TernaryGoldbach.MinorArcs.Chapter14.PaperEq1314EnvelopeAggregationCore.0.Math.Problems.TernaryGoldbach.eq1314_a_small_of_cuberoot,IntervalArith.RatInterval.log_enclose_full,transcendental-enclosure,"Rat (exact, unbounded)",40,415,5,"24-term series, ~16 halving steps, argument ~5 decimal digits",log_enclose_full,exact,0.0855992952633239,12.851506359318424,1
_private.Math.Problems.TernaryGoldbach.MinorArcs.Chapter14.PaperEq1314EnvelopeAggregationCore.0.Math.Problems.TernaryGoldbach.eq1314_a_small_of_cuberoot._native.native_decide.ax_1_4,Math.Problems.TernaryGoldbach.MinorArcs.Chapter14,Math.Problems.TernaryGoldbach.MinorArcs.Chapter14.PaperEq1314EnvelopeAggregationCore,_private.Math.Problems.TernaryGoldbach.MinorArcs.Chapter14.PaperEq1314EnvelopeAggregationCore.0.Math.Problems.TernaryGoldbach.eq1314_a_small_of_cuberoot,IntervalArith.RatInterval.log_enclose_full,transcendental-enclosure,"Rat (exact, unbounded)",37,332,4,"24-term series, ~13 halving steps, argument ~4 decimal digits",log_enclose_full,exact,0.08413375641761717,11.48530090547995,1
_private.Math.Problems.TernaryGoldbach.MinorArcs.Chapter14.PaperEq1314EnvelopeAggregationCore.0.Math.Problems.TernaryGoldbach.eq1314_a_small_of_cuberoot._native.native_decide.ax_1_5,Math.Problems.TernaryGoldbach.MinorArcs.Chapter14,Math.Problems.TernaryGoldbach.MinorArcs.Chapter14.PaperEq1314EnvelopeAggregationCore,_private.Math.Problems.TernaryGoldbach.MinorArcs.Chapter14.PaperEq1314EnvelopeAggregationCore.0.Math.Problems.TernaryGoldbach.eq1314_a_small_of_cuberoot,IntervalArith.RatInterval.log_enclose_full,transcendental-enclosure,"Rat (exact, unbounded)",43,498,6,"24-term series, ~19 halving steps, argument ~6 decimal digits",log_enclose_full,exact,0.08717484302738358,14.087569242207328,1
_private.Math.Problems.TernaryGoldbach.MinorArcs.Chapter14.PaperEq1314EnvelopeAggregationCore.0.Math.Problems.TernaryGoldbach.eq1314_a_small_of_cuberoot._native.native_decide.ax_1_6,Math.Problems.TernaryGoldbach.MinorArcs.Chapter14,Math.Problems.TernaryGoldbach.MinorArcs.Chapter14.PaperEq1314EnvelopeAggregationCore,_private.Math.Problems.TernaryGoldbach.MinorArcs.Chapter14.PaperEq1314EnvelopeAggregationCore.0.Math.Problems.TernaryGoldbach.eq1314_a_small_of_cuberoot,IntervalArith.RatInterval.log_enclose_full,transcendental-enclosure,"Rat (exact, unbounded)",37,332,4,"24-term series, ~13 halving steps, argument ~4 decimal digits",log_enclose_full,exact,0.08413375641761717,11.48530090547995,1
_private.Math.Problems.TernaryGoldbach.MinorArcs.Chapter14.PaperEq1314EnvelopeAggregationCore.0.Math.Problems.TernaryGoldbach.eq1314_a_small_of_cuberoot._native.native_decide.ax_1_7,Math.Problems.TernaryGoldbach.MinorArcs.Chapter14,Math.Problems.TernaryGoldbach.MinorArcs.Chapter14.PaperEq1314EnvelopeAggregationCore,_private.Math.Problems.TernaryGoldbach.MinorArcs.Chapter14.PaperEq1314EnvelopeAggregationCore.0.Math.Problems.TernaryGoldbach.eq1314_a_small_of_cuberoot,IntervalArith.RatInterval.log_enclose_full,transcendental-enclosure,"Rat (exact, unbounded)",37,1594,4,"119-term series, ~13 halving steps, argument ~4 decimal digits",log_enclose_full,exact,0.08413375641761717,11.48530090547995,1
_private.Math.Problems.TernaryGoldbach.MinorArcs.Chapter14.PaperEq1314EnvelopeAggregationCore.0.Math.Problems.TernaryGoldbach.eq1314_a_small_of_cuberoot._native.native_decide.ax_1_8,Math.Problems.TernaryGoldbach.MinorArcs.Chapter14,Math.Problems.TernaryGoldbach.MinorArcs.Chapter14.PaperEq1314EnvelopeAggregationCore,_private.Math.Problems.TernaryGoldbach.MinorArcs.Chapter14.PaperEq1314EnvelopeAggregationCore.0.Math.Problems.TernaryGoldbach.eq1314_a_small_of_cuberoot,IntervalArith.RatInterval.log_enclose_full,transcendental-enclosure,"Rat (exact, unbounded)",40,415,5,"24-term series, ~16 halving steps, argument ~5 decimal digits",log_enclose_full,exact,0.0855992952633239,12.851506359318424,1
_private.Math.Problems.TernaryGoldbach.MinorArcs.Chapter14.PaperEq1314SmallQHighCrossoverPlattSplit.0.Math.Problems.TernaryGoldbach.Eq1314SmallQHighCrossoverPlattSplit.endpointHighInitialCertificate_holds._native.native_decide.ax_1_1,Math.Problems.TernaryGoldbach.MinorArcs.Chapter14,Math.Problems.TernaryGoldbach.MinorArcs.Chapter14.PaperEq1314SmallQHighCrossoverPlattSplit,_private.Math.Problems.TernaryGoldbach.MinorArcs.Chapter14.PaperEq1314SmallQHighCrossoverPlattSplit.0.Math.Problems.TernaryGoldbach.Eq1314SmallQHighCrossoverPlattSplit.endpointHighInitialCertificate_holds,MathExtras.Helfgott.MinorSection51Pieces.BandIntervalExpr.evalInterval,bisection-tree,"RatInterval (exp/log/sqrt nodes, no rounding)",70,,2,"20-40 transcendental nodes per cell, no subtree sharing",log_enclose_full,proxy: each cell priced as its transcendental nodes,0.16559074864507328,19.87207428373096,1
_private.Math.Problems.TernaryGoldbach.MinorArcs.Chapter14.PaperEq1314SmallQHighCrossoverPlattSplit.0.Math.Problems.TernaryGoldbach.Eq1314SmallQHighCrossoverPlattSplit.endpointHighMiddleCertificate_holds._native.native_decide.ax_1_1,Math.Problems.TernaryGoldbach.MinorArcs.Chapter14,Math.Problems.TernaryGoldbach.MinorArcs.Chapter14.PaperEq1314SmallQHighCrossoverPlattSplit,_private.Math.Problems.TernaryGoldbach.MinorArcs.Chapter14.PaperEq1314SmallQHighCrossoverPlattSplit.0.Math.Problems.TernaryGoldbach.Eq1314SmallQHighCrossoverPlattSplit.endpointHighMiddleCertificate_holds,MathExtras.Helfgott.MinorSection51Pieces.BandIntervalExpr.evalInterval,bisection-tree,"RatInterval (exp/log/sqrt nodes, no rounding)",120,,3,"20-40 transcendental nodes per cell, no subtree sharing",log_enclose_full,proxy: each cell priced as its transcendental nodes,0.33118149729014656,39.74414856746192,1
_private.Math.Problems.TernaryGoldbach.MinorArcs.Chapter14.PaperEq1314SmallQHighCrossoverPlattSplit.0.Math.Problems.TernaryGoldbach.Eq1314SmallQHighCrossoverPlattSplit.endpointHighNearCertificate_holds._native.native_decide.ax_1_1,Math.Problems.TernaryGoldbach.MinorArcs.Chapter14,Math.Problems.TernaryGoldbach.MinorArcs.Chapter14.PaperEq1314SmallQHighCrossoverPlattSplit,_private.Math.Problems.TernaryGoldbach.MinorArcs.Chapter14.PaperEq1314SmallQHighCrossoverPlattSplit.0.Math.Problems.TernaryGoldbach.Eq1314SmallQHighCrossoverPlattSplit.endpointHighNearCertificate_holds,MathExtras.Helfgott.MinorSection51Pieces.BandIntervalExpr.evalInterval,bisection-tree,"RatInterval (exp/log/sqrt nodes, no rounding)",82,,2,"20-40 transcendental nodes per cell, no subtree sharing",log_enclose_full,proxy: each cell priced as its transcendental nodes,0.16559074864507328,19.87207428373096,1
_private.Math.Problems.TernaryGoldbach.MinorArcs.Chapter14.PaperEq1314SmallQHighCrossoverPlattSplit.0.Math.Problems.TernaryGoldbach.Eq1314SmallQHighCrossoverPlattSplit.endpointHighTailCertificate_holds._native.native_decide.ax_1_1,Math.Problems.TernaryGoldbach.MinorArcs.Chapter14,Math.Problems.TernaryGoldbach.MinorArcs.Chapter14.PaperEq1314SmallQHighCrossoverPlattSplit,_private.Math.Problems.TernaryGoldbach.MinorArcs.Chapter14.PaperEq1314SmallQHighCrossoverPlattSplit.0.Math.Problems.TernaryGoldbach.Eq1314SmallQHighCrossoverPlattSplit.endpointHighTailCertificate_holds,MathExtras.Helfgott.MinorSection51Pieces.BandIntervalExpr.evalInterval,bisection-tree,"RatInterval (exp/log/sqrt nodes, no rounding)",120,,3,"20-40 transcendental nodes per cell, no subtree sharing",log_enclose_full,proxy: each cell priced as its transcendental nodes,0.33118149729014656,39.74414856746192,1
_private.Math.Problems.TernaryGoldbach.MinorArcs.Chapter14.PaperEq1314SmallQHighCrossoverPlattSplit.0.Math.Problems.TernaryGoldbach.Eq1314SmallQHighCrossoverPlattSplit.endpointLowNearCertificate_holds._native.native_decide.ax_1_1,Math.Problems.TernaryGoldbach.MinorArcs.Chapter14,Math.Problems.TernaryGoldbach.MinorArcs.Chapter14.PaperEq1314SmallQHighCrossoverPlattSplit,_private.Math.Problems.TernaryGoldbach.MinorArcs.Chapter14.PaperEq1314SmallQHighCrossoverPlattSplit.0.Math.Problems.TernaryGoldbach.Eq1314SmallQHighCrossoverPlattSplit.endpointLowNearCertificate_holds,MathExtras.Helfgott.MinorSection51Pieces.BandIntervalExpr.evalInterval,bisection-tree,"RatInterval (exp/log/sqrt nodes, no rounding)",68,,2,"20-40 transcendental nodes per cell, no subtree sharing",log_enclose_full,proxy: each cell priced as its transcendental nodes,0.16559074864507328,19.87207428373096,1
_private.Math.Problems.TernaryGoldbach.MinorArcs.Chapter14.PaperEq1314SmallQHighCrossoverPlattSplit.0.Math.Problems.TernaryGoldbach.Eq1314SmallQHighCrossoverPlattSplit.endpointLowTailCertificate_holds._native.native_decide.ax_1_1,Math.Problems.TernaryGoldbach.MinorArcs.Chapter14,Math.Problems.TernaryGoldbach.MinorArcs.Chapter14.PaperEq1314SmallQHighCrossoverPlattSplit,_private.Math.Problems.TernaryGoldbach.MinorArcs.Chapter14.PaperEq1314SmallQHighCrossoverPlattSplit.0.Math.Problems.TernaryGoldbach.Eq1314SmallQHighCrossoverPlattSplit.endpointLowTailCertificate_holds,MathExtras.Helfgott.MinorSection51Pieces.BandIntervalExpr.evalInterval,bisection-tree,"RatInterval (exp/log/sqrt nodes, no rounding)",68,,2,"20-40 transcendental nodes per cell, no subtree sharing",log_enclose_full,proxy: each cell priced as its transcendental nodes,0.16559074864507328,19.87207428373096,1
_private.Math.Problems.TernaryGoldbach.MinorArcs.Chapter14.PaperEq1314SmallQHighCrossoverPlattSplit.0.Math.Problems.TernaryGoldbach.Eq1314SmallQHighCrossoverPlattSplit.endpointMidNearCertificate_holds._native.native_decide.ax_1_1,Math.Problems.TernaryGoldbach.MinorArcs.Chapter14,Math.Problems.TernaryGoldbach.MinorArcs.Chapter14.PaperEq1314SmallQHighCrossoverPlattSplit,_private.Math.Problems.TernaryGoldbach.MinorArcs.Chapter14.PaperEq1314SmallQHighCrossoverPlattSplit.0.Math.Problems.TernaryGoldbach.Eq1314SmallQHighCrossoverPlattSplit.endpointMidNearCertificate_holds,MathExtras.Helfgott.MinorSection51Pieces.BandIntervalExpr.evalInterval,bisection-tree,"RatInterval (exp/log/sqrt nodes, no rounding)",67,,2,"20-40 transcendental nodes per cell, no subtree sharing",log_enclose_full,proxy: each cell priced as its transcendental nodes,0.16559074864507328,19.87207428373096,1
_private.Math.Problems.TernaryGoldbach.MinorArcs.Chapter14.PaperEq1314SmallQHighCrossoverPlattSplit.0.Math.Problems.TernaryGoldbach.Eq1314SmallQHighCrossoverPlattSplit.endpointMidTailCertificate_holds._native.native_decide.ax_1_1,Math.Problems.TernaryGoldbach.MinorArcs.Chapter14,Math.Problems.TernaryGoldbach.MinorArcs.Chapter14.PaperEq1314SmallQHighCrossoverPlattSplit,_private.Math.Problems.TernaryGoldbach.MinorArcs.Chapter14.PaperEq1314SmallQHighCrossoverPlattSplit.0.Math.Problems.TernaryGoldbach.Eq1314SmallQHighCrossoverPlattSplit.endpointMidTailCertificate_holds,MathExtras.Helfgott.MinorSection51Pieces.BandIntervalExpr.evalInterval,bisection-tree,"RatInterval (exp/log/sqrt nodes, no rounding)",69,,2,"20-40 transcendental nodes per cell, no subtree sharing",log_enclose_full,proxy: each cell priced as its transcendental nodes,0.16559074864507328,19.87207428373096,1
_private.Math.Problems.TernaryGoldbach.MinorArcs.Chapter14.PaperEq1314SmallQHighCrossoverPlattSplit.0.Math.Problems.TernaryGoldbach.Eq1314SmallQHighCrossoverPlattSplit.endpointMidTransitionCertificate_holds._native.native_decide.ax_1_1,Math.Problems.TernaryGoldbach.MinorArcs.Chapter14,Math.Problems.TernaryGoldbach.MinorArcs.Chapter14.PaperEq1314SmallQHighCrossoverPlattSplit,_private.Math.Problems.TernaryGoldbach.MinorArcs.Chapter14.PaperEq1314SmallQHighCrossoverPlattSplit.0.Math.Problems.TernaryGoldbach.Eq1314SmallQHighCrossoverPlattSplit.endpointMidTransitionCertificate_holds,MathExtras.Helfgott.MinorSection51Pieces.BandIntervalExpr.evalInterval,bisection-tree,"RatInterval (exp/log/sqrt nodes, no rounding)",69,,2,"20-40 transcendental nodes per cell, no subtree sharing",log_enclose_full,proxy: each cell priced as its transcendental nodes,0.16559074864507328,19.87207428373096,1
_private.Math.Problems.TernaryGoldbach.MinorArcs.Chapter14.PaperEq1314SmallQHighCrossoverPlattSplit.0.Math.Problems.TernaryGoldbach.Eq1314SmallQHighCrossoverPlattSplit.endpointSafeBundle_holds._native.native_decide.ax_1_1,Math.Problems.TernaryGoldbach.MinorArcs.Chapter14,Math.Problems.TernaryGoldbach.MinorArcs.Chapter14.PaperEq1314SmallQHighCrossoverPlattSplit,_private.Math.Problems.TernaryGoldbach.MinorArcs.Chapter14.PaperEq1314SmallQHighCrossoverPlattSplit.0.Math.Problems.TernaryGoldbach.Eq1314SmallQHighCrossoverPlattSplit.endpointSafeBundle_holds,(named constants only),fixed-expression,Rat/RatInterval,1,,3,constant-depth comparison of named constants,CONSTANT,"constant depth, below measurement resolution",0.1,10.0,1
_private.MathExtras.NumberTheory.Helfgott.Lemma37HighQLargeSharpBShape.0.MathExtras.Helfgott.SIIAssembly.certDerivMinusReal_nonneg._native.native_decide.ax_1_1,MathExtras.NumberTheory.Helfgott,MathExtras.NumberTheory.Helfgott.Lemma37HighQLargeSharpBShape,_private.MathExtras.NumberTheory.Helfgott.Lemma37HighQLargeSharpBShape.0.MathExtras.Helfgott.SIIAssembly.certDerivMinusReal_nonneg,(named constants only),fixed-expression,Rat/RatInterval,1,,3,constant-depth comparison of named constants,CONSTANT,"constant depth, below measurement resolution",0.1,10.0,1
_private.MathExtras.NumberTheory.Helfgott.Lemma37HighQLargeSharpBShape.0.MathExtras.Helfgott.SIIAssembly.certDerivReal_nonneg._native.native_decide.ax_1_1,MathExtras.NumberTheory.Helfgott,MathExtras.NumberTheory.Helfgott.Lemma37HighQLargeSharpBShape,_private.MathExtras.NumberTheory.Helfgott.Lemma37HighQLargeSharpBShape.0.MathExtras.Helfgott.SIIAssembly.certDerivReal_nonneg,(named constants only),fixed-expression,Rat/RatInterval,1,,3,constant-depth comparison of named constants,CONSTANT,"constant depth, below measurement resolution",0.1,10.0,1
_private.MathExtras.NumberTheory.Helfgott.Lemma37HighQLargeSharpBShape.0.MathExtras.Helfgott.SIIAssembly.certFLowReal_nonneg._native.native_decide.ax_1_1,MathExtras.NumberTheory.Helfgott,MathExtras.NumberTheory.Helfgott.Lemma37HighQLargeSharpBShape,_private.MathExtras.NumberTheory.Helfgott.Lemma37HighQLargeSharpBShape.0.MathExtras.Helfgott.SIIAssembly.certFLowReal_nonneg,(named constants only),fixed-expression,Rat/RatInterval,1,,3,constant-depth comparison of named constants,CONSTANT,"constant depth, below measurement resolution",0.1,10.0,1
_private.MathExtras.NumberTheory.Helfgott.Lemma37HighQLargeSharpBShape.0.MathExtras.Helfgott.SIIAssembly.certFMinusLowReal_nonneg._native.native_decide.ax_1_1,MathExtras.NumberTheory.Helfgott,MathExtras.NumberTheory.Helfgott.Lemma37HighQLargeSharpBShape,_private.MathExtras.NumberTheory.Helfgott.Lemma37HighQLargeSharpBShape.0.MathExtras.Helfgott.SIIAssembly.certFMinusLowReal_nonneg,(named constants only),fixed-expression,Rat/RatInterval,1,,3,constant-depth comparison of named constants,CONSTANT,"constant depth, below measurement resolution",0.1,10.0,1
_private.MathExtras.NumberTheory.Helfgott.Lemma37HighQLargeSharpBShape.0.MathExtras.Helfgott.SIIAssembly.certFMinusReal_nonneg._native.native_decide.ax_1_1,MathExtras.NumberTheory.Helfgott,MathExtras.NumberTheory.Helfgott.Lemma37HighQLargeSharpBShape,_private.MathExtras.NumberTheory.Helfgott.Lemma37HighQLargeSharpBShape.0.MathExtras.Helfgott.SIIAssembly.certFMinusReal_nonneg,(named constants only),fixed-expression,Rat/RatInterval,1,,3,constant-depth comparison of named constants,CONSTANT,"constant depth, below measurement resolution",0.1,10.0,1
_private.MathExtras.NumberTheory.Helfgott.Lemma37HighQLargeSharpBShape.0.MathExtras.Helfgott.SIIAssembly.certFReal_nonneg._native.native_decide.ax_1_1,MathExtras.NumberTheory.Helfgott,MathExtras.NumberTheory.Helfgott.Lemma37HighQLargeSharpBShape,_private.MathExtras.NumberTheory.Helfgott.Lemma37HighQLargeSharpBShape.0.MathExtras.Helfgott.SIIAssembly.certFReal_nonneg,(named constants only),fixed-expression,Rat/RatInterval,1,,3,constant-depth comparison of named constants,CONSTANT,"constant depth, below measurement resolution",0.1,10.0,1
_private.MathExtras.NumberTheory.Helfgott.Section413Lemma41PaperF.0.MathExtras.Helfgott.MinorArcsStart.lemma41_small_f_nat_cert._native.native_decide.ax_1_1,MathExtras.NumberTheory.Helfgott,MathExtras.NumberTheory.Helfgott.Section413Lemma41PaperF,_private.MathExtras.NumberTheory.Helfgott.Section413Lemma41PaperF.0.MathExtras.Helfgott.MinorArcsStart.lemma41_small_f_nat_cert,(named constants only),fixed-expression,Rat/RatInterval,1,,3,constant-depth comparison of named constants,CONSTANT,"constant depth, below measurement resolution",0.1,10.0,1
_private.MathExtras.NumberTheory.Helfgott.Section413Lemma41PaperF.0.MathExtras.Helfgott.MinorArcsStart.lemma41_squarefree_fixed_cert._native.native_decide.ax_1_1,MathExtras.NumberTheory.Helfgott,MathExtras.NumberTheory.Helfgott.Section413Lemma41PaperF,_private.MathExtras.NumberTheory.Helfgott.Section413Lemma41PaperF.0.MathExtras.Helfgott.MinorArcsStart.lemma41_squarefree_fixed_cert,(named constants only),fixed-expression,Rat/RatInterval,1,,2,constant-depth comparison of named constants,CONSTANT,"constant depth, below measurement resolution",0.1,10.0,1
_private.MathExtras.NumberTheory.Helfgott.Section413Lemma42G2WeakProducts.0.MathExtras.Helfgott.MinorArcsStart.G2Large.weakCombinedLocalUpperQ_head_one_le._native.native_decide.ax_1_1,MathExtras.NumberTheory.Helfgott,MathExtras.NumberTheory.Helfgott.Section413Lemma42G2WeakProducts,_private.MathExtras.NumberTheory.Helfgott.Section413Lemma42G2WeakProducts.0.MathExtras.Helfgott.MinorArcsStart.G2Large.weakCombinedLocalUpperQ_head_one_le,(named constants only),fixed-expression,Rat/RatInterval,1,,6,constant-depth comparison of named constants,CONSTANT,"constant depth, below measurement resolution",0.1,10.0,1
_private.MathExtras.NumberTheory.Helfgott.Section413Lemma42G2WeakProducts.0.MathExtras.Helfgott.MinorArcsStart.G2Large.weakPrimeRatioUpperQ_head_lt_one._native.native_decide.ax_1_1,MathExtras.NumberTheory.Helfgott,MathExtras.NumberTheory.Helfgott.Section413Lemma42G2WeakProducts,_private.MathExtras.NumberTheory.Helfgott.Section413Lemma42G2WeakProducts.0.MathExtras.Helfgott.MinorArcsStart.G2Large.weakPrimeRatioUpperQ_head_lt_one,(named constants only),fixed-expression,Rat/RatInterval,1,,6,constant-depth comparison of named constants,CONSTANT,"constant depth, below measurement resolution",0.1,10.0,1
