axiom,family,module,origin,primary_kernel,shape_class,arith_domain,primitive_steps,peak_bignum_bits,max_nat_literal_digits,note
AnalyticNT.ChebyshevPsi.checkAll_1e7_sharp._native.native_decide.ax_1_1,AnalyticNT.Chebyshev,AnalyticNT.Chebyshev.PsiSharpCertBelow1e7,AnalyticNT.ChebyshevPsi.checkAll_1e7_sharp,AnalyticNT.ChebyshevPsi.checkAllPsiLeMul,linear-fold-sieve,Nat (2^40 fixed point),10000000,,8,IsPrimePow + minFac per step
AnalyticNT.ChebyshevPsi.checkAll_psiSubTheta_1e6._native.native_decide.ax_1_1,AnalyticNT.Chebyshev,AnalyticNT.Chebyshev.PsiSubThetaCertBelow1e6,AnalyticNT.ChebyshevPsi.checkAll_psiSubTheta_1e6,AnalyticNT.ChebyshevPsi.checkAllPsiSubThetaLeSqrt,linear-fold-sieve,Nat (2^40 fixed point),1000000,,7,IsPrimePow + minFac per step
AnalyticNT.ChebyshevPsi.checkFrom_2e6_4e6_rr14._native.native_decide.ax_1_1,AnalyticNT.Chebyshev,AnalyticNT.Chebyshev.PsiRR14Cert,AnalyticNT.ChebyshevPsi.checkFrom_2e6_4e6_rr14,AnalyticNT.ChebyshevPsi.checkPsiLeMulFrom,linear-fold-sieve,Nat (2^40 fixed point),4000000,,7,plus a `lower`-length seed sum
AnalyticNT.LargeSieve.ceU_prime_fx_le._native.native_decide.ax_1_1,AnalyticNT.LargeSieve,AnalyticNT.LargeSieve.RamareCEUpperCerts,AnalyticNT.LargeSieve.ceU_prime_fx_le,AnalyticNT.LargeSieve.ceUPrimeAux,linear-fold-rat,Rat with p^48,200000,,20,"exact fuel from the atom: 200,000 iterations"
AnalyticNT.LargeSieve.ce_prime_fx_ge._native.native_decide.ax_1_1,AnalyticNT.LargeSieve,AnalyticNT.LargeSieve.RamareCECerts,AnalyticNT.LargeSieve.ce_prime_fx_ge,AnalyticNT.LargeSieve.cePrimeAux,linear-fold-rat,Rat with p^48,25000000,,20,"exact fuel from the atom: 25,000,000 iterations"
AnalyticNT.LargeSieve.g1215_cert._native.native_decide.ax_1_1,AnalyticNT.LargeSieve,AnalyticNT.LargeSieve.GBounds1215Certs,AnalyticNT.LargeSieve.g1215_cert,AnalyticNT.LargeSieve.gFold1215,linear-fold-sieve,Nat + Rat Pade log (m^16),10000000,,2,"exact fuel from the atom: 10,000,000 iterations"
AnalyticNT.LargeSieve.gFold_cert._native.native_decide.ax_1_1,AnalyticNT.LargeSieve,AnalyticNT.LargeSieve.RamareGUpperCerts,AnalyticNT.LargeSieve.gFold_cert,AnalyticNT.LargeSieve.gFold,linear-fold-sieve,Nat + one Rat compare/step,99999,,5,"exact fuel from the atom: 99,999 iterations"
AnalyticNT.LargeSieve.gSum_1e5_le._native.native_decide.ax_1_1,AnalyticNT.LargeSieve,AnalyticNT.LargeSieve.RamareGUpperCerts,AnalyticNT.LargeSieve.gSum_1e5_le,AnalyticNT.LargeSieve.gSum,linear-fold-sieve,Nat,100000,,15,"exact fuel from the atom: 100,000 iterations"
AnalyticNT.LargeSieve.uIv7_cert_0._native.native_decide.ax_1_1,AnalyticNT.LargeSieve,AnalyticNT.LargeSieve.GBounds1215Certs,AnalyticNT.LargeSieve.uIv7_cert_0,AnalyticNT.LargeSieve.uFold,linear-fold-nat,Nat,9487,,12,"exact fuel from the atom: 9,487 iterations"
AnalyticNT.LargeSieve.uIv7_cert_1._native.native_decide.ax_1_1,AnalyticNT.LargeSieve,AnalyticNT.LargeSieve.GBounds1215Certs,AnalyticNT.LargeSieve.uIv7_cert_1,AnalyticNT.LargeSieve.uFold,linear-fold-nat,Nat,37947,,12,"exact fuel from the atom: 37,947 iterations"
AnalyticNT.LargeSieve.uIv7_cert_2._native.native_decide.ax_1_1,AnalyticNT.LargeSieve,AnalyticNT.LargeSieve.GBounds1215Certs,AnalyticNT.LargeSieve.uIv7_cert_2,AnalyticNT.LargeSieve.uFold,linear-fold-nat,Nat,151789,,11,"exact fuel from the atom: 151,789 iterations"
AnalyticNT.LargeSieve.uIv7_cert_3._native.native_decide.ax_1_1,AnalyticNT.LargeSieve,AnalyticNT.LargeSieve.GBounds1215Certs,AnalyticNT.LargeSieve.uIv7_cert_3,AnalyticNT.LargeSieve.uFold,linear-fold-nat,Nat,607158,,11,"exact fuel from the atom: 607,158 iterations"
AnalyticNT.LargeSieve.uIv7_cert_4._native.native_decide.ax_1_1,AnalyticNT.LargeSieve,AnalyticNT.LargeSieve.GBounds1215Certs,AnalyticNT.LargeSieve.uIv7_cert_4,AnalyticNT.LargeSieve.uFold,linear-fold-nat,Nat,2428629,,10,"exact fuel from the atom: 2,428,629 iterations"
AnalyticNT.LargeSieve.uIv7_cert_5._native.native_decide.ax_1_1,AnalyticNT.LargeSieve,AnalyticNT.LargeSieve.GBounds1215Certs,AnalyticNT.LargeSieve.uIv7_cert_5,AnalyticNT.LargeSieve.uFold,linear-fold-nat,Nat,6761828,,10,"exact fuel from the atom: 6,761,828 iterations"
AnalyticNT.LargeSieve.uIv_cert_0._native.native_decide.ax_1_1,AnalyticNT.LargeSieve,AnalyticNT.LargeSieve.RamareGUpperCerts,AnalyticNT.LargeSieve.uIv_cert_0,AnalyticNT.LargeSieve.uFold,linear-fold-nat,Nat,316,,16,exact fuel from the atom: 316 iterations
AnalyticNT.LargeSieve.uIv_cert_1._native.native_decide.ax_1_1,AnalyticNT.LargeSieve,AnalyticNT.LargeSieve.RamareGUpperCerts,AnalyticNT.LargeSieve.uIv_cert_1,AnalyticNT.LargeSieve.uFold,linear-fold-nat,Nat,948,,13,exact fuel from the atom: 948 iterations
AnalyticNT.LargeSieve.uIv_cert_2._native.native_decide.ax_1_1,AnalyticNT.LargeSieve,AnalyticNT.LargeSieve.RamareGUpperCerts,AnalyticNT.LargeSieve.uIv_cert_2,AnalyticNT.LargeSieve.uFold,linear-fold-nat,Nat,3795,,13,"exact fuel from the atom: 3,795 iterations"
AnalyticNT.LargeSieve.uIv_cert_3._native.native_decide.ax_1_1,AnalyticNT.LargeSieve,AnalyticNT.LargeSieve.RamareGUpperCerts,AnalyticNT.LargeSieve.uIv_cert_3,AnalyticNT.LargeSieve.uFold,linear-fold-nat,Nat,15179,,12,"exact fuel from the atom: 15,179 iterations"
AnalyticNT.LargeSieve.uIv_cert_4._native.native_decide.ax_1_1,AnalyticNT.LargeSieve,AnalyticNT.LargeSieve.RamareGUpperCerts,AnalyticNT.LargeSieve.uIv_cert_4,AnalyticNT.LargeSieve.uFold,linear-fold-nat,Nat,60716,,12,"exact fuel from the atom: 60,716 iterations"
AnalyticNT.LargeSieve.uIv_cert_5._native.native_decide.ax_1_1,AnalyticNT.LargeSieve,AnalyticNT.LargeSieve.RamareGUpperCerts,AnalyticNT.LargeSieve.uIv_cert_5,AnalyticNT.LargeSieve.uFold,linear-fold-nat,Nat,242863,,11,"exact fuel from the atom: 242,863 iterations"
AnalyticNT.LargeSieve.uIv_cert_6._native.native_decide.ax_1_1,AnalyticNT.LargeSieve,AnalyticNT.LargeSieve.RamareGUpperCerts,AnalyticNT.LargeSieve.uIv_cert_6,AnalyticNT.LargeSieve.uFold,linear-fold-nat,Nat,676183,,11,"exact fuel from the atom: 676,183 iterations"
Math.Problems.TernaryGoldbach.Eq1315HighRepairPrefixCost.prefixCostCertificate_holds._native.native_decide.ax_1_1,Math.Problems.TernaryGoldbach.MinorArcs.Chapter14,Math.Problems.TernaryGoldbach.MinorArcs.Chapter14.PaperEq1315HighRepairPrefixCost,Math.Problems.TernaryGoldbach.Eq1315HighRepairPrefixCost.prefixCostCertificate_holds,IntervalArith.RatInterval.adaptiveUpper,bisection-tree,Rat/RatInterval,16,,2,"pruned binary bisection, worst case 2^(fuel+1)-1 leaf evaluations"
Math.Problems.TernaryGoldbach.Eq1315HighRepairPrefixCost.prefixCostSafe_holds._native.native_decide.ax_1_1,Math.Problems.TernaryGoldbach.MinorArcs.Chapter14,Math.Problems.TernaryGoldbach.MinorArcs.Chapter14.PaperEq1315HighRepairPrefixCost,Math.Problems.TernaryGoldbach.Eq1315HighRepairPrefixCost.prefixCostSafe_holds,(named constants only),fixed-expression,Rat/RatInterval,1,,0,constant-depth comparison of named constants
Math.Problems.TernaryGoldbach.HEnvFloorCert.seg_certs._native.native_decide.ax_1_1,Math.Problems.TernaryGoldbach.MinorArcs.Chapter14,Math.Problems.TernaryGoldbach.MinorArcs.Chapter14.PaperEq1314HEnvelopeFloorProof,Math.Problems.TernaryGoldbach.HEnvFloorCert.seg_certs,Math.Problems.TernaryGoldbach.HEnvFloorCert.segProp,transcendental-enclosure,Rat (exact),97888,100000,0,"92 segments x (log prec 40 + 3 exp prec 30, one with D=8 => 256-fold interval pow)"
Math.Problems.TernaryGoldbach.deficitCertAcc_ge._native.native_decide.ax_1_1,Math.Problems.TernaryGoldbach.Certs,Math.Problems.TernaryGoldbach.Certs.SingularSeriesDeficitProdTwoMillion,Math.Problems.TernaryGoldbach.deficitCertAcc_ge,Math.Problems.TernaryGoldbach.deficitCertAcc,linear-fold-sieve,Nat (2^64),2000000,,20,2*10^6 Nat.Prime decisions
Math.Problems.TernaryGoldbach.eq1314LPart_antitone._native.native_decide.ax_1_1,Math.Problems.TernaryGoldbach.MinorArcs.Chapter14,Math.Problems.TernaryGoldbach.MinorArcs.Chapter14.PaperEq1314EnvelopeAggregationCore,Math.Problems.TernaryGoldbach.eq1314LPart_antitone,IntervalArith.RatInterval.log_enclose_full,transcendental-enclosure,"Rat (exact, unbounded)",33,1993,3,"199-term series, ~9 halving steps, argument ~3 decimal digits"
Math.Problems.TernaryGoldbach.eq1314LPart_le_APart_sharp._native.native_decide.ax_1_1,Math.Problems.TernaryGoldbach.MinorArcs.Chapter14,Math.Problems.TernaryGoldbach.MinorArcs.Chapter14.PaperEq1314EnvelopeAggregationCore,Math.Problems.TernaryGoldbach.eq1314LPart_le_APart_sharp,IntervalArith.RatInterval.log_enclose_full,transcendental-enclosure,"Rat (exact, unbounded)",50,664,8,"24-term series, ~26 halving steps, argument ~8 decimal digits"
Math.Problems.TernaryGoldbach.eq1314LPart_le_APart_sharp._native.native_decide.ax_1_2,Math.Problems.TernaryGoldbach.MinorArcs.Chapter14,Math.Problems.TernaryGoldbach.MinorArcs.Chapter14.PaperEq1314EnvelopeAggregationCore,Math.Problems.TernaryGoldbach.eq1314LPart_le_APart_sharp,IntervalArith.RatInterval.log_enclose_full,transcendental-enclosure,"Rat (exact, unbounded)",50,664,8,"24-term series, ~26 halving steps, argument ~8 decimal digits"
Math.Problems.TernaryGoldbach.eq1314LPart_le_APart_sharp._native.native_decide.ax_1_3,Math.Problems.TernaryGoldbach.MinorArcs.Chapter14,Math.Problems.TernaryGoldbach.MinorArcs.Chapter14.PaperEq1314EnvelopeAggregationCore,Math.Problems.TernaryGoldbach.eq1314LPart_le_APart_sharp,IntervalArith.RatInterval.exp_enclose,transcendental-enclosure,"Rat (exact, unbounded)",16384,1638400,8,"Taylor + interval pow 2^12; 16384 Rat mults, digits grow linearly"
Math.Problems.TernaryGoldbach.eq1314_crude_band_bound._native.native_decide.ax_1_1,Math.Problems.TernaryGoldbach.MinorArcs.Chapter14,Math.Problems.TernaryGoldbach.MinorArcs.Chapter14.PaperEq1314EnvelopeAggregationCore,Math.Problems.TernaryGoldbach.eq1314_crude_band_bound,IntervalArith.RatInterval.log_enclose_full,transcendental-enclosure,"Rat (exact, unbounded)",37,730,4,"54-term series, ~13 halving steps, argument ~4 decimal digits"
Math.Problems.TernaryGoldbach.eq1314_crude_band_bound._native.native_decide.ax_1_2,Math.Problems.TernaryGoldbach.MinorArcs.Chapter14,Math.Problems.TernaryGoldbach.MinorArcs.Chapter14.PaperEq1314EnvelopeAggregationCore,Math.Problems.TernaryGoldbach.eq1314_crude_band_bound,IntervalArith.RatInterval.log_enclose_full,transcendental-enclosure,"Rat (exact, unbounded)",40,465,5,"27-term series, ~16 halving steps, argument ~5 decimal digits"
Math.Problems.TernaryGoldbach.eq1314_crude_band_bound._native.native_decide.ax_1_3,Math.Problems.TernaryGoldbach.MinorArcs.Chapter14,Math.Problems.TernaryGoldbach.MinorArcs.Chapter14.PaperEq1314EnvelopeAggregationCore,Math.Problems.TernaryGoldbach.eq1314_crude_band_bound,IntervalArith.RatInterval.log_enclose_full,transcendental-enclosure,"Rat (exact, unbounded)",40,465,5,"27-term series, ~16 halving steps, argument ~5 decimal digits"
Math.Problems.TernaryGoldbach.eq1314_crude_band_bound._native.native_decide.ax_1_4,Math.Problems.TernaryGoldbach.MinorArcs.Chapter14,Math.Problems.TernaryGoldbach.MinorArcs.Chapter14.PaperEq1314EnvelopeAggregationCore,Math.Problems.TernaryGoldbach.eq1314_crude_band_bound,IntervalArith.RatInterval.log_enclose_full,transcendental-enclosure,"Rat (exact, unbounded)",40,415,5,"24-term series, ~16 halving steps, argument ~5 decimal digits"
Math.Problems.TernaryGoldbach.eq1314_crude_band_bound._native.native_decide.ax_1_5,Math.Problems.TernaryGoldbach.MinorArcs.Chapter14,Math.Problems.TernaryGoldbach.MinorArcs.Chapter14.PaperEq1314EnvelopeAggregationCore,Math.Problems.TernaryGoldbach.eq1314_crude_band_bound,IntervalArith.RatInterval.log_enclose_full,transcendental-enclosure,"Rat (exact, unbounded)",40,415,5,"24-term series, ~16 halving steps, argument ~5 decimal digits"
Math.Problems.TernaryGoldbach.eq1314_crude_band_bound._native.native_decide.ax_1_6,Math.Problems.TernaryGoldbach.MinorArcs.Chapter14,Math.Problems.TernaryGoldbach.MinorArcs.Chapter14.PaperEq1314EnvelopeAggregationCore,Math.Problems.TernaryGoldbach.eq1314_crude_band_bound,IntervalArith.RatInterval.log_enclose_full,transcendental-enclosure,"Rat (exact, unbounded)",40,465,5,"27-term series, ~16 halving steps, argument ~5 decimal digits"
Math.Problems.TernaryGoldbach.eq1314_h_le_nine._native.native_decide.ax_1_1,Math.Problems.TernaryGoldbach.MinorArcs.Chapter14,Math.Problems.TernaryGoldbach.MinorArcs.Chapter14.PaperEq1314EnvelopeAggregationCore,Math.Problems.TernaryGoldbach.eq1314_h_le_nine,IntervalArith.RatInterval.log_enclose_full,transcendental-enclosure,"Rat (exact, unbounded)",93,1743,21,"24-term series, ~69 halving steps, argument ~21 decimal digits"
Math.Problems.TernaryGoldbach.gcdMertensHiAcc_le._native.native_decide.ax_1_1,Math.Problems.TernaryGoldbach.Certs,Math.Problems.TernaryGoldbach.Certs.OddSquarefreeGcdMertens150000,Math.Problems.TernaryGoldbach.gcdMertensHiAcc_le,Math.Problems.TernaryGoldbach.gcdMertensHiAcc,linear-fold-sieve,Nat (2^64),150000,,20,150k Squarefree decisions + gcd
Math.Problems.TernaryGoldbach.minorArcExtractionL_sqrt_scale._native.native_decide.ax_1_1,Math.Problems.TernaryGoldbach.MinorArcs.Chapter14,Math.Problems.TernaryGoldbach.MinorArcs.Chapter14.PaperEq1314EnvelopeAggregationCore,Math.Problems.TernaryGoldbach.minorArcExtractionL_sqrt_scale,IntervalArith.RatInterval.log_enclose_full,transcendental-enclosure,"Rat (exact, unbounded)",37,119,4,"8-term series, ~13 halving steps, argument ~4 decimal digits"
Math.Problems.TernaryGoldbach.minorArcExtractionL_sqrt_scale._native.native_decide.ax_1_2,Math.Problems.TernaryGoldbach.MinorArcs.Chapter14,Math.Problems.TernaryGoldbach.MinorArcs.Chapter14.PaperEq1314EnvelopeAggregationCore,Math.Problems.TernaryGoldbach.minorArcExtractionL_sqrt_scale,IntervalArith.RatInterval.log_enclose_full,transcendental-enclosure,"Rat (exact, unbounded)",50,664,8,"24-term series, ~26 halving steps, argument ~8 decimal digits"
Math.Problems.TernaryGoldbach.oddMertensHiAcc_le._native.native_decide.ax_1_1,Math.Problems.TernaryGoldbach.Certs,Math.Problems.TernaryGoldbach.Certs.OddSquarefreeMertens150000,Math.Problems.TernaryGoldbach.oddMertensHiAcc_le,Math.Problems.TernaryGoldbach.oddMertensHiAcc,linear-fold-sieve,Nat (2^64),150000,,21,150k Squarefree decisions + totient
Math.Problems.TernaryGoldbach.oddMertensLoAcc_ge._native.native_decide.ax_1_1,Math.Problems.TernaryGoldbach.Certs,Math.Problems.TernaryGoldbach.Certs.OddSquarefreeMertens150000,Math.Problems.TernaryGoldbach.oddMertensLoAcc_ge,Math.Problems.TernaryGoldbach.oddMertensLoAcc,linear-fold-sieve,Nat (2^64),150000,,21,150k Squarefree decisions + totient
Math.Problems.TernaryGoldbach.phiSqDiscHiAcc_le._native.native_decide.ax_1_1,Math.Problems.TernaryGoldbach.Certs,Math.Problems.TernaryGoldbach.Certs.OddSquarefreeMertensPhiSq,Math.Problems.TernaryGoldbach.phiSqDiscHiAcc_le,Math.Problems.TernaryGoldbach.phiSqDiscHiAcc,linear-fold-sieve,Nat (2^64),150000,,20,150k Squarefree decisions + Nat.sqrt
Math.Problems.TernaryGoldbach.phiSqHiAcc_le._native.native_decide.ax_1_1,Math.Problems.TernaryGoldbach.Certs,Math.Problems.TernaryGoldbach.Certs.OddSquarefreeMertensPhiSq,Math.Problems.TernaryGoldbach.phiSqHiAcc_le,Math.Problems.TernaryGoldbach.phiSqHiAcc,linear-fold-sieve,Nat (2^64),150000,,20,150k Squarefree decisions
Math.Problems.TernaryGoldbach.quinticMertensHiAcc_le._native.native_decide.ax_1_1,Math.Problems.TernaryGoldbach.Certs,Math.Problems.TernaryGoldbach.Certs.OddSquarefreeQuinticMertens150000,Math.Problems.TernaryGoldbach.quinticMertensHiAcc_le,Math.Problems.TernaryGoldbach.quinticMertensHiAcc,linear-fold-sieve,Nat (2^64),150000,,25,150k Squarefree decisions
MathExtras.ChirreHelfgottLem85.EndpointCert.vmHead_1e6_cert._native.native_decide.ax_1_1,MathExtras.NumberTheory.LSeries,MathExtras.NumberTheory.LSeries.ChirreHelfgottLem85TgAnchorCert,MathExtras.ChirreHelfgottLem85.EndpointCert.vmHead_1e6_cert,(named constants only),fixed-expression,Rat/RatInterval,1,,18,constant-depth comparison of named constants
MathExtras.ChirreHelfgottLem85.TgCert.lowerKernel_mid_cert._native.native_decide.ax_1_1,MathExtras.NumberTheory.LSeries,MathExtras.NumberTheory.LSeries.ChirreHelfgottLem85TgMiddleCert,MathExtras.ChirreHelfgottLem85.TgCert.lowerKernel_mid_cert,IntervalArith.RatInterval.interval_bisect,bisection-tree,Rat/RatInterval,32,,2,unconditional 2^depth leaf evaluations
MathExtras.EffectiveMertensDecay.little_sqrt_headCert._native.native_decide.ax_1_1,MathExtras.NumberTheory.Certs,MathExtras.NumberTheory.Certs.LittleMertensSqrtHeadCert,MathExtras.EffectiveMertensDecay.little_sqrt_headCert,MathExtras.EffectiveMertensDecay.littleLvalF,linear-fold-nat,Int (<= 2^50),70000000,,18,"QUADRATIC: O(U) per call, called once per n in [3,11817]"
MathExtras.Helfgott.CorC13Certificate.corC13_cert_1024_2000._native.native_decide.ax_1_1,MathExtras.NumberTheory.Vinogradov,MathExtras.NumberTheory.Vinogradov.HelfgottCorC13Certificate,MathExtras.Helfgott.CorC13Certificate.corC13_cert_1024_2000,MathExtras.Helfgott.CorC13Certificate.corC13MarginKernel,bisection-tree,"RatInterval, roundOut 2^48",2048,48,4,interval_bisect depth<= 8 x k=8 Lambda terms; roundOut 2^48
MathExtras.Helfgott.CorC13Certificate.corC13_cert_10p5_12._native.native_decide.ax_1_1,MathExtras.NumberTheory.Vinogradov,MathExtras.NumberTheory.Vinogradov.HelfgottCorC13Certificate,MathExtras.Helfgott.CorC13Certificate.corC13_cert_10p5_12,MathExtras.Helfgott.CorC13Certificate.corC13MarginKernel,bisection-tree,"RatInterval, roundOut 2^48",5376,48,2,interval_bisect depth<= 8 x k=21 Lambda terms; roundOut 2^48
MathExtras.Helfgott.CorC13Certificate.corC13_cert_128_256._native.native_decide.ax_1_1,MathExtras.NumberTheory.Vinogradov,MathExtras.NumberTheory.Vinogradov.HelfgottCorC13Certificate,MathExtras.Helfgott.CorC13Certificate.corC13_cert_128_256,MathExtras.Helfgott.CorC13Certificate.corC13MarginKernel,bisection-tree,"RatInterval, roundOut 2^48",2048,48,3,interval_bisect depth<= 8 x k=8 Lambda terms; roundOut 2^48
MathExtras.Helfgott.CorC13Certificate.corC13_cert_12_13p5._native.native_decide.ax_1_1,MathExtras.NumberTheory.Vinogradov,MathExtras.NumberTheory.Vinogradov.HelfgottCorC13Certificate,MathExtras.Helfgott.CorC13Certificate.corC13_cert_12_13p5,MathExtras.Helfgott.CorC13Certificate.corC13MarginKernel,bisection-tree,"RatInterval, roundOut 2^48",6912,48,2,interval_bisect depth<= 8 x k=27 Lambda terms; roundOut 2^48
MathExtras.Helfgott.CorC13Certificate.corC13_cert_14p5_16._native.native_decide.ax_1_1,MathExtras.NumberTheory.Vinogradov,MathExtras.NumberTheory.Vinogradov.HelfgottCorC13Certificate,MathExtras.Helfgott.CorC13Certificate.corC13_cert_14p5_16,MathExtras.Helfgott.CorC13Certificate.corC13MarginKernel,bisection-tree,"RatInterval, roundOut 2^48",7424,48,2,interval_bisect depth<= 8 x k=29 Lambda terms; roundOut 2^48
MathExtras.Helfgott.CorC13Certificate.corC13_cert_16_20._native.native_decide.ax_1_1,MathExtras.NumberTheory.Vinogradov,MathExtras.NumberTheory.Vinogradov.HelfgottCorC13Certificate,MathExtras.Helfgott.CorC13Certificate.corC13_cert_16_20,MathExtras.Helfgott.CorC13Certificate.corC13MarginKernel,bisection-tree,"RatInterval, roundOut 2^48",5120,48,2,interval_bisect depth<= 8 x k=20 Lambda terms; roundOut 2^48
MathExtras.Helfgott.CorC13Certificate.corC13_cert_20_30._native.native_decide.ax_1_1,MathExtras.NumberTheory.Vinogradov,MathExtras.NumberTheory.Vinogradov.HelfgottCorC13Certificate,MathExtras.Helfgott.CorC13Certificate.corC13_cert_20_30,MathExtras.Helfgott.CorC13Certificate.corC13MarginKernel,bisection-tree,"RatInterval, roundOut 2^48",7680,48,2,interval_bisect depth<= 8 x k=30 Lambda terms; roundOut 2^48
MathExtras.Helfgott.CorC13Certificate.corC13_cert_256_512._native.native_decide.ax_1_1,MathExtras.NumberTheory.Vinogradov,MathExtras.NumberTheory.Vinogradov.HelfgottCorC13Certificate,MathExtras.Helfgott.CorC13Certificate.corC13_cert_256_512,MathExtras.Helfgott.CorC13Certificate.corC13MarginKernel,bisection-tree,"RatInterval, roundOut 2^48",2048,48,3,interval_bisect depth<= 8 x k=8 Lambda terms; roundOut 2^48
MathExtras.Helfgott.CorC13Certificate.corC13_cert_30_33._native.native_decide.ax_1_1,MathExtras.NumberTheory.Vinogradov,MathExtras.NumberTheory.Vinogradov.HelfgottCorC13Certificate,MathExtras.Helfgott.CorC13Certificate.corC13_cert_30_33,MathExtras.Helfgott.CorC13Certificate.corC13MarginKernel,bisection-tree,"RatInterval, roundOut 2^48",8448,48,2,interval_bisect depth<= 8 x k=33 Lambda terms; roundOut 2^48
MathExtras.Helfgott.CorC13Certificate.corC13_cert_33_64._native.native_decide.ax_1_1,MathExtras.NumberTheory.Vinogradov,MathExtras.NumberTheory.Vinogradov.HelfgottCorC13Certificate,MathExtras.Helfgott.CorC13Certificate.corC13_cert_33_64,MathExtras.Helfgott.CorC13Certificate.corC13MarginKernel,bisection-tree,"RatInterval, roundOut 2^48",16384,48,2,interval_bisect depth<= 8 x k=64 Lambda terms; roundOut 2^48
MathExtras.Helfgott.CorC13Certificate.corC13_cert_512_1024._native.native_decide.ax_1_1,MathExtras.NumberTheory.Vinogradov,MathExtras.NumberTheory.Vinogradov.HelfgottCorC13Certificate,MathExtras.Helfgott.CorC13Certificate.corC13_cert_512_1024,MathExtras.Helfgott.CorC13Certificate.corC13MarginKernel,bisection-tree,"RatInterval, roundOut 2^48",2048,48,4,interval_bisect depth<= 8 x k=8 Lambda terms; roundOut 2^48
MathExtras.Helfgott.CorC13Certificate.corC13_cert_64_128._native.native_decide.ax_1_1,MathExtras.NumberTheory.Vinogradov,MathExtras.NumberTheory.Vinogradov.HelfgottCorC13Certificate,MathExtras.Helfgott.CorC13Certificate.corC13_cert_64_128,MathExtras.Helfgott.CorC13Certificate.corC13MarginKernel,bisection-tree,"RatInterval, roundOut 2^48",16384,48,3,interval_bisect depth<= 8 x k=64 Lambda terms; roundOut 2^48
MathExtras.Helfgott.CorC13Certificate.corC13_cert_8_9._native.native_decide.ax_1_1,MathExtras.NumberTheory.Vinogradov,MathExtras.NumberTheory.Vinogradov.HelfgottCorC13Certificate,MathExtras.Helfgott.CorC13Certificate.corC13_cert_8_9,MathExtras.Helfgott.CorC13Certificate.corC13MarginKernel,bisection-tree,"RatInterval, roundOut 2^48",2304,48,1,interval_bisect depth<= 8 x k=9 Lambda terms; roundOut 2^48
MathExtras.Helfgott.CorC13Certificate.corC13_cert_9_9p5._native.native_decide.ax_1_1,MathExtras.NumberTheory.Vinogradov,MathExtras.NumberTheory.Vinogradov.HelfgottCorC13Certificate,MathExtras.Helfgott.CorC13Certificate.corC13_cert_9_9p5,MathExtras.Helfgott.CorC13Certificate.corC13MarginKernel,bisection-tree,"RatInterval, roundOut 2^48",4864,48,2,interval_bisect depth<= 8 x k=19 Lambda terms; roundOut 2^48
MathExtras.Helfgott.CorC13Certificate.corC13_cert_9p5_10p5._native.native_decide.ax_1_1,MathExtras.NumberTheory.Vinogradov,MathExtras.NumberTheory.Vinogradov.HelfgottCorC13Certificate,MathExtras.Helfgott.CorC13Certificate.corC13_cert_9p5_10p5,MathExtras.Helfgott.CorC13Certificate.corC13MarginKernel,bisection-tree,"RatInterval, roundOut 2^48",5376,48,2,interval_bisect depth<= 8 x k=21 Lambda terms; roundOut 2^48
MathExtras.Helfgott.CorC13Certificate.corC13_cert_w14_L1._native.native_decide.ax_1_1,MathExtras.NumberTheory.Vinogradov,MathExtras.NumberTheory.Vinogradov.HelfgottCorC13Certificate,MathExtras.Helfgott.CorC13Certificate.corC13_cert_w14_L1,MathExtras.Helfgott.CorC13Certificate.corC13MarginKernel,bisection-tree,"RatInterval, roundOut 2^48",6144,48,2,interval_bisect depth<= 8 x k=24 Lambda terms; roundOut 2^48
MathExtras.Helfgott.CorC13Certificate.corC13_cert_w14_L10._native.native_decide.ax_1_1,MathExtras.NumberTheory.Vinogradov,MathExtras.NumberTheory.Vinogradov.HelfgottCorC13Certificate,MathExtras.Helfgott.CorC13Certificate.corC13_cert_w14_L10,MathExtras.Helfgott.CorC13Certificate.corC13MarginKernel,bisection-tree,"RatInterval, roundOut 2^48",6144,48,2,interval_bisect depth<= 8 x k=24 Lambda terms; roundOut 2^48
MathExtras.Helfgott.CorC13Certificate.corC13_cert_w14_L11._native.native_decide.ax_1_1,MathExtras.NumberTheory.Vinogradov,MathExtras.NumberTheory.Vinogradov.HelfgottCorC13Certificate,MathExtras.Helfgott.CorC13Certificate.corC13_cert_w14_L11,MathExtras.Helfgott.CorC13Certificate.corC13MarginKernel,bisection-tree,"RatInterval, roundOut 2^48",6144,48,2,interval_bisect depth<= 8 x k=24 Lambda terms; roundOut 2^48
MathExtras.Helfgott.CorC13Certificate.corC13_cert_w14_L12._native.native_decide.ax_1_1,MathExtras.NumberTheory.Vinogradov,MathExtras.NumberTheory.Vinogradov.HelfgottCorC13Certificate,MathExtras.Helfgott.CorC13Certificate.corC13_cert_w14_L12,MathExtras.Helfgott.CorC13Certificate.corC13MarginKernel,bisection-tree,"RatInterval, roundOut 2^48",6144,48,2,interval_bisect depth<= 8 x k=24 Lambda terms; roundOut 2^48
MathExtras.Helfgott.CorC13Certificate.corC13_cert_w14_L13._native.native_decide.ax_1_1,MathExtras.NumberTheory.Vinogradov,MathExtras.NumberTheory.Vinogradov.HelfgottCorC13Certificate,MathExtras.Helfgott.CorC13Certificate.corC13_cert_w14_L13,MathExtras.Helfgott.CorC13Certificate.corC13MarginKernel,bisection-tree,"RatInterval, roundOut 2^48",6144,48,2,interval_bisect depth<= 8 x k=24 Lambda terms; roundOut 2^48
MathExtras.Helfgott.CorC13Certificate.corC13_cert_w14_L14._native.native_decide.ax_1_1,MathExtras.NumberTheory.Vinogradov,MathExtras.NumberTheory.Vinogradov.HelfgottCorC13Certificate,MathExtras.Helfgott.CorC13Certificate.corC13_cert_w14_L14,MathExtras.Helfgott.CorC13Certificate.corC13MarginKernel,bisection-tree,"RatInterval, roundOut 2^48",6144,48,2,interval_bisect depth<= 8 x k=24 Lambda terms; roundOut 2^48
MathExtras.Helfgott.CorC13Certificate.corC13_cert_w14_L15._native.native_decide.ax_1_1,MathExtras.NumberTheory.Vinogradov,MathExtras.NumberTheory.Vinogradov.HelfgottCorC13Certificate,MathExtras.Helfgott.CorC13Certificate.corC13_cert_w14_L15,MathExtras.Helfgott.CorC13Certificate.corC13MarginKernel,bisection-tree,"RatInterval, roundOut 2^48",6144,48,2,interval_bisect depth<= 8 x k=24 Lambda terms; roundOut 2^48
MathExtras.Helfgott.CorC13Certificate.corC13_cert_w14_L16._native.native_decide.ax_1_1,MathExtras.NumberTheory.Vinogradov,MathExtras.NumberTheory.Vinogradov.HelfgottCorC13Certificate,MathExtras.Helfgott.CorC13Certificate.corC13_cert_w14_L16,MathExtras.Helfgott.CorC13Certificate.corC13MarginKernel,bisection-tree,"RatInterval, roundOut 2^48",6144,48,2,interval_bisect depth<= 8 x k=24 Lambda terms; roundOut 2^48
MathExtras.Helfgott.CorC13Certificate.corC13_cert_w14_L17._native.native_decide.ax_1_1,MathExtras.NumberTheory.Vinogradov,MathExtras.NumberTheory.Vinogradov.HelfgottCorC13Certificate,MathExtras.Helfgott.CorC13Certificate.corC13_cert_w14_L17,MathExtras.Helfgott.CorC13Certificate.corC13MarginKernel,bisection-tree,"RatInterval, roundOut 2^48",6144,48,2,interval_bisect depth<= 8 x k=24 Lambda terms; roundOut 2^48
MathExtras.Helfgott.CorC13Certificate.corC13_cert_w14_L2._native.native_decide.ax_1_1,MathExtras.NumberTheory.Vinogradov,MathExtras.NumberTheory.Vinogradov.HelfgottCorC13Certificate,MathExtras.Helfgott.CorC13Certificate.corC13_cert_w14_L2,MathExtras.Helfgott.CorC13Certificate.corC13MarginKernel,bisection-tree,"RatInterval, roundOut 2^48",6144,48,2,interval_bisect depth<= 8 x k=24 Lambda terms; roundOut 2^48
MathExtras.Helfgott.CorC13Certificate.corC13_cert_w14_L3._native.native_decide.ax_1_1,MathExtras.NumberTheory.Vinogradov,MathExtras.NumberTheory.Vinogradov.HelfgottCorC13Certificate,MathExtras.Helfgott.CorC13Certificate.corC13_cert_w14_L3,MathExtras.Helfgott.CorC13Certificate.corC13MarginKernel,bisection-tree,"RatInterval, roundOut 2^48",6144,48,2,interval_bisect depth<= 8 x k=24 Lambda terms; roundOut 2^48
MathExtras.Helfgott.CorC13Certificate.corC13_cert_w14_L4._native.native_decide.ax_1_1,MathExtras.NumberTheory.Vinogradov,MathExtras.NumberTheory.Vinogradov.HelfgottCorC13Certificate,MathExtras.Helfgott.CorC13Certificate.corC13_cert_w14_L4,MathExtras.Helfgott.CorC13Certificate.corC13MarginKernel,bisection-tree,"RatInterval, roundOut 2^48",6144,48,2,interval_bisect depth<= 8 x k=24 Lambda terms; roundOut 2^48
MathExtras.Helfgott.CorC13Certificate.corC13_cert_w14_L5._native.native_decide.ax_1_1,MathExtras.NumberTheory.Vinogradov,MathExtras.NumberTheory.Vinogradov.HelfgottCorC13Certificate,MathExtras.Helfgott.CorC13Certificate.corC13_cert_w14_L5,MathExtras.Helfgott.CorC13Certificate.corC13MarginKernel,bisection-tree,"RatInterval, roundOut 2^48",6144,48,2,interval_bisect depth<= 8 x k=24 Lambda terms; roundOut 2^48
MathExtras.Helfgott.CorC13Certificate.corC13_cert_w14_L6._native.native_decide.ax_1_1,MathExtras.NumberTheory.Vinogradov,MathExtras.NumberTheory.Vinogradov.HelfgottCorC13Certificate,MathExtras.Helfgott.CorC13Certificate.corC13_cert_w14_L6,MathExtras.Helfgott.CorC13Certificate.corC13MarginKernel,bisection-tree,"RatInterval, roundOut 2^48",6144,48,2,interval_bisect depth<= 8 x k=24 Lambda terms; roundOut 2^48
MathExtras.Helfgott.CorC13Certificate.corC13_cert_w14_L7._native.native_decide.ax_1_1,MathExtras.NumberTheory.Vinogradov,MathExtras.NumberTheory.Vinogradov.HelfgottCorC13Certificate,MathExtras.Helfgott.CorC13Certificate.corC13_cert_w14_L7,MathExtras.Helfgott.CorC13Certificate.corC13MarginKernel,bisection-tree,"RatInterval, roundOut 2^48",6144,48,2,interval_bisect depth<= 8 x k=24 Lambda terms; roundOut 2^48
MathExtras.Helfgott.CorC13Certificate.corC13_cert_w14_L8._native.native_decide.ax_1_1,MathExtras.NumberTheory.Vinogradov,MathExtras.NumberTheory.Vinogradov.HelfgottCorC13Certificate,MathExtras.Helfgott.CorC13Certificate.corC13_cert_w14_L8,MathExtras.Helfgott.CorC13Certificate.corC13MarginKernel,bisection-tree,"RatInterval, roundOut 2^48",6144,48,2,interval_bisect depth<= 8 x k=24 Lambda terms; roundOut 2^48
MathExtras.Helfgott.CorC13Certificate.corC13_cert_w14_L9._native.native_decide.ax_1_1,MathExtras.NumberTheory.Vinogradov,MathExtras.NumberTheory.Vinogradov.HelfgottCorC13Certificate,MathExtras.Helfgott.CorC13Certificate.corC13_cert_w14_L9,MathExtras.Helfgott.CorC13Certificate.corC13MarginKernel,bisection-tree,"RatInterval, roundOut 2^48",6144,48,2,interval_bisect depth<= 8 x k=24 Lambda terms; roundOut 2^48
MathExtras.Helfgott.CorC13Certificate.corC13_cert_w14_R1._native.native_decide.ax_1_1,MathExtras.NumberTheory.Vinogradov,MathExtras.NumberTheory.Vinogradov.HelfgottCorC13Certificate,MathExtras.Helfgott.CorC13Certificate.corC13_cert_w14_R1,MathExtras.Helfgott.CorC13Certificate.corC13MarginKernel,bisection-tree,"RatInterval, roundOut 2^48",6144,48,2,interval_bisect depth<= 8 x k=24 Lambda terms; roundOut 2^48
MathExtras.Helfgott.CorC13Certificate.corC13_cert_w14_R10._native.native_decide.ax_1_1,MathExtras.NumberTheory.Vinogradov,MathExtras.NumberTheory.Vinogradov.HelfgottCorC13Certificate,MathExtras.Helfgott.CorC13Certificate.corC13_cert_w14_R10,MathExtras.Helfgott.CorC13Certificate.corC13MarginKernel,bisection-tree,"RatInterval, roundOut 2^48",6144,48,2,interval_bisect depth<= 8 x k=24 Lambda terms; roundOut 2^48
MathExtras.Helfgott.CorC13Certificate.corC13_cert_w14_R11._native.native_decide.ax_1_1,MathExtras.NumberTheory.Vinogradov,MathExtras.NumberTheory.Vinogradov.HelfgottCorC13Certificate,MathExtras.Helfgott.CorC13Certificate.corC13_cert_w14_R11,MathExtras.Helfgott.CorC13Certificate.corC13MarginKernel,bisection-tree,"RatInterval, roundOut 2^48",6144,48,2,interval_bisect depth<= 8 x k=24 Lambda terms; roundOut 2^48
MathExtras.Helfgott.CorC13Certificate.corC13_cert_w14_R12._native.native_decide.ax_1_1,MathExtras.NumberTheory.Vinogradov,MathExtras.NumberTheory.Vinogradov.HelfgottCorC13Certificate,MathExtras.Helfgott.CorC13Certificate.corC13_cert_w14_R12,MathExtras.Helfgott.CorC13Certificate.corC13MarginKernel,bisection-tree,"RatInterval, roundOut 2^48",6144,48,2,interval_bisect depth<= 8 x k=24 Lambda terms; roundOut 2^48
MathExtras.Helfgott.CorC13Certificate.corC13_cert_w14_R13._native.native_decide.ax_1_1,MathExtras.NumberTheory.Vinogradov,MathExtras.NumberTheory.Vinogradov.HelfgottCorC13Certificate,MathExtras.Helfgott.CorC13Certificate.corC13_cert_w14_R13,MathExtras.Helfgott.CorC13Certificate.corC13MarginKernel,bisection-tree,"RatInterval, roundOut 2^48",6144,48,2,interval_bisect depth<= 8 x k=24 Lambda terms; roundOut 2^48
MathExtras.Helfgott.CorC13Certificate.corC13_cert_w14_R14._native.native_decide.ax_1_1,MathExtras.NumberTheory.Vinogradov,MathExtras.NumberTheory.Vinogradov.HelfgottCorC13Certificate,MathExtras.Helfgott.CorC13Certificate.corC13_cert_w14_R14,MathExtras.Helfgott.CorC13Certificate.corC13MarginKernel,bisection-tree,"RatInterval, roundOut 2^48",6144,48,2,interval_bisect depth<= 8 x k=24 Lambda terms; roundOut 2^48
MathExtras.Helfgott.CorC13Certificate.corC13_cert_w14_R15._native.native_decide.ax_1_1,MathExtras.NumberTheory.Vinogradov,MathExtras.NumberTheory.Vinogradov.HelfgottCorC13Certificate,MathExtras.Helfgott.CorC13Certificate.corC13_cert_w14_R15,MathExtras.Helfgott.CorC13Certificate.corC13MarginKernel,bisection-tree,"RatInterval, roundOut 2^48",6144,48,2,interval_bisect depth<= 8 x k=24 Lambda terms; roundOut 2^48
MathExtras.Helfgott.CorC13Certificate.corC13_cert_w14_R16._native.native_decide.ax_1_1,MathExtras.NumberTheory.Vinogradov,MathExtras.NumberTheory.Vinogradov.HelfgottCorC13Certificate,MathExtras.Helfgott.CorC13Certificate.corC13_cert_w14_R16,MathExtras.Helfgott.CorC13Certificate.corC13MarginKernel,bisection-tree,"RatInterval, roundOut 2^48",6144,48,2,interval_bisect depth<= 8 x k=24 Lambda terms; roundOut 2^48
MathExtras.Helfgott.CorC13Certificate.corC13_cert_w14_R17._native.native_decide.ax_1_1,MathExtras.NumberTheory.Vinogradov,MathExtras.NumberTheory.Vinogradov.HelfgottCorC13Certificate,MathExtras.Helfgott.CorC13Certificate.corC13_cert_w14_R17,MathExtras.Helfgott.CorC13Certificate.corC13MarginKernel,bisection-tree,"RatInterval, roundOut 2^48",6144,48,2,interval_bisect depth<= 8 x k=24 Lambda terms; roundOut 2^48
MathExtras.Helfgott.CorC13Certificate.corC13_cert_w14_R2._native.native_decide.ax_1_1,MathExtras.NumberTheory.Vinogradov,MathExtras.NumberTheory.Vinogradov.HelfgottCorC13Certificate,MathExtras.Helfgott.CorC13Certificate.corC13_cert_w14_R2,MathExtras.Helfgott.CorC13Certificate.corC13MarginKernel,bisection-tree,"RatInterval, roundOut 2^48",6144,48,2,interval_bisect depth<= 8 x k=24 Lambda terms; roundOut 2^48
MathExtras.Helfgott.CorC13Certificate.corC13_cert_w14_R3._native.native_decide.ax_1_1,MathExtras.NumberTheory.Vinogradov,MathExtras.NumberTheory.Vinogradov.HelfgottCorC13Certificate,MathExtras.Helfgott.CorC13Certificate.corC13_cert_w14_R3,MathExtras.Helfgott.CorC13Certificate.corC13MarginKernel,bisection-tree,"RatInterval, roundOut 2^48",6144,48,2,interval_bisect depth<= 8 x k=24 Lambda terms; roundOut 2^48
MathExtras.Helfgott.CorC13Certificate.corC13_cert_w14_R4._native.native_decide.ax_1_1,MathExtras.NumberTheory.Vinogradov,MathExtras.NumberTheory.Vinogradov.HelfgottCorC13Certificate,MathExtras.Helfgott.CorC13Certificate.corC13_cert_w14_R4,MathExtras.Helfgott.CorC13Certificate.corC13MarginKernel,bisection-tree,"RatInterval, roundOut 2^48",6144,48,2,interval_bisect depth<= 8 x k=24 Lambda terms; roundOut 2^48
MathExtras.Helfgott.CorC13Certificate.corC13_cert_w14_R5._native.native_decide.ax_1_1,MathExtras.NumberTheory.Vinogradov,MathExtras.NumberTheory.Vinogradov.HelfgottCorC13Certificate,MathExtras.Helfgott.CorC13Certificate.corC13_cert_w14_R5,MathExtras.Helfgott.CorC13Certificate.corC13MarginKernel,bisection-tree,"RatInterval, roundOut 2^48",6144,48,2,interval_bisect depth<= 8 x k=24 Lambda terms; roundOut 2^48
MathExtras.Helfgott.CorC13Certificate.corC13_cert_w14_R6._native.native_decide.ax_1_1,MathExtras.NumberTheory.Vinogradov,MathExtras.NumberTheory.Vinogradov.HelfgottCorC13Certificate,MathExtras.Helfgott.CorC13Certificate.corC13_cert_w14_R6,MathExtras.Helfgott.CorC13Certificate.corC13MarginKernel,bisection-tree,"RatInterval, roundOut 2^48",6144,48,2,interval_bisect depth<= 8 x k=24 Lambda terms; roundOut 2^48
MathExtras.Helfgott.CorC13Certificate.corC13_cert_w14_R7._native.native_decide.ax_1_1,MathExtras.NumberTheory.Vinogradov,MathExtras.NumberTheory.Vinogradov.HelfgottCorC13Certificate,MathExtras.Helfgott.CorC13Certificate.corC13_cert_w14_R7,MathExtras.Helfgott.CorC13Certificate.corC13MarginKernel,bisection-tree,"RatInterval, roundOut 2^48",6144,48,2,interval_bisect depth<= 8 x k=24 Lambda terms; roundOut 2^48
MathExtras.Helfgott.CorC13Certificate.corC13_cert_w14_R8._native.native_decide.ax_1_1,MathExtras.NumberTheory.Vinogradov,MathExtras.NumberTheory.Vinogradov.HelfgottCorC13Certificate,MathExtras.Helfgott.CorC13Certificate.corC13_cert_w14_R8,MathExtras.Helfgott.CorC13Certificate.corC13MarginKernel,bisection-tree,"RatInterval, roundOut 2^48",6144,48,2,interval_bisect depth<= 8 x k=24 Lambda terms; roundOut 2^48
MathExtras.Helfgott.CorC13Certificate.corC13_cert_w14_R9._native.native_decide.ax_1_1,MathExtras.NumberTheory.Vinogradov,MathExtras.NumberTheory.Vinogradov.HelfgottCorC13Certificate,MathExtras.Helfgott.CorC13Certificate.corC13_cert_w14_R9,MathExtras.Helfgott.CorC13Certificate.corC13MarginKernel,bisection-tree,"RatInterval, roundOut 2^48",6144,48,2,interval_bisect depth<= 8 x k=24 Lambda terms; roundOut 2^48
MathExtras.Helfgott.CorC13Certificate.corC13_cert_w14_inner._native.native_decide.ax_1_1,MathExtras.NumberTheory.Vinogradov,MathExtras.NumberTheory.Vinogradov.HelfgottCorC13Certificate,MathExtras.Helfgott.CorC13Certificate.corC13_cert_w14_inner,MathExtras.Helfgott.CorC13Certificate.corC13MarginKernel,bisection-tree,"RatInterval, roundOut 2^48",6144,48,2,interval_bisect depth<= 8 x k=24 Lambda terms; roundOut 2^48
MathExtras.Helfgott.EtaPlusHDerivGridCert.cert._native.native_decide.ax_1_1,MathExtras.NumberTheory.Helfgott,MathExtras.NumberTheory.Helfgott.EtaPlusHDerivGridCert,MathExtras.Helfgott.EtaPlusHDerivGridCert.cert,MathExtras.Helfgott.EtaPlusHDerivGridCert.check,linear-fold-nat,Nat (10^12 fixed point),200000,,1,"200000 steps, degree-4 poly"
MathExtras.Helfgott.H1Margin.h1Margin_cert._native.native_decide.ax_1_1,MathExtras.NumberTheory.Helfgott,MathExtras.NumberTheory.Helfgott.H1MarginCertificate,MathExtras.Helfgott.H1Margin.h1Margin_cert,IntervalArith.RatInterval.interval_bisect,bisection-tree,Rat/RatInterval,14,,2,unconditional 2^depth leaf evaluations
MathExtras.Helfgott.MinorArcSwitchCompactInterval.minorArcLemma1121SwitchCorrected_marginSqrt_nonneg_20_25._native.native_decide.ax_1_3,MathExtras.NumberTheory.Vinogradov,MathExtras.NumberTheory.Vinogradov.HelfgottMinorArcCompactInterval,MathExtras.Helfgott.MinorArcSwitchCompactInterval.minorArcLemma1121SwitchCorrected_marginSqrt_nonneg_20_25,IntervalArith.RatInterval.interval_bisect,bisection-tree,Rat/RatInterval,25,,2,unconditional 2^depth leaf evaluations
MathExtras.Helfgott.MinorArcSwitchCompactInterval.minorArcLemma1121SwitchCorrected_marginSqrt_nonneg_25_30._native.native_decide.ax_1_3,MathExtras.NumberTheory.Vinogradov,MathExtras.NumberTheory.Vinogradov.HelfgottMinorArcCompactInterval,MathExtras.Helfgott.MinorArcSwitchCompactInterval.minorArcLemma1121SwitchCorrected_marginSqrt_nonneg_25_30,IntervalArith.RatInterval.interval_bisect,bisection-tree,Rat/RatInterval,30,,2,unconditional 2^depth leaf evaluations
MathExtras.Helfgott.MinorArcSwitchCompactInterval.minorArcLemma1121SwitchCorrected_marginSqrt_nonneg_30_33._native.native_decide.ax_1_3,MathExtras.NumberTheory.Vinogradov,MathExtras.NumberTheory.Vinogradov.HelfgottMinorArcCompactInterval,MathExtras.Helfgott.MinorArcSwitchCompactInterval.minorArcLemma1121SwitchCorrected_marginSqrt_nonneg_30_33,IntervalArith.RatInterval.interval_bisect,bisection-tree,Rat/RatInterval,33,,2,unconditional 2^depth leaf evaluations
MathExtras.Helfgott.MinorArcSwitchCompactInterval.minorArcLemma1121SwitchCorrected_marginSqrt_nonneg_first_20._native.native_decide.ax_1_3,MathExtras.NumberTheory.Vinogradov,MathExtras.NumberTheory.Vinogradov.HelfgottMinorArcCompactInterval,MathExtras.Helfgott.MinorArcSwitchCompactInterval.minorArcLemma1121SwitchCorrected_marginSqrt_nonneg_first_20,IntervalArith.RatInterval.interval_bisect,bisection-tree,Rat/RatInterval,1571,,4,unconditional 2^depth leaf evaluations
MathExtras.Helfgott.MinorArcsStart.G2Large.mixedDHeadQ_cert._native.native_decide.ax_1_1,MathExtras.NumberTheory.Helfgott,MathExtras.NumberTheory.Helfgott.Section413Lemma42G2LargeMixedProducts,MathExtras.Helfgott.MinorArcsStart.G2Large.mixedDHeadQ_cert,(named constants only),fixed-expression,Rat/RatInterval,1,,2,constant-depth comparison of named constants
MathExtras.Helfgott.MinorArcsStart.G2Large.mixedWeakHHeadQ_cert._native.native_decide.ax_1_1,MathExtras.NumberTheory.Helfgott,MathExtras.NumberTheory.Helfgott.Section413Lemma42G2LargeMixedProducts,MathExtras.Helfgott.MinorArcsStart.G2Large.mixedWeakHHeadQ_cert,(named constants only),fixed-expression,Rat/RatInterval,1,,2,constant-depth comparison of named constants
MathExtras.Helfgott.MinorArcsStart.G2Large.weakCombinedHeadQ_cert._native.native_decide.ax_1_1,MathExtras.NumberTheory.Helfgott,MathExtras.NumberTheory.Helfgott.Section413Lemma42G2WeakProducts,MathExtras.Helfgott.MinorArcsStart.G2Large.weakCombinedHeadQ_cert,(named constants only),fixed-expression,Rat/RatInterval,1,,3,constant-depth comparison of named constants
MathExtras.Helfgott.MinorArcsStart.headFoldA_two_cert._native.native_decide.ax_1_1,MathExtras.NumberTheory.Helfgott,MathExtras.NumberTheory.Helfgott.Section413HeadMassCert,MathExtras.Helfgott.MinorArcsStart.headFoldA_two_cert,(named constants only),fixed-expression,Rat/RatInterval,1,,8,constant-depth comparison of named constants
MathExtras.Helfgott.MinorArcsStart.mainFold_two_cert._native.native_decide.ax_1_1,MathExtras.NumberTheory.Helfgott,MathExtras.NumberTheory.Helfgott.Section413MainTermCert,MathExtras.Helfgott.MinorArcsStart.mainFold_two_cert,(named constants only),fixed-expression,Rat/RatInterval,1,,8,constant-depth comparison of named constants
MathExtras.Helfgott.MinorArcsStart.section413G2SmallCertificate_native._native.native_decide.ax_1_1,MathExtras.NumberTheory.Helfgott,MathExtras.NumberTheory.Helfgott.Section413G2SmallNative,MathExtras.Helfgott.MinorArcsStart.section413G2SmallCertificate_native,(named constants only),fixed-expression,Rat/RatInterval,1,,2,constant-depth comparison of named constants
MathExtras.Helfgott.MinorArcsStart.section413LowQ64PointwiseCertificate_holds._native.native_decide.ax_1_3,MathExtras.NumberTheory.Helfgott,MathExtras.NumberTheory.Helfgott.Section413CorrectedLowQFiniteCert,MathExtras.Helfgott.MinorArcsStart.section413LowQ64PointwiseCertificate_holds,(named constants only),fixed-expression,Rat/RatInterval,1,,2,constant-depth comparison of named constants
MathExtras.Helfgott.MinorArcsStart.section413LowQCoupledTailBudgetData_holds._native.native_decide.ax_1_1,MathExtras.NumberTheory.Helfgott,MathExtras.NumberTheory.Helfgott.Section413CorrectedLowQFiniteCert,MathExtras.Helfgott.MinorArcsStart.section413LowQCoupledTailBudgetData_holds,(named constants only),fixed-expression,Rat/RatInterval,1,,2,constant-depth comparison of named constants
MathExtras.Helfgott.MinorArcsStart.section413LowQCoupledUnitBudgetData_holds._native.native_decide.ax_1_1,MathExtras.NumberTheory.Helfgott,MathExtras.NumberTheory.Helfgott.Section413CorrectedLowQFiniteCert,MathExtras.Helfgott.MinorArcsStart.section413LowQCoupledUnitBudgetData_holds,(named constants only),fixed-expression,Rat/RatInterval,1,,2,constant-depth comparison of named constants
MathExtras.Helfgott.MinorArcsStart.section413LowQRawDerivativeData_holds._native.native_decide.ax_1_1,MathExtras.NumberTheory.Helfgott,MathExtras.NumberTheory.Helfgott.Section413CorrectedLowQFiniteCert,MathExtras.Helfgott.MinorArcsStart.section413LowQRawDerivativeData_holds,(named constants only),fixed-expression,Rat/RatInterval,1,,1,constant-depth comparison of named constants
MathExtras.Helfgott.MinorArcsStart.section413LowQRawDerivativeData_holds._native.native_decide.ax_1_2,MathExtras.NumberTheory.Helfgott,MathExtras.NumberTheory.Helfgott.Section413CorrectedLowQFiniteCert,MathExtras.Helfgott.MinorArcsStart.section413LowQRawDerivativeData_holds,(named constants only),fixed-expression,Rat/RatInterval,1,,2,constant-depth comparison of named constants
MathExtras.Helfgott.MinorArcsStart.section413LowQRawDerivativeData_holds._native.native_decide.ax_1_3,MathExtras.NumberTheory.Helfgott,MathExtras.NumberTheory.Helfgott.Section413CorrectedLowQFiniteCert,MathExtras.Helfgott.MinorArcsStart.section413LowQRawDerivativeData_holds,(named constants only),fixed-expression,Rat/RatInterval,1,,2,constant-depth comparison of named constants
MathExtras.Helfgott.MinorArcsStart.section413LowQRawDerivativeData_holds._native.native_decide.ax_1_4,MathExtras.NumberTheory.Helfgott,MathExtras.NumberTheory.Helfgott.Section413CorrectedLowQFiniteCert,MathExtras.Helfgott.MinorArcsStart.section413LowQRawDerivativeData_holds,(named constants only),fixed-expression,Rat/RatInterval,1,,2,constant-depth comparison of named constants
MathExtras.Helfgott.MinorArcsStart.section413Window431BothFixedCertificate_native._native.native_decide.ax_1_1,MathExtras.NumberTheory.Helfgott,MathExtras.NumberTheory.Helfgott.Section413FixedWindowNative,MathExtras.Helfgott.MinorArcsStart.section413Window431BothFixedCertificate_native,(named constants only),fixed-expression,Rat/RatInterval,1,,0,constant-depth comparison of named constants
MathExtras.Helfgott.MinorSection51Pieces.bandESigmaRatioMargin_root_certificate._native.native_decide.ax_1_1,MathExtras.NumberTheory.Helfgott,MathExtras.NumberTheory.Helfgott.Section53Corrected4ThrBandEndpointGMTight,MathExtras.Helfgott.MinorSection51Pieces.bandESigmaRatioMargin_root_certificate,(named constants only),fixed-expression,Rat/RatInterval,1,,1,constant-depth comparison of named constants
MathExtras.Helfgott.MinorSection51Pieces.bandESigmaRatioMargin_safe._native.native_decide.ax_1_1,MathExtras.NumberTheory.Helfgott,MathExtras.NumberTheory.Helfgott.Section53Corrected4ThrBandEndpointGMTight,MathExtras.Helfgott.MinorSection51Pieces.bandESigmaRatioMargin_safe,(named constants only),fixed-expression,Rat/RatInterval,1,,0,constant-depth comparison of named constants
MathExtras.Helfgott.MinorSection51Pieces.bandFiniteC0LaterNoP2SII_verified._native.native_decide.ax_1_1,MathExtras.NumberTheory.Helfgott,MathExtras.NumberTheory.Helfgott.Section53Corrected4ThrBandNoP2SIIC0,MathExtras.Helfgott.MinorSection51Pieces.bandFiniteC0LaterNoP2SII_verified,MathExtras.Helfgott.MinorSection51Pieces.BandIntervalExpr.evalInterval,bisection-tree,"RatInterval (exp/log/sqrt nodes, no rounding)",7650,10000,0,adaptiveUpper depth 7 (worst case 255 cells) x ~30 transcendental nodes/cell
MathExtras.Helfgott.MinorSection51Pieces.bandFiniteC0LaterNoP2SII_verified._native.native_decide.ax_1_10,MathExtras.NumberTheory.Helfgott,MathExtras.NumberTheory.Helfgott.Section53Corrected4ThrBandNoP2SIIC0,MathExtras.Helfgott.MinorSection51Pieces.bandFiniteC0LaterNoP2SII_verified,MathExtras.Helfgott.MinorSection51Pieces.BandIntervalExpr.evalInterval,bisection-tree,"RatInterval (exp/log/sqrt nodes, no rounding)",7650,10000,0,adaptiveUpper depth 7 (worst case 255 cells) x ~30 transcendental nodes/cell
MathExtras.Helfgott.MinorSection51Pieces.bandFiniteC0LaterNoP2SII_verified._native.native_decide.ax_1_11,MathExtras.NumberTheory.Helfgott,MathExtras.NumberTheory.Helfgott.Section53Corrected4ThrBandNoP2SIIC0,MathExtras.Helfgott.MinorSection51Pieces.bandFiniteC0LaterNoP2SII_verified,MathExtras.Helfgott.MinorSection51Pieces.BandIntervalExpr.evalInterval,bisection-tree,"RatInterval (exp/log/sqrt nodes, no rounding)",7650,10000,0,adaptiveUpper depth 7 (worst case 255 cells) x ~30 transcendental nodes/cell
MathExtras.Helfgott.MinorSection51Pieces.bandFiniteC0LaterNoP2SII_verified._native.native_decide.ax_1_12,MathExtras.NumberTheory.Helfgott,MathExtras.NumberTheory.Helfgott.Section53Corrected4ThrBandNoP2SIIC0,MathExtras.Helfgott.MinorSection51Pieces.bandFiniteC0LaterNoP2SII_verified,MathExtras.Helfgott.MinorSection51Pieces.BandIntervalExpr.evalInterval,bisection-tree,"RatInterval (exp/log/sqrt nodes, no rounding)",7650,10000,0,adaptiveUpper depth 7 (worst case 255 cells) x ~30 transcendental nodes/cell
MathExtras.Helfgott.MinorSection51Pieces.bandFiniteC0LaterNoP2SII_verified._native.native_decide.ax_1_13,MathExtras.NumberTheory.Helfgott,MathExtras.NumberTheory.Helfgott.Section53Corrected4ThrBandNoP2SIIC0,MathExtras.Helfgott.MinorSection51Pieces.bandFiniteC0LaterNoP2SII_verified,MathExtras.Helfgott.MinorSection51Pieces.BandIntervalExpr.evalInterval,bisection-tree,"RatInterval (exp/log/sqrt nodes, no rounding)",7650,10000,0,adaptiveUpper depth 7 (worst case 255 cells) x ~30 transcendental nodes/cell
MathExtras.Helfgott.MinorSection51Pieces.bandFiniteC0LaterNoP2SII_verified._native.native_decide.ax_1_14,MathExtras.NumberTheory.Helfgott,MathExtras.NumberTheory.Helfgott.Section53Corrected4ThrBandNoP2SIIC0,MathExtras.Helfgott.MinorSection51Pieces.bandFiniteC0LaterNoP2SII_verified,MathExtras.Helfgott.MinorSection51Pieces.BandIntervalExpr.evalInterval,bisection-tree,"RatInterval (exp/log/sqrt nodes, no rounding)",7650,10000,0,adaptiveUpper depth 7 (worst case 255 cells) x ~30 transcendental nodes/cell
MathExtras.Helfgott.MinorSection51Pieces.bandFiniteC0LaterNoP2SII_verified._native.native_decide.ax_1_15,MathExtras.NumberTheory.Helfgott,MathExtras.NumberTheory.Helfgott.Section53Corrected4ThrBandNoP2SIIC0,MathExtras.Helfgott.MinorSection51Pieces.bandFiniteC0LaterNoP2SII_verified,MathExtras.Helfgott.MinorSection51Pieces.BandIntervalExpr.evalInterval,bisection-tree,"RatInterval (exp/log/sqrt nodes, no rounding)",7650,10000,0,adaptiveUpper depth 7 (worst case 255 cells) x ~30 transcendental nodes/cell
MathExtras.Helfgott.MinorSection51Pieces.bandFiniteC0LaterNoP2SII_verified._native.native_decide.ax_1_16,MathExtras.NumberTheory.Helfgott,MathExtras.NumberTheory.Helfgott.Section53Corrected4ThrBandNoP2SIIC0,MathExtras.Helfgott.MinorSection51Pieces.bandFiniteC0LaterNoP2SII_verified,MathExtras.Helfgott.MinorSection51Pieces.BandIntervalExpr.evalInterval,bisection-tree,"RatInterval (exp/log/sqrt nodes, no rounding)",7650,10000,0,adaptiveUpper depth 7 (worst case 255 cells) x ~30 transcendental nodes/cell
MathExtras.Helfgott.MinorSection51Pieces.bandFiniteC0LaterNoP2SII_verified._native.native_decide.ax_1_2,MathExtras.NumberTheory.Helfgott,MathExtras.NumberTheory.Helfgott.Section53Corrected4ThrBandNoP2SIIC0,MathExtras.Helfgott.MinorSection51Pieces.bandFiniteC0LaterNoP2SII_verified,MathExtras.Helfgott.MinorSection51Pieces.BandIntervalExpr.evalInterval,bisection-tree,"RatInterval (exp/log/sqrt nodes, no rounding)",7650,10000,0,adaptiveUpper depth 7 (worst case 255 cells) x ~30 transcendental nodes/cell
MathExtras.Helfgott.MinorSection51Pieces.bandFiniteC0LaterNoP2SII_verified._native.native_decide.ax_1_3,MathExtras.NumberTheory.Helfgott,MathExtras.NumberTheory.Helfgott.Section53Corrected4ThrBandNoP2SIIC0,MathExtras.Helfgott.MinorSection51Pieces.bandFiniteC0LaterNoP2SII_verified,MathExtras.Helfgott.MinorSection51Pieces.BandIntervalExpr.evalInterval,bisection-tree,"RatInterval (exp/log/sqrt nodes, no rounding)",7650,10000,0,adaptiveUpper depth 7 (worst case 255 cells) x ~30 transcendental nodes/cell
MathExtras.Helfgott.MinorSection51Pieces.bandFiniteC0LaterNoP2SII_verified._native.native_decide.ax_1_4,MathExtras.NumberTheory.Helfgott,MathExtras.NumberTheory.Helfgott.Section53Corrected4ThrBandNoP2SIIC0,MathExtras.Helfgott.MinorSection51Pieces.bandFiniteC0LaterNoP2SII_verified,MathExtras.Helfgott.MinorSection51Pieces.BandIntervalExpr.evalInterval,bisection-tree,"RatInterval (exp/log/sqrt nodes, no rounding)",7650,10000,0,adaptiveUpper depth 7 (worst case 255 cells) x ~30 transcendental nodes/cell
MathExtras.Helfgott.MinorSection51Pieces.bandFiniteC0LaterNoP2SII_verified._native.native_decide.ax_1_5,MathExtras.NumberTheory.Helfgott,MathExtras.NumberTheory.Helfgott.Section53Corrected4ThrBandNoP2SIIC0,MathExtras.Helfgott.MinorSection51Pieces.bandFiniteC0LaterNoP2SII_verified,MathExtras.Helfgott.MinorSection51Pieces.BandIntervalExpr.evalInterval,bisection-tree,"RatInterval (exp/log/sqrt nodes, no rounding)",7650,10000,0,adaptiveUpper depth 7 (worst case 255 cells) x ~30 transcendental nodes/cell
MathExtras.Helfgott.MinorSection51Pieces.bandFiniteC0LaterNoP2SII_verified._native.native_decide.ax_1_6,MathExtras.NumberTheory.Helfgott,MathExtras.NumberTheory.Helfgott.Section53Corrected4ThrBandNoP2SIIC0,MathExtras.Helfgott.MinorSection51Pieces.bandFiniteC0LaterNoP2SII_verified,MathExtras.Helfgott.MinorSection51Pieces.BandIntervalExpr.evalInterval,bisection-tree,"RatInterval (exp/log/sqrt nodes, no rounding)",7650,10000,0,adaptiveUpper depth 7 (worst case 255 cells) x ~30 transcendental nodes/cell
MathExtras.Helfgott.MinorSection51Pieces.bandFiniteC0LaterNoP2SII_verified._native.native_decide.ax_1_7,MathExtras.NumberTheory.Helfgott,MathExtras.NumberTheory.Helfgott.Section53Corrected4ThrBandNoP2SIIC0,MathExtras.Helfgott.MinorSection51Pieces.bandFiniteC0LaterNoP2SII_verified,MathExtras.Helfgott.MinorSection51Pieces.BandIntervalExpr.evalInterval,bisection-tree,"RatInterval (exp/log/sqrt nodes, no rounding)",7650,10000,0,adaptiveUpper depth 7 (worst case 255 cells) x ~30 transcendental nodes/cell
MathExtras.Helfgott.MinorSection51Pieces.bandFiniteC0LaterNoP2SII_verified._native.native_decide.ax_1_8,MathExtras.NumberTheory.Helfgott,MathExtras.NumberTheory.Helfgott.Section53Corrected4ThrBandNoP2SIIC0,MathExtras.Helfgott.MinorSection51Pieces.bandFiniteC0LaterNoP2SII_verified,MathExtras.Helfgott.MinorSection51Pieces.BandIntervalExpr.evalInterval,bisection-tree,"RatInterval (exp/log/sqrt nodes, no rounding)",7650,10000,0,adaptiveUpper depth 7 (worst case 255 cells) x ~30 transcendental nodes/cell
MathExtras.Helfgott.MinorSection51Pieces.bandFiniteC0LaterNoP2SII_verified._native.native_decide.ax_1_9,MathExtras.NumberTheory.Helfgott,MathExtras.NumberTheory.Helfgott.Section53Corrected4ThrBandNoP2SIIC0,MathExtras.Helfgott.MinorSection51Pieces.bandFiniteC0LaterNoP2SII_verified,MathExtras.Helfgott.MinorSection51Pieces.BandIntervalExpr.evalInterval,bisection-tree,"RatInterval (exp/log/sqrt nodes, no rounding)",7650,10000,0,adaptiveUpper depth 7 (worst case 255 cells) x ~30 transcendental nodes/cell
MathExtras.Helfgott.MinorSection51Pieces.bandFiniteC0RhoOneNoP2SII_verified._native.native_decide.ax_1_1,MathExtras.NumberTheory.Helfgott,MathExtras.NumberTheory.Helfgott.Section53Corrected4ThrBandNoP2SIIC0,MathExtras.Helfgott.MinorSection51Pieces.bandFiniteC0RhoOneNoP2SII_verified,MathExtras.Helfgott.MinorSection51Pieces.BandIntervalExpr.evalInterval,bisection-tree,"RatInterval (exp/log/sqrt nodes, no rounding)",7650,10000,0,adaptiveUpper depth 7 (worst case 255 cells) x ~30 transcendental nodes/cell
MathExtras.Helfgott.MinorSection51Pieces.bandFiniteC0RhoOneNoP2SII_verified._native.native_decide.ax_1_2,MathExtras.NumberTheory.Helfgott,MathExtras.NumberTheory.Helfgott.Section53Corrected4ThrBandNoP2SIIC0,MathExtras.Helfgott.MinorSection51Pieces.bandFiniteC0RhoOneNoP2SII_verified,MathExtras.Helfgott.MinorSection51Pieces.BandIntervalExpr.evalInterval,bisection-tree,"RatInterval (exp/log/sqrt nodes, no rounding)",7650,10000,0,adaptiveUpper depth 7 (worst case 255 cells) x ~30 transcendental nodes/cell
MathExtras.Helfgott.MinorSection51Pieces.bandFiniteC0RhoSixNoP2SII_verified._native.native_decide.ax_1_1,MathExtras.NumberTheory.Helfgott,MathExtras.NumberTheory.Helfgott.Section53Corrected4ThrBandNoP2SIIC0,MathExtras.Helfgott.MinorSection51Pieces.bandFiniteC0RhoSixNoP2SII_verified,MathExtras.Helfgott.MinorSection51Pieces.BandIntervalExpr.evalInterval,bisection-tree,"RatInterval (exp/log/sqrt nodes, no rounding)",7650,10000,0,adaptiveUpper depth 7 (worst case 255 cells) x ~30 transcendental nodes/cell
MathExtras.Helfgott.MinorSection51Pieces.bandFiniteC0RhoSixNoP2SII_verified._native.native_decide.ax_1_2,MathExtras.NumberTheory.Helfgott,MathExtras.NumberTheory.Helfgott.Section53Corrected4ThrBandNoP2SIIC0,MathExtras.Helfgott.MinorSection51Pieces.bandFiniteC0RhoSixNoP2SII_verified,MathExtras.Helfgott.MinorSection51Pieces.BandIntervalExpr.evalInterval,bisection-tree,"RatInterval (exp/log/sqrt nodes, no rounding)",7650,10000,0,adaptiveUpper depth 7 (worst case 255 cells) x ~30 transcendental nodes/cell
MathExtras.Helfgott.MinorSection51Pieces.bandFiniteMarginNoP2SII_highCell_verified._native.native_decide.ax_1_1,MathExtras.NumberTheory.Helfgott,MathExtras.NumberTheory.Helfgott.Section53Corrected4ThrBandNoP2SIIHighCells,MathExtras.Helfgott.MinorSection51Pieces.bandFiniteMarginNoP2SII_highCell_verified,MathExtras.Helfgott.MinorSection51Pieces.BandIntervalExpr.evalInterval,bisection-tree,"RatInterval (exp/log/sqrt nodes, no rounding)",7650,10000,0,adaptiveUpper depth 7 (worst case 255 cells) x ~30 transcendental nodes/cell
MathExtras.Helfgott.MinorSection51Pieces.bandFiniteMarginNoP2SII_highCell_verified._native.native_decide.ax_1_10,MathExtras.NumberTheory.Helfgott,MathExtras.NumberTheory.Helfgott.Section53Corrected4ThrBandNoP2SIIHighCells,MathExtras.Helfgott.MinorSection51Pieces.bandFiniteMarginNoP2SII_highCell_verified,MathExtras.Helfgott.MinorSection51Pieces.BandIntervalExpr.evalInterval,bisection-tree,"RatInterval (exp/log/sqrt nodes, no rounding)",7650,10000,0,adaptiveUpper depth 7 (worst case 255 cells) x ~30 transcendental nodes/cell
MathExtras.Helfgott.MinorSection51Pieces.bandFiniteMarginNoP2SII_highCell_verified._native.native_decide.ax_1_100,MathExtras.NumberTheory.Helfgott,MathExtras.NumberTheory.Helfgott.Section53Corrected4ThrBandNoP2SIIHighCells,MathExtras.Helfgott.MinorSection51Pieces.bandFiniteMarginNoP2SII_highCell_verified,MathExtras.Helfgott.MinorSection51Pieces.BandIntervalExpr.evalInterval,bisection-tree,"RatInterval (exp/log/sqrt nodes, no rounding)",7650,10000,0,adaptiveUpper depth 7 (worst case 255 cells) x ~30 transcendental nodes/cell
MathExtras.Helfgott.MinorSection51Pieces.bandFiniteMarginNoP2SII_highCell_verified._native.native_decide.ax_1_11,MathExtras.NumberTheory.Helfgott,MathExtras.NumberTheory.Helfgott.Section53Corrected4ThrBandNoP2SIIHighCells,MathExtras.Helfgott.MinorSection51Pieces.bandFiniteMarginNoP2SII_highCell_verified,MathExtras.Helfgott.MinorSection51Pieces.BandIntervalExpr.evalInterval,bisection-tree,"RatInterval (exp/log/sqrt nodes, no rounding)",7650,10000,0,adaptiveUpper depth 7 (worst case 255 cells) x ~30 transcendental nodes/cell
MathExtras.Helfgott.MinorSection51Pieces.bandFiniteMarginNoP2SII_highCell_verified._native.native_decide.ax_1_12,MathExtras.NumberTheory.Helfgott,MathExtras.NumberTheory.Helfgott.Section53Corrected4ThrBandNoP2SIIHighCells,MathExtras.Helfgott.MinorSection51Pieces.bandFiniteMarginNoP2SII_highCell_verified,MathExtras.Helfgott.MinorSection51Pieces.BandIntervalExpr.evalInterval,bisection-tree,"RatInterval (exp/log/sqrt nodes, no rounding)",7650,10000,0,adaptiveUpper depth 7 (worst case 255 cells) x ~30 transcendental nodes/cell
MathExtras.Helfgott.MinorSection51Pieces.bandFiniteMarginNoP2SII_highCell_verified._native.native_decide.ax_1_13,MathExtras.NumberTheory.Helfgott,MathExtras.NumberTheory.Helfgott.Section53Corrected4ThrBandNoP2SIIHighCells,MathExtras.Helfgott.MinorSection51Pieces.bandFiniteMarginNoP2SII_highCell_verified,MathExtras.Helfgott.MinorSection51Pieces.BandIntervalExpr.evalInterval,bisection-tree,"RatInterval (exp/log/sqrt nodes, no rounding)",7650,10000,0,adaptiveUpper depth 7 (worst case 255 cells) x ~30 transcendental nodes/cell
MathExtras.Helfgott.MinorSection51Pieces.bandFiniteMarginNoP2SII_highCell_verified._native.native_decide.ax_1_14,MathExtras.NumberTheory.Helfgott,MathExtras.NumberTheory.Helfgott.Section53Corrected4ThrBandNoP2SIIHighCells,MathExtras.Helfgott.MinorSection51Pieces.bandFiniteMarginNoP2SII_highCell_verified,MathExtras.Helfgott.MinorSection51Pieces.BandIntervalExpr.evalInterval,bisection-tree,"RatInterval (exp/log/sqrt nodes, no rounding)",7650,10000,0,adaptiveUpper depth 7 (worst case 255 cells) x ~30 transcendental nodes/cell
MathExtras.Helfgott.MinorSection51Pieces.bandFiniteMarginNoP2SII_highCell_verified._native.native_decide.ax_1_15,MathExtras.NumberTheory.Helfgott,MathExtras.NumberTheory.Helfgott.Section53Corrected4ThrBandNoP2SIIHighCells,MathExtras.Helfgott.MinorSection51Pieces.bandFiniteMarginNoP2SII_highCell_verified,MathExtras.Helfgott.MinorSection51Pieces.BandIntervalExpr.evalInterval,bisection-tree,"RatInterval (exp/log/sqrt nodes, no rounding)",7650,10000,0,adaptiveUpper depth 7 (worst case 255 cells) x ~30 transcendental nodes/cell
MathExtras.Helfgott.MinorSection51Pieces.bandFiniteMarginNoP2SII_highCell_verified._native.native_decide.ax_1_16,MathExtras.NumberTheory.Helfgott,MathExtras.NumberTheory.Helfgott.Section53Corrected4ThrBandNoP2SIIHighCells,MathExtras.Helfgott.MinorSection51Pieces.bandFiniteMarginNoP2SII_highCell_verified,MathExtras.Helfgott.MinorSection51Pieces.BandIntervalExpr.evalInterval,bisection-tree,"RatInterval (exp/log/sqrt nodes, no rounding)",7650,10000,0,adaptiveUpper depth 7 (worst case 255 cells) x ~30 transcendental nodes/cell
MathExtras.Helfgott.MinorSection51Pieces.bandFiniteMarginNoP2SII_highCell_verified._native.native_decide.ax_1_17,MathExtras.NumberTheory.Helfgott,MathExtras.NumberTheory.Helfgott.Section53Corrected4ThrBandNoP2SIIHighCells,MathExtras.Helfgott.MinorSection51Pieces.bandFiniteMarginNoP2SII_highCell_verified,MathExtras.Helfgott.MinorSection51Pieces.BandIntervalExpr.evalInterval,bisection-tree,"RatInterval (exp/log/sqrt nodes, no rounding)",7650,10000,0,adaptiveUpper depth 7 (worst case 255 cells) x ~30 transcendental nodes/cell
MathExtras.Helfgott.MinorSection51Pieces.bandFiniteMarginNoP2SII_highCell_verified._native.native_decide.ax_1_18,MathExtras.NumberTheory.Helfgott,MathExtras.NumberTheory.Helfgott.Section53Corrected4ThrBandNoP2SIIHighCells,MathExtras.Helfgott.MinorSection51Pieces.bandFiniteMarginNoP2SII_highCell_verified,MathExtras.Helfgott.MinorSection51Pieces.BandIntervalExpr.evalInterval,bisection-tree,"RatInterval (exp/log/sqrt nodes, no rounding)",7650,10000,0,adaptiveUpper depth 7 (worst case 255 cells) x ~30 transcendental nodes/cell
MathExtras.Helfgott.MinorSection51Pieces.bandFiniteMarginNoP2SII_highCell_verified._native.native_decide.ax_1_19,MathExtras.NumberTheory.Helfgott,MathExtras.NumberTheory.Helfgott.Section53Corrected4ThrBandNoP2SIIHighCells,MathExtras.Helfgott.MinorSection51Pieces.bandFiniteMarginNoP2SII_highCell_verified,MathExtras.Helfgott.MinorSection51Pieces.BandIntervalExpr.evalInterval,bisection-tree,"RatInterval (exp/log/sqrt nodes, no rounding)",7650,10000,0,adaptiveUpper depth 7 (worst case 255 cells) x ~30 transcendental nodes/cell
MathExtras.Helfgott.MinorSection51Pieces.bandFiniteMarginNoP2SII_highCell_verified._native.native_decide.ax_1_2,MathExtras.NumberTheory.Helfgott,MathExtras.NumberTheory.Helfgott.Section53Corrected4ThrBandNoP2SIIHighCells,MathExtras.Helfgott.MinorSection51Pieces.bandFiniteMarginNoP2SII_highCell_verified,MathExtras.Helfgott.MinorSection51Pieces.BandIntervalExpr.evalInterval,bisection-tree,"RatInterval (exp/log/sqrt nodes, no rounding)",7650,10000,0,adaptiveUpper depth 7 (worst case 255 cells) x ~30 transcendental nodes/cell
MathExtras.Helfgott.MinorSection51Pieces.bandFiniteMarginNoP2SII_highCell_verified._native.native_decide.ax_1_20,MathExtras.NumberTheory.Helfgott,MathExtras.NumberTheory.Helfgott.Section53Corrected4ThrBandNoP2SIIHighCells,MathExtras.Helfgott.MinorSection51Pieces.bandFiniteMarginNoP2SII_highCell_verified,MathExtras.Helfgott.MinorSection51Pieces.BandIntervalExpr.evalInterval,bisection-tree,"RatInterval (exp/log/sqrt nodes, no rounding)",7650,10000,0,adaptiveUpper depth 7 (worst case 255 cells) x ~30 transcendental nodes/cell
MathExtras.Helfgott.MinorSection51Pieces.bandFiniteMarginNoP2SII_highCell_verified._native.native_decide.ax_1_21,MathExtras.NumberTheory.Helfgott,MathExtras.NumberTheory.Helfgott.Section53Corrected4ThrBandNoP2SIIHighCells,MathExtras.Helfgott.MinorSection51Pieces.bandFiniteMarginNoP2SII_highCell_verified,MathExtras.Helfgott.MinorSection51Pieces.BandIntervalExpr.evalInterval,bisection-tree,"RatInterval (exp/log/sqrt nodes, no rounding)",7650,10000,0,adaptiveUpper depth 7 (worst case 255 cells) x ~30 transcendental nodes/cell
MathExtras.Helfgott.MinorSection51Pieces.bandFiniteMarginNoP2SII_highCell_verified._native.native_decide.ax_1_22,MathExtras.NumberTheory.Helfgott,MathExtras.NumberTheory.Helfgott.Section53Corrected4ThrBandNoP2SIIHighCells,MathExtras.Helfgott.MinorSection51Pieces.bandFiniteMarginNoP2SII_highCell_verified,MathExtras.Helfgott.MinorSection51Pieces.BandIntervalExpr.evalInterval,bisection-tree,"RatInterval (exp/log/sqrt nodes, no rounding)",7650,10000,0,adaptiveUpper depth 7 (worst case 255 cells) x ~30 transcendental nodes/cell
MathExtras.Helfgott.MinorSection51Pieces.bandFiniteMarginNoP2SII_highCell_verified._native.native_decide.ax_1_23,MathExtras.NumberTheory.Helfgott,MathExtras.NumberTheory.Helfgott.Section53Corrected4ThrBandNoP2SIIHighCells,MathExtras.Helfgott.MinorSection51Pieces.bandFiniteMarginNoP2SII_highCell_verified,MathExtras.Helfgott.MinorSection51Pieces.BandIntervalExpr.evalInterval,bisection-tree,"RatInterval (exp/log/sqrt nodes, no rounding)",7650,10000,0,adaptiveUpper depth 7 (worst case 255 cells) x ~30 transcendental nodes/cell
MathExtras.Helfgott.MinorSection51Pieces.bandFiniteMarginNoP2SII_highCell_verified._native.native_decide.ax_1_24,MathExtras.NumberTheory.Helfgott,MathExtras.NumberTheory.Helfgott.Section53Corrected4ThrBandNoP2SIIHighCells,MathExtras.Helfgott.MinorSection51Pieces.bandFiniteMarginNoP2SII_highCell_verified,MathExtras.Helfgott.MinorSection51Pieces.BandIntervalExpr.evalInterval,bisection-tree,"RatInterval (exp/log/sqrt nodes, no rounding)",7650,10000,0,adaptiveUpper depth 7 (worst case 255 cells) x ~30 transcendental nodes/cell
MathExtras.Helfgott.MinorSection51Pieces.bandFiniteMarginNoP2SII_highCell_verified._native.native_decide.ax_1_25,MathExtras.NumberTheory.Helfgott,MathExtras.NumberTheory.Helfgott.Section53Corrected4ThrBandNoP2SIIHighCells,MathExtras.Helfgott.MinorSection51Pieces.bandFiniteMarginNoP2SII_highCell_verified,MathExtras.Helfgott.MinorSection51Pieces.BandIntervalExpr.evalInterval,bisection-tree,"RatInterval (exp/log/sqrt nodes, no rounding)",7650,10000,0,adaptiveUpper depth 7 (worst case 255 cells) x ~30 transcendental nodes/cell
MathExtras.Helfgott.MinorSection51Pieces.bandFiniteMarginNoP2SII_highCell_verified._native.native_decide.ax_1_26,MathExtras.NumberTheory.Helfgott,MathExtras.NumberTheory.Helfgott.Section53Corrected4ThrBandNoP2SIIHighCells,MathExtras.Helfgott.MinorSection51Pieces.bandFiniteMarginNoP2SII_highCell_verified,MathExtras.Helfgott.MinorSection51Pieces.BandIntervalExpr.evalInterval,bisection-tree,"RatInterval (exp/log/sqrt nodes, no rounding)",7650,10000,0,adaptiveUpper depth 7 (worst case 255 cells) x ~30 transcendental nodes/cell
MathExtras.Helfgott.MinorSection51Pieces.bandFiniteMarginNoP2SII_highCell_verified._native.native_decide.ax_1_27,MathExtras.NumberTheory.Helfgott,MathExtras.NumberTheory.Helfgott.Section53Corrected4ThrBandNoP2SIIHighCells,MathExtras.Helfgott.MinorSection51Pieces.bandFiniteMarginNoP2SII_highCell_verified,MathExtras.Helfgott.MinorSection51Pieces.BandIntervalExpr.evalInterval,bisection-tree,"RatInterval (exp/log/sqrt nodes, no rounding)",7650,10000,0,adaptiveUpper depth 7 (worst case 255 cells) x ~30 transcendental nodes/cell
MathExtras.Helfgott.MinorSection51Pieces.bandFiniteMarginNoP2SII_highCell_verified._native.native_decide.ax_1_28,MathExtras.NumberTheory.Helfgott,MathExtras.NumberTheory.Helfgott.Section53Corrected4ThrBandNoP2SIIHighCells,MathExtras.Helfgott.MinorSection51Pieces.bandFiniteMarginNoP2SII_highCell_verified,MathExtras.Helfgott.MinorSection51Pieces.BandIntervalExpr.evalInterval,bisection-tree,"RatInterval (exp/log/sqrt nodes, no rounding)",7650,10000,0,adaptiveUpper depth 7 (worst case 255 cells) x ~30 transcendental nodes/cell
MathExtras.Helfgott.MinorSection51Pieces.bandFiniteMarginNoP2SII_highCell_verified._native.native_decide.ax_1_29,MathExtras.NumberTheory.Helfgott,MathExtras.NumberTheory.Helfgott.Section53Corrected4ThrBandNoP2SIIHighCells,MathExtras.Helfgott.MinorSection51Pieces.bandFiniteMarginNoP2SII_highCell_verified,MathExtras.Helfgott.MinorSection51Pieces.BandIntervalExpr.evalInterval,bisection-tree,"RatInterval (exp/log/sqrt nodes, no rounding)",7650,10000,0,adaptiveUpper depth 7 (worst case 255 cells) x ~30 transcendental nodes/cell
MathExtras.Helfgott.MinorSection51Pieces.bandFiniteMarginNoP2SII_highCell_verified._native.native_decide.ax_1_3,MathExtras.NumberTheory.Helfgott,MathExtras.NumberTheory.Helfgott.Section53Corrected4ThrBandNoP2SIIHighCells,MathExtras.Helfgott.MinorSection51Pieces.bandFiniteMarginNoP2SII_highCell_verified,MathExtras.Helfgott.MinorSection51Pieces.BandIntervalExpr.evalInterval,bisection-tree,"RatInterval (exp/log/sqrt nodes, no rounding)",7650,10000,0,adaptiveUpper depth 7 (worst case 255 cells) x ~30 transcendental nodes/cell
MathExtras.Helfgott.MinorSection51Pieces.bandFiniteMarginNoP2SII_highCell_verified._native.native_decide.ax_1_30,MathExtras.NumberTheory.Helfgott,MathExtras.NumberTheory.Helfgott.Section53Corrected4ThrBandNoP2SIIHighCells,MathExtras.Helfgott.MinorSection51Pieces.bandFiniteMarginNoP2SII_highCell_verified,MathExtras.Helfgott.MinorSection51Pieces.BandIntervalExpr.evalInterval,bisection-tree,"RatInterval (exp/log/sqrt nodes, no rounding)",7650,10000,0,adaptiveUpper depth 7 (worst case 255 cells) x ~30 transcendental nodes/cell
MathExtras.Helfgott.MinorSection51Pieces.bandFiniteMarginNoP2SII_highCell_verified._native.native_decide.ax_1_31,MathExtras.NumberTheory.Helfgott,MathExtras.NumberTheory.Helfgott.Section53Corrected4ThrBandNoP2SIIHighCells,MathExtras.Helfgott.MinorSection51Pieces.bandFiniteMarginNoP2SII_highCell_verified,MathExtras.Helfgott.MinorSection51Pieces.BandIntervalExpr.evalInterval,bisection-tree,"RatInterval (exp/log/sqrt nodes, no rounding)",7650,10000,0,adaptiveUpper depth 7 (worst case 255 cells) x ~30 transcendental nodes/cell
MathExtras.Helfgott.MinorSection51Pieces.bandFiniteMarginNoP2SII_highCell_verified._native.native_decide.ax_1_32,MathExtras.NumberTheory.Helfgott,MathExtras.NumberTheory.Helfgott.Section53Corrected4ThrBandNoP2SIIHighCells,MathExtras.Helfgott.MinorSection51Pieces.bandFiniteMarginNoP2SII_highCell_verified,MathExtras.Helfgott.MinorSection51Pieces.BandIntervalExpr.evalInterval,bisection-tree,"RatInterval (exp/log/sqrt nodes, no rounding)",7650,10000,0,adaptiveUpper depth 7 (worst case 255 cells) x ~30 transcendental nodes/cell
MathExtras.Helfgott.MinorSection51Pieces.bandFiniteMarginNoP2SII_highCell_verified._native.native_decide.ax_1_33,MathExtras.NumberTheory.Helfgott,MathExtras.NumberTheory.Helfgott.Section53Corrected4ThrBandNoP2SIIHighCells,MathExtras.Helfgott.MinorSection51Pieces.bandFiniteMarginNoP2SII_highCell_verified,MathExtras.Helfgott.MinorSection51Pieces.BandIntervalExpr.evalInterval,bisection-tree,"RatInterval (exp/log/sqrt nodes, no rounding)",7650,10000,0,adaptiveUpper depth 7 (worst case 255 cells) x ~30 transcendental nodes/cell
MathExtras.Helfgott.MinorSection51Pieces.bandFiniteMarginNoP2SII_highCell_verified._native.native_decide.ax_1_34,MathExtras.NumberTheory.Helfgott,MathExtras.NumberTheory.Helfgott.Section53Corrected4ThrBandNoP2SIIHighCells,MathExtras.Helfgott.MinorSection51Pieces.bandFiniteMarginNoP2SII_highCell_verified,MathExtras.Helfgott.MinorSection51Pieces.BandIntervalExpr.evalInterval,bisection-tree,"RatInterval (exp/log/sqrt nodes, no rounding)",7650,10000,0,adaptiveUpper depth 7 (worst case 255 cells) x ~30 transcendental nodes/cell
MathExtras.Helfgott.MinorSection51Pieces.bandFiniteMarginNoP2SII_highCell_verified._native.native_decide.ax_1_35,MathExtras.NumberTheory.Helfgott,MathExtras.NumberTheory.Helfgott.Section53Corrected4ThrBandNoP2SIIHighCells,MathExtras.Helfgott.MinorSection51Pieces.bandFiniteMarginNoP2SII_highCell_verified,MathExtras.Helfgott.MinorSection51Pieces.BandIntervalExpr.evalInterval,bisection-tree,"RatInterval (exp/log/sqrt nodes, no rounding)",7650,10000,0,adaptiveUpper depth 7 (worst case 255 cells) x ~30 transcendental nodes/cell
MathExtras.Helfgott.MinorSection51Pieces.bandFiniteMarginNoP2SII_highCell_verified._native.native_decide.ax_1_36,MathExtras.NumberTheory.Helfgott,MathExtras.NumberTheory.Helfgott.Section53Corrected4ThrBandNoP2SIIHighCells,MathExtras.Helfgott.MinorSection51Pieces.bandFiniteMarginNoP2SII_highCell_verified,MathExtras.Helfgott.MinorSection51Pieces.BandIntervalExpr.evalInterval,bisection-tree,"RatInterval (exp/log/sqrt nodes, no rounding)",7650,10000,0,adaptiveUpper depth 7 (worst case 255 cells) x ~30 transcendental nodes/cell
MathExtras.Helfgott.MinorSection51Pieces.bandFiniteMarginNoP2SII_highCell_verified._native.native_decide.ax_1_37,MathExtras.NumberTheory.Helfgott,MathExtras.NumberTheory.Helfgott.Section53Corrected4ThrBandNoP2SIIHighCells,MathExtras.Helfgott.MinorSection51Pieces.bandFiniteMarginNoP2SII_highCell_verified,MathExtras.Helfgott.MinorSection51Pieces.BandIntervalExpr.evalInterval,bisection-tree,"RatInterval (exp/log/sqrt nodes, no rounding)",7650,10000,0,adaptiveUpper depth 7 (worst case 255 cells) x ~30 transcendental nodes/cell
MathExtras.Helfgott.MinorSection51Pieces.bandFiniteMarginNoP2SII_highCell_verified._native.native_decide.ax_1_38,MathExtras.NumberTheory.Helfgott,MathExtras.NumberTheory.Helfgott.Section53Corrected4ThrBandNoP2SIIHighCells,MathExtras.Helfgott.MinorSection51Pieces.bandFiniteMarginNoP2SII_highCell_verified,MathExtras.Helfgott.MinorSection51Pieces.BandIntervalExpr.evalInterval,bisection-tree,"RatInterval (exp/log/sqrt nodes, no rounding)",7650,10000,0,adaptiveUpper depth 7 (worst case 255 cells) x ~30 transcendental nodes/cell
MathExtras.Helfgott.MinorSection51Pieces.bandFiniteMarginNoP2SII_highCell_verified._native.native_decide.ax_1_39,MathExtras.NumberTheory.Helfgott,MathExtras.NumberTheory.Helfgott.Section53Corrected4ThrBandNoP2SIIHighCells,MathExtras.Helfgott.MinorSection51Pieces.bandFiniteMarginNoP2SII_highCell_verified,MathExtras.Helfgott.MinorSection51Pieces.BandIntervalExpr.evalInterval,bisection-tree,"RatInterval (exp/log/sqrt nodes, no rounding)",7650,10000,0,adaptiveUpper depth 7 (worst case 255 cells) x ~30 transcendental nodes/cell
MathExtras.Helfgott.MinorSection51Pieces.bandFiniteMarginNoP2SII_highCell_verified._native.native_decide.ax_1_4,MathExtras.NumberTheory.Helfgott,MathExtras.NumberTheory.Helfgott.Section53Corrected4ThrBandNoP2SIIHighCells,MathExtras.Helfgott.MinorSection51Pieces.bandFiniteMarginNoP2SII_highCell_verified,MathExtras.Helfgott.MinorSection51Pieces.BandIntervalExpr.evalInterval,bisection-tree,"RatInterval (exp/log/sqrt nodes, no rounding)",7650,10000,0,adaptiveUpper depth 7 (worst case 255 cells) x ~30 transcendental nodes/cell
MathExtras.Helfgott.MinorSection51Pieces.bandFiniteMarginNoP2SII_highCell_verified._native.native_decide.ax_1_40,MathExtras.NumberTheory.Helfgott,MathExtras.NumberTheory.Helfgott.Section53Corrected4ThrBandNoP2SIIHighCells,MathExtras.Helfgott.MinorSection51Pieces.bandFiniteMarginNoP2SII_highCell_verified,MathExtras.Helfgott.MinorSection51Pieces.BandIntervalExpr.evalInterval,bisection-tree,"RatInterval (exp/log/sqrt nodes, no rounding)",7650,10000,0,adaptiveUpper depth 7 (worst case 255 cells) x ~30 transcendental nodes/cell
MathExtras.Helfgott.MinorSection51Pieces.bandFiniteMarginNoP2SII_highCell_verified._native.native_decide.ax_1_41,MathExtras.NumberTheory.Helfgott,MathExtras.NumberTheory.Helfgott.Section53Corrected4ThrBandNoP2SIIHighCells,MathExtras.Helfgott.MinorSection51Pieces.bandFiniteMarginNoP2SII_highCell_verified,MathExtras.Helfgott.MinorSection51Pieces.BandIntervalExpr.evalInterval,bisection-tree,"RatInterval (exp/log/sqrt nodes, no rounding)",7650,10000,0,adaptiveUpper depth 7 (worst case 255 cells) x ~30 transcendental nodes/cell
MathExtras.Helfgott.MinorSection51Pieces.bandFiniteMarginNoP2SII_highCell_verified._native.native_decide.ax_1_42,MathExtras.NumberTheory.Helfgott,MathExtras.NumberTheory.Helfgott.Section53Corrected4ThrBandNoP2SIIHighCells,MathExtras.Helfgott.MinorSection51Pieces.bandFiniteMarginNoP2SII_highCell_verified,MathExtras.Helfgott.MinorSection51Pieces.BandIntervalExpr.evalInterval,bisection-tree,"RatInterval (exp/log/sqrt nodes, no rounding)",7650,10000,0,adaptiveUpper depth 7 (worst case 255 cells) x ~30 transcendental nodes/cell
MathExtras.Helfgott.MinorSection51Pieces.bandFiniteMarginNoP2SII_highCell_verified._native.native_decide.ax_1_43,MathExtras.NumberTheory.Helfgott,MathExtras.NumberTheory.Helfgott.Section53Corrected4ThrBandNoP2SIIHighCells,MathExtras.Helfgott.MinorSection51Pieces.bandFiniteMarginNoP2SII_highCell_verified,MathExtras.Helfgott.MinorSection51Pieces.BandIntervalExpr.evalInterval,bisection-tree,"RatInterval (exp/log/sqrt nodes, no rounding)",7650,10000,0,adaptiveUpper depth 7 (worst case 255 cells) x ~30 transcendental nodes/cell
MathExtras.Helfgott.MinorSection51Pieces.bandFiniteMarginNoP2SII_highCell_verified._native.native_decide.ax_1_44,MathExtras.NumberTheory.Helfgott,MathExtras.NumberTheory.Helfgott.Section53Corrected4ThrBandNoP2SIIHighCells,MathExtras.Helfgott.MinorSection51Pieces.bandFiniteMarginNoP2SII_highCell_verified,MathExtras.Helfgott.MinorSection51Pieces.BandIntervalExpr.evalInterval,bisection-tree,"RatInterval (exp/log/sqrt nodes, no rounding)",7650,10000,0,adaptiveUpper depth 7 (worst case 255 cells) x ~30 transcendental nodes/cell
MathExtras.Helfgott.MinorSection51Pieces.bandFiniteMarginNoP2SII_highCell_verified._native.native_decide.ax_1_45,MathExtras.NumberTheory.Helfgott,MathExtras.NumberTheory.Helfgott.Section53Corrected4ThrBandNoP2SIIHighCells,MathExtras.Helfgott.MinorSection51Pieces.bandFiniteMarginNoP2SII_highCell_verified,MathExtras.Helfgott.MinorSection51Pieces.BandIntervalExpr.evalInterval,bisection-tree,"RatInterval (exp/log/sqrt nodes, no rounding)",7650,10000,0,adaptiveUpper depth 7 (worst case 255 cells) x ~30 transcendental nodes/cell
MathExtras.Helfgott.MinorSection51Pieces.bandFiniteMarginNoP2SII_highCell_verified._native.native_decide.ax_1_46,MathExtras.NumberTheory.Helfgott,MathExtras.NumberTheory.Helfgott.Section53Corrected4ThrBandNoP2SIIHighCells,MathExtras.Helfgott.MinorSection51Pieces.bandFiniteMarginNoP2SII_highCell_verified,MathExtras.Helfgott.MinorSection51Pieces.BandIntervalExpr.evalInterval,bisection-tree,"RatInterval (exp/log/sqrt nodes, no rounding)",7650,10000,0,adaptiveUpper depth 7 (worst case 255 cells) x ~30 transcendental nodes/cell
MathExtras.Helfgott.MinorSection51Pieces.bandFiniteMarginNoP2SII_highCell_verified._native.native_decide.ax_1_47,MathExtras.NumberTheory.Helfgott,MathExtras.NumberTheory.Helfgott.Section53Corrected4ThrBandNoP2SIIHighCells,MathExtras.Helfgott.MinorSection51Pieces.bandFiniteMarginNoP2SII_highCell_verified,MathExtras.Helfgott.MinorSection51Pieces.BandIntervalExpr.evalInterval,bisection-tree,"RatInterval (exp/log/sqrt nodes, no rounding)",7650,10000,0,adaptiveUpper depth 7 (worst case 255 cells) x ~30 transcendental nodes/cell
MathExtras.Helfgott.MinorSection51Pieces.bandFiniteMarginNoP2SII_highCell_verified._native.native_decide.ax_1_48,MathExtras.NumberTheory.Helfgott,MathExtras.NumberTheory.Helfgott.Section53Corrected4ThrBandNoP2SIIHighCells,MathExtras.Helfgott.MinorSection51Pieces.bandFiniteMarginNoP2SII_highCell_verified,MathExtras.Helfgott.MinorSection51Pieces.BandIntervalExpr.evalInterval,bisection-tree,"RatInterval (exp/log/sqrt nodes, no rounding)",7650,10000,0,adaptiveUpper depth 7 (worst case 255 cells) x ~30 transcendental nodes/cell
MathExtras.Helfgott.MinorSection51Pieces.bandFiniteMarginNoP2SII_highCell_verified._native.native_decide.ax_1_49,MathExtras.NumberTheory.Helfgott,MathExtras.NumberTheory.Helfgott.Section53Corrected4ThrBandNoP2SIIHighCells,MathExtras.Helfgott.MinorSection51Pieces.bandFiniteMarginNoP2SII_highCell_verified,MathExtras.Helfgott.MinorSection51Pieces.BandIntervalExpr.evalInterval,bisection-tree,"RatInterval (exp/log/sqrt nodes, no rounding)",7650,10000,0,adaptiveUpper depth 7 (worst case 255 cells) x ~30 transcendental nodes/cell
MathExtras.Helfgott.MinorSection51Pieces.bandFiniteMarginNoP2SII_highCell_verified._native.native_decide.ax_1_5,MathExtras.NumberTheory.Helfgott,MathExtras.NumberTheory.Helfgott.Section53Corrected4ThrBandNoP2SIIHighCells,MathExtras.Helfgott.MinorSection51Pieces.bandFiniteMarginNoP2SII_highCell_verified,MathExtras.Helfgott.MinorSection51Pieces.BandIntervalExpr.evalInterval,bisection-tree,"RatInterval (exp/log/sqrt nodes, no rounding)",7650,10000,0,adaptiveUpper depth 7 (worst case 255 cells) x ~30 transcendental nodes/cell
MathExtras.Helfgott.MinorSection51Pieces.bandFiniteMarginNoP2SII_highCell_verified._native.native_decide.ax_1_50,MathExtras.NumberTheory.Helfgott,MathExtras.NumberTheory.Helfgott.Section53Corrected4ThrBandNoP2SIIHighCells,MathExtras.Helfgott.MinorSection51Pieces.bandFiniteMarginNoP2SII_highCell_verified,MathExtras.Helfgott.MinorSection51Pieces.BandIntervalExpr.evalInterval,bisection-tree,"RatInterval (exp/log/sqrt nodes, no rounding)",7650,10000,0,adaptiveUpper depth 7 (worst case 255 cells) x ~30 transcendental nodes/cell
MathExtras.Helfgott.MinorSection51Pieces.bandFiniteMarginNoP2SII_highCell_verified._native.native_decide.ax_1_51,MathExtras.NumberTheory.Helfgott,MathExtras.NumberTheory.Helfgott.Section53Corrected4ThrBandNoP2SIIHighCells,MathExtras.Helfgott.MinorSection51Pieces.bandFiniteMarginNoP2SII_highCell_verified,MathExtras.Helfgott.MinorSection51Pieces.BandIntervalExpr.evalInterval,bisection-tree,"RatInterval (exp/log/sqrt nodes, no rounding)",7650,10000,0,adaptiveUpper depth 7 (worst case 255 cells) x ~30 transcendental nodes/cell
MathExtras.Helfgott.MinorSection51Pieces.bandFiniteMarginNoP2SII_highCell_verified._native.native_decide.ax_1_52,MathExtras.NumberTheory.Helfgott,MathExtras.NumberTheory.Helfgott.Section53Corrected4ThrBandNoP2SIIHighCells,MathExtras.Helfgott.MinorSection51Pieces.bandFiniteMarginNoP2SII_highCell_verified,MathExtras.Helfgott.MinorSection51Pieces.BandIntervalExpr.evalInterval,bisection-tree,"RatInterval (exp/log/sqrt nodes, no rounding)",7650,10000,0,adaptiveUpper depth 7 (worst case 255 cells) x ~30 transcendental nodes/cell
MathExtras.Helfgott.MinorSection51Pieces.bandFiniteMarginNoP2SII_highCell_verified._native.native_decide.ax_1_53,MathExtras.NumberTheory.Helfgott,MathExtras.NumberTheory.Helfgott.Section53Corrected4ThrBandNoP2SIIHighCells,MathExtras.Helfgott.MinorSection51Pieces.bandFiniteMarginNoP2SII_highCell_verified,MathExtras.Helfgott.MinorSection51Pieces.BandIntervalExpr.evalInterval,bisection-tree,"RatInterval (exp/log/sqrt nodes, no rounding)",7650,10000,0,adaptiveUpper depth 7 (worst case 255 cells) x ~30 transcendental nodes/cell
MathExtras.Helfgott.MinorSection51Pieces.bandFiniteMarginNoP2SII_highCell_verified._native.native_decide.ax_1_54,MathExtras.NumberTheory.Helfgott,MathExtras.NumberTheory.Helfgott.Section53Corrected4ThrBandNoP2SIIHighCells,MathExtras.Helfgott.MinorSection51Pieces.bandFiniteMarginNoP2SII_highCell_verified,MathExtras.Helfgott.MinorSection51Pieces.BandIntervalExpr.evalInterval,bisection-tree,"RatInterval (exp/log/sqrt nodes, no rounding)",7650,10000,0,adaptiveUpper depth 7 (worst case 255 cells) x ~30 transcendental nodes/cell
MathExtras.Helfgott.MinorSection51Pieces.bandFiniteMarginNoP2SII_highCell_verified._native.native_decide.ax_1_55,MathExtras.NumberTheory.Helfgott,MathExtras.NumberTheory.Helfgott.Section53Corrected4ThrBandNoP2SIIHighCells,MathExtras.Helfgott.MinorSection51Pieces.bandFiniteMarginNoP2SII_highCell_verified,MathExtras.Helfgott.MinorSection51Pieces.BandIntervalExpr.evalInterval,bisection-tree,"RatInterval (exp/log/sqrt nodes, no rounding)",7650,10000,0,adaptiveUpper depth 7 (worst case 255 cells) x ~30 transcendental nodes/cell
MathExtras.Helfgott.MinorSection51Pieces.bandFiniteMarginNoP2SII_highCell_verified._native.native_decide.ax_1_56,MathExtras.NumberTheory.Helfgott,MathExtras.NumberTheory.Helfgott.Section53Corrected4ThrBandNoP2SIIHighCells,MathExtras.Helfgott.MinorSection51Pieces.bandFiniteMarginNoP2SII_highCell_verified,MathExtras.Helfgott.MinorSection51Pieces.BandIntervalExpr.evalInterval,bisection-tree,"RatInterval (exp/log/sqrt nodes, no rounding)",7650,10000,0,adaptiveUpper depth 7 (worst case 255 cells) x ~30 transcendental nodes/cell
MathExtras.Helfgott.MinorSection51Pieces.bandFiniteMarginNoP2SII_highCell_verified._native.native_decide.ax_1_57,MathExtras.NumberTheory.Helfgott,MathExtras.NumberTheory.Helfgott.Section53Corrected4ThrBandNoP2SIIHighCells,MathExtras.Helfgott.MinorSection51Pieces.bandFiniteMarginNoP2SII_highCell_verified,MathExtras.Helfgott.MinorSection51Pieces.BandIntervalExpr.evalInterval,bisection-tree,"RatInterval (exp/log/sqrt nodes, no rounding)",7650,10000,0,adaptiveUpper depth 7 (worst case 255 cells) x ~30 transcendental nodes/cell
MathExtras.Helfgott.MinorSection51Pieces.bandFiniteMarginNoP2SII_highCell_verified._native.native_decide.ax_1_58,MathExtras.NumberTheory.Helfgott,MathExtras.NumberTheory.Helfgott.Section53Corrected4ThrBandNoP2SIIHighCells,MathExtras.Helfgott.MinorSection51Pieces.bandFiniteMarginNoP2SII_highCell_verified,MathExtras.Helfgott.MinorSection51Pieces.BandIntervalExpr.evalInterval,bisection-tree,"RatInterval (exp/log/sqrt nodes, no rounding)",7650,10000,0,adaptiveUpper depth 7 (worst case 255 cells) x ~30 transcendental nodes/cell
MathExtras.Helfgott.MinorSection51Pieces.bandFiniteMarginNoP2SII_highCell_verified._native.native_decide.ax_1_59,MathExtras.NumberTheory.Helfgott,MathExtras.NumberTheory.Helfgott.Section53Corrected4ThrBandNoP2SIIHighCells,MathExtras.Helfgott.MinorSection51Pieces.bandFiniteMarginNoP2SII_highCell_verified,MathExtras.Helfgott.MinorSection51Pieces.BandIntervalExpr.evalInterval,bisection-tree,"RatInterval (exp/log/sqrt nodes, no rounding)",7650,10000,0,adaptiveUpper depth 7 (worst case 255 cells) x ~30 transcendental nodes/cell
MathExtras.Helfgott.MinorSection51Pieces.bandFiniteMarginNoP2SII_highCell_verified._native.native_decide.ax_1_6,MathExtras.NumberTheory.Helfgott,MathExtras.NumberTheory.Helfgott.Section53Corrected4ThrBandNoP2SIIHighCells,MathExtras.Helfgott.MinorSection51Pieces.bandFiniteMarginNoP2SII_highCell_verified,MathExtras.Helfgott.MinorSection51Pieces.BandIntervalExpr.evalInterval,bisection-tree,"RatInterval (exp/log/sqrt nodes, no rounding)",7650,10000,0,adaptiveUpper depth 7 (worst case 255 cells) x ~30 transcendental nodes/cell
MathExtras.Helfgott.MinorSection51Pieces.bandFiniteMarginNoP2SII_highCell_verified._native.native_decide.ax_1_60,MathExtras.NumberTheory.Helfgott,MathExtras.NumberTheory.Helfgott.Section53Corrected4ThrBandNoP2SIIHighCells,MathExtras.Helfgott.MinorSection51Pieces.bandFiniteMarginNoP2SII_highCell_verified,MathExtras.Helfgott.MinorSection51Pieces.BandIntervalExpr.evalInterval,bisection-tree,"RatInterval (exp/log/sqrt nodes, no rounding)",7650,10000,0,adaptiveUpper depth 7 (worst case 255 cells) x ~30 transcendental nodes/cell
MathExtras.Helfgott.MinorSection51Pieces.bandFiniteMarginNoP2SII_highCell_verified._native.native_decide.ax_1_61,MathExtras.NumberTheory.Helfgott,MathExtras.NumberTheory.Helfgott.Section53Corrected4ThrBandNoP2SIIHighCells,MathExtras.Helfgott.MinorSection51Pieces.bandFiniteMarginNoP2SII_highCell_verified,MathExtras.Helfgott.MinorSection51Pieces.BandIntervalExpr.evalInterval,bisection-tree,"RatInterval (exp/log/sqrt nodes, no rounding)",7650,10000,0,adaptiveUpper depth 7 (worst case 255 cells) x ~30 transcendental nodes/cell
MathExtras.Helfgott.MinorSection51Pieces.bandFiniteMarginNoP2SII_highCell_verified._native.native_decide.ax_1_62,MathExtras.NumberTheory.Helfgott,MathExtras.NumberTheory.Helfgott.Section53Corrected4ThrBandNoP2SIIHighCells,MathExtras.Helfgott.MinorSection51Pieces.bandFiniteMarginNoP2SII_highCell_verified,MathExtras.Helfgott.MinorSection51Pieces.BandIntervalExpr.evalInterval,bisection-tree,"RatInterval (exp/log/sqrt nodes, no rounding)",7650,10000,0,adaptiveUpper depth 7 (worst case 255 cells) x ~30 transcendental nodes/cell
MathExtras.Helfgott.MinorSection51Pieces.bandFiniteMarginNoP2SII_highCell_verified._native.native_decide.ax_1_63,MathExtras.NumberTheory.Helfgott,MathExtras.NumberTheory.Helfgott.Section53Corrected4ThrBandNoP2SIIHighCells,MathExtras.Helfgott.MinorSection51Pieces.bandFiniteMarginNoP2SII_highCell_verified,MathExtras.Helfgott.MinorSection51Pieces.BandIntervalExpr.evalInterval,bisection-tree,"RatInterval (exp/log/sqrt nodes, no rounding)",7650,10000,0,adaptiveUpper depth 7 (worst case 255 cells) x ~30 transcendental nodes/cell
MathExtras.Helfgott.MinorSection51Pieces.bandFiniteMarginNoP2SII_highCell_verified._native.native_decide.ax_1_64,MathExtras.NumberTheory.Helfgott,MathExtras.NumberTheory.Helfgott.Section53Corrected4ThrBandNoP2SIIHighCells,MathExtras.Helfgott.MinorSection51Pieces.bandFiniteMarginNoP2SII_highCell_verified,MathExtras.Helfgott.MinorSection51Pieces.BandIntervalExpr.evalInterval,bisection-tree,"RatInterval (exp/log/sqrt nodes, no rounding)",7650,10000,0,adaptiveUpper depth 7 (worst case 255 cells) x ~30 transcendental nodes/cell
MathExtras.Helfgott.MinorSection51Pieces.bandFiniteMarginNoP2SII_highCell_verified._native.native_decide.ax_1_65,MathExtras.NumberTheory.Helfgott,MathExtras.NumberTheory.Helfgott.Section53Corrected4ThrBandNoP2SIIHighCells,MathExtras.Helfgott.MinorSection51Pieces.bandFiniteMarginNoP2SII_highCell_verified,MathExtras.Helfgott.MinorSection51Pieces.BandIntervalExpr.evalInterval,bisection-tree,"RatInterval (exp/log/sqrt nodes, no rounding)",7650,10000,0,adaptiveUpper depth 7 (worst case 255 cells) x ~30 transcendental nodes/cell
MathExtras.Helfgott.MinorSection51Pieces.bandFiniteMarginNoP2SII_highCell_verified._native.native_decide.ax_1_66,MathExtras.NumberTheory.Helfgott,MathExtras.NumberTheory.Helfgott.Section53Corrected4ThrBandNoP2SIIHighCells,MathExtras.Helfgott.MinorSection51Pieces.bandFiniteMarginNoP2SII_highCell_verified,MathExtras.Helfgott.MinorSection51Pieces.BandIntervalExpr.evalInterval,bisection-tree,"RatInterval (exp/log/sqrt nodes, no rounding)",7650,10000,0,adaptiveUpper depth 7 (worst case 255 cells) x ~30 transcendental nodes/cell
MathExtras.Helfgott.MinorSection51Pieces.bandFiniteMarginNoP2SII_highCell_verified._native.native_decide.ax_1_67,MathExtras.NumberTheory.Helfgott,MathExtras.NumberTheory.Helfgott.Section53Corrected4ThrBandNoP2SIIHighCells,MathExtras.Helfgott.MinorSection51Pieces.bandFiniteMarginNoP2SII_highCell_verified,MathExtras.Helfgott.MinorSection51Pieces.BandIntervalExpr.evalInterval,bisection-tree,"RatInterval (exp/log/sqrt nodes, no rounding)",7650,10000,0,adaptiveUpper depth 7 (worst case 255 cells) x ~30 transcendental nodes/cell
MathExtras.Helfgott.MinorSection51Pieces.bandFiniteMarginNoP2SII_highCell_verified._native.native_decide.ax_1_68,MathExtras.NumberTheory.Helfgott,MathExtras.NumberTheory.Helfgott.Section53Corrected4ThrBandNoP2SIIHighCells,MathExtras.Helfgott.MinorSection51Pieces.bandFiniteMarginNoP2SII_highCell_verified,MathExtras.Helfgott.MinorSection51Pieces.BandIntervalExpr.evalInterval,bisection-tree,"RatInterval (exp/log/sqrt nodes, no rounding)",7650,10000,0,adaptiveUpper depth 7 (worst case 255 cells) x ~30 transcendental nodes/cell
MathExtras.Helfgott.MinorSection51Pieces.bandFiniteMarginNoP2SII_highCell_verified._native.native_decide.ax_1_69,MathExtras.NumberTheory.Helfgott,MathExtras.NumberTheory.Helfgott.Section53Corrected4ThrBandNoP2SIIHighCells,MathExtras.Helfgott.MinorSection51Pieces.bandFiniteMarginNoP2SII_highCell_verified,MathExtras.Helfgott.MinorSection51Pieces.BandIntervalExpr.evalInterval,bisection-tree,"RatInterval (exp/log/sqrt nodes, no rounding)",7650,10000,0,adaptiveUpper depth 7 (worst case 255 cells) x ~30 transcendental nodes/cell
MathExtras.Helfgott.MinorSection51Pieces.bandFiniteMarginNoP2SII_highCell_verified._native.native_decide.ax_1_7,MathExtras.NumberTheory.Helfgott,MathExtras.NumberTheory.Helfgott.Section53Corrected4ThrBandNoP2SIIHighCells,MathExtras.Helfgott.MinorSection51Pieces.bandFiniteMarginNoP2SII_highCell_verified,MathExtras.Helfgott.MinorSection51Pieces.BandIntervalExpr.evalInterval,bisection-tree,"RatInterval (exp/log/sqrt nodes, no rounding)",7650,10000,0,adaptiveUpper depth 7 (worst case 255 cells) x ~30 transcendental nodes/cell
MathExtras.Helfgott.MinorSection51Pieces.bandFiniteMarginNoP2SII_highCell_verified._native.native_decide.ax_1_70,MathExtras.NumberTheory.Helfgott,MathExtras.NumberTheory.Helfgott.Section53Corrected4ThrBandNoP2SIIHighCells,MathExtras.Helfgott.MinorSection51Pieces.bandFiniteMarginNoP2SII_highCell_verified,MathExtras.Helfgott.MinorSection51Pieces.BandIntervalExpr.evalInterval,bisection-tree,"RatInterval (exp/log/sqrt nodes, no rounding)",7650,10000,0,adaptiveUpper depth 7 (worst case 255 cells) x ~30 transcendental nodes/cell
MathExtras.Helfgott.MinorSection51Pieces.bandFiniteMarginNoP2SII_highCell_verified._native.native_decide.ax_1_71,MathExtras.NumberTheory.Helfgott,MathExtras.NumberTheory.Helfgott.Section53Corrected4ThrBandNoP2SIIHighCells,MathExtras.Helfgott.MinorSection51Pieces.bandFiniteMarginNoP2SII_highCell_verified,MathExtras.Helfgott.MinorSection51Pieces.BandIntervalExpr.evalInterval,bisection-tree,"RatInterval (exp/log/sqrt nodes, no rounding)",7650,10000,0,adaptiveUpper depth 7 (worst case 255 cells) x ~30 transcendental nodes/cell
MathExtras.Helfgott.MinorSection51Pieces.bandFiniteMarginNoP2SII_highCell_verified._native.native_decide.ax_1_72,MathExtras.NumberTheory.Helfgott,MathExtras.NumberTheory.Helfgott.Section53Corrected4ThrBandNoP2SIIHighCells,MathExtras.Helfgott.MinorSection51Pieces.bandFiniteMarginNoP2SII_highCell_verified,MathExtras.Helfgott.MinorSection51Pieces.BandIntervalExpr.evalInterval,bisection-tree,"RatInterval (exp/log/sqrt nodes, no rounding)",7650,10000,0,adaptiveUpper depth 7 (worst case 255 cells) x ~30 transcendental nodes/cell
MathExtras.Helfgott.MinorSection51Pieces.bandFiniteMarginNoP2SII_highCell_verified._native.native_decide.ax_1_73,MathExtras.NumberTheory.Helfgott,MathExtras.NumberTheory.Helfgott.Section53Corrected4ThrBandNoP2SIIHighCells,MathExtras.Helfgott.MinorSection51Pieces.bandFiniteMarginNoP2SII_highCell_verified,MathExtras.Helfgott.MinorSection51Pieces.BandIntervalExpr.evalInterval,bisection-tree,"RatInterval (exp/log/sqrt nodes, no rounding)",7650,10000,0,adaptiveUpper depth 7 (worst case 255 cells) x ~30 transcendental nodes/cell
MathExtras.Helfgott.MinorSection51Pieces.bandFiniteMarginNoP2SII_highCell_verified._native.native_decide.ax_1_74,MathExtras.NumberTheory.Helfgott,MathExtras.NumberTheory.Helfgott.Section53Corrected4ThrBandNoP2SIIHighCells,MathExtras.Helfgott.MinorSection51Pieces.bandFiniteMarginNoP2SII_highCell_verified,MathExtras.Helfgott.MinorSection51Pieces.BandIntervalExpr.evalInterval,bisection-tree,"RatInterval (exp/log/sqrt nodes, no rounding)",7650,10000,0,adaptiveUpper depth 7 (worst case 255 cells) x ~30 transcendental nodes/cell
MathExtras.Helfgott.MinorSection51Pieces.bandFiniteMarginNoP2SII_highCell_verified._native.native_decide.ax_1_75,MathExtras.NumberTheory.Helfgott,MathExtras.NumberTheory.Helfgott.Section53Corrected4ThrBandNoP2SIIHighCells,MathExtras.Helfgott.MinorSection51Pieces.bandFiniteMarginNoP2SII_highCell_verified,MathExtras.Helfgott.MinorSection51Pieces.BandIntervalExpr.evalInterval,bisection-tree,"RatInterval (exp/log/sqrt nodes, no rounding)",7650,10000,0,adaptiveUpper depth 7 (worst case 255 cells) x ~30 transcendental nodes/cell
MathExtras.Helfgott.MinorSection51Pieces.bandFiniteMarginNoP2SII_highCell_verified._native.native_decide.ax_1_76,MathExtras.NumberTheory.Helfgott,MathExtras.NumberTheory.Helfgott.Section53Corrected4ThrBandNoP2SIIHighCells,MathExtras.Helfgott.MinorSection51Pieces.bandFiniteMarginNoP2SII_highCell_verified,MathExtras.Helfgott.MinorSection51Pieces.BandIntervalExpr.evalInterval,bisection-tree,"RatInterval (exp/log/sqrt nodes, no rounding)",7650,10000,0,adaptiveUpper depth 7 (worst case 255 cells) x ~30 transcendental nodes/cell
MathExtras.Helfgott.MinorSection51Pieces.bandFiniteMarginNoP2SII_highCell_verified._native.native_decide.ax_1_77,MathExtras.NumberTheory.Helfgott,MathExtras.NumberTheory.Helfgott.Section53Corrected4ThrBandNoP2SIIHighCells,MathExtras.Helfgott.MinorSection51Pieces.bandFiniteMarginNoP2SII_highCell_verified,MathExtras.Helfgott.MinorSection51Pieces.BandIntervalExpr.evalInterval,bisection-tree,"RatInterval (exp/log/sqrt nodes, no rounding)",7650,10000,0,adaptiveUpper depth 7 (worst case 255 cells) x ~30 transcendental nodes/cell
MathExtras.Helfgott.MinorSection51Pieces.bandFiniteMarginNoP2SII_highCell_verified._native.native_decide.ax_1_78,MathExtras.NumberTheory.Helfgott,MathExtras.NumberTheory.Helfgott.Section53Corrected4ThrBandNoP2SIIHighCells,MathExtras.Helfgott.MinorSection51Pieces.bandFiniteMarginNoP2SII_highCell_verified,MathExtras.Helfgott.MinorSection51Pieces.BandIntervalExpr.evalInterval,bisection-tree,"RatInterval (exp/log/sqrt nodes, no rounding)",7650,10000,0,adaptiveUpper depth 7 (worst case 255 cells) x ~30 transcendental nodes/cell
MathExtras.Helfgott.MinorSection51Pieces.bandFiniteMarginNoP2SII_highCell_verified._native.native_decide.ax_1_79,MathExtras.NumberTheory.Helfgott,MathExtras.NumberTheory.Helfgott.Section53Corrected4ThrBandNoP2SIIHighCells,MathExtras.Helfgott.MinorSection51Pieces.bandFiniteMarginNoP2SII_highCell_verified,MathExtras.Helfgott.MinorSection51Pieces.BandIntervalExpr.evalInterval,bisection-tree,"RatInterval (exp/log/sqrt nodes, no rounding)",7650,10000,0,adaptiveUpper depth 7 (worst case 255 cells) x ~30 transcendental nodes/cell
MathExtras.Helfgott.MinorSection51Pieces.bandFiniteMarginNoP2SII_highCell_verified._native.native_decide.ax_1_8,MathExtras.NumberTheory.Helfgott,MathExtras.NumberTheory.Helfgott.Section53Corrected4ThrBandNoP2SIIHighCells,MathExtras.Helfgott.MinorSection51Pieces.bandFiniteMarginNoP2SII_highCell_verified,MathExtras.Helfgott.MinorSection51Pieces.BandIntervalExpr.evalInterval,bisection-tree,"RatInterval (exp/log/sqrt nodes, no rounding)",7650,10000,0,adaptiveUpper depth 7 (worst case 255 cells) x ~30 transcendental nodes/cell
MathExtras.Helfgott.MinorSection51Pieces.bandFiniteMarginNoP2SII_highCell_verified._native.native_decide.ax_1_80,MathExtras.NumberTheory.Helfgott,MathExtras.NumberTheory.Helfgott.Section53Corrected4ThrBandNoP2SIIHighCells,MathExtras.Helfgott.MinorSection51Pieces.bandFiniteMarginNoP2SII_highCell_verified,MathExtras.Helfgott.MinorSection51Pieces.BandIntervalExpr.evalInterval,bisection-tree,"RatInterval (exp/log/sqrt nodes, no rounding)",7650,10000,0,adaptiveUpper depth 7 (worst case 255 cells) x ~30 transcendental nodes/cell
MathExtras.Helfgott.MinorSection51Pieces.bandFiniteMarginNoP2SII_highCell_verified._native.native_decide.ax_1_81,MathExtras.NumberTheory.Helfgott,MathExtras.NumberTheory.Helfgott.Section53Corrected4ThrBandNoP2SIIHighCells,MathExtras.Helfgott.MinorSection51Pieces.bandFiniteMarginNoP2SII_highCell_verified,MathExtras.Helfgott.MinorSection51Pieces.BandIntervalExpr.evalInterval,bisection-tree,"RatInterval (exp/log/sqrt nodes, no rounding)",7650,10000,0,adaptiveUpper depth 7 (worst case 255 cells) x ~30 transcendental nodes/cell
MathExtras.Helfgott.MinorSection51Pieces.bandFiniteMarginNoP2SII_highCell_verified._native.native_decide.ax_1_82,MathExtras.NumberTheory.Helfgott,MathExtras.NumberTheory.Helfgott.Section53Corrected4ThrBandNoP2SIIHighCells,MathExtras.Helfgott.MinorSection51Pieces.bandFiniteMarginNoP2SII_highCell_verified,MathExtras.Helfgott.MinorSection51Pieces.BandIntervalExpr.evalInterval,bisection-tree,"RatInterval (exp/log/sqrt nodes, no rounding)",7650,10000,0,adaptiveUpper depth 7 (worst case 255 cells) x ~30 transcendental nodes/cell
MathExtras.Helfgott.MinorSection51Pieces.bandFiniteMarginNoP2SII_highCell_verified._native.native_decide.ax_1_83,MathExtras.NumberTheory.Helfgott,MathExtras.NumberTheory.Helfgott.Section53Corrected4ThrBandNoP2SIIHighCells,MathExtras.Helfgott.MinorSection51Pieces.bandFiniteMarginNoP2SII_highCell_verified,MathExtras.Helfgott.MinorSection51Pieces.BandIntervalExpr.evalInterval,bisection-tree,"RatInterval (exp/log/sqrt nodes, no rounding)",7650,10000,0,adaptiveUpper depth 7 (worst case 255 cells) x ~30 transcendental nodes/cell
MathExtras.Helfgott.MinorSection51Pieces.bandFiniteMarginNoP2SII_highCell_verified._native.native_decide.ax_1_84,MathExtras.NumberTheory.Helfgott,MathExtras.NumberTheory.Helfgott.Section53Corrected4ThrBandNoP2SIIHighCells,MathExtras.Helfgott.MinorSection51Pieces.bandFiniteMarginNoP2SII_highCell_verified,MathExtras.Helfgott.MinorSection51Pieces.BandIntervalExpr.evalInterval,bisection-tree,"RatInterval (exp/log/sqrt nodes, no rounding)",7650,10000,0,adaptiveUpper depth 7 (worst case 255 cells) x ~30 transcendental nodes/cell
MathExtras.Helfgott.MinorSection51Pieces.bandFiniteMarginNoP2SII_highCell_verified._native.native_decide.ax_1_85,MathExtras.NumberTheory.Helfgott,MathExtras.NumberTheory.Helfgott.Section53Corrected4ThrBandNoP2SIIHighCells,MathExtras.Helfgott.MinorSection51Pieces.bandFiniteMarginNoP2SII_highCell_verified,MathExtras.Helfgott.MinorSection51Pieces.BandIntervalExpr.evalInterval,bisection-tree,"RatInterval (exp/log/sqrt nodes, no rounding)",7650,10000,0,adaptiveUpper depth 7 (worst case 255 cells) x ~30 transcendental nodes/cell
MathExtras.Helfgott.MinorSection51Pieces.bandFiniteMarginNoP2SII_highCell_verified._native.native_decide.ax_1_86,MathExtras.NumberTheory.Helfgott,MathExtras.NumberTheory.Helfgott.Section53Corrected4ThrBandNoP2SIIHighCells,MathExtras.Helfgott.MinorSection51Pieces.bandFiniteMarginNoP2SII_highCell_verified,MathExtras.Helfgott.MinorSection51Pieces.BandIntervalExpr.evalInterval,bisection-tree,"RatInterval (exp/log/sqrt nodes, no rounding)",7650,10000,0,adaptiveUpper depth 7 (worst case 255 cells) x ~30 transcendental nodes/cell
MathExtras.Helfgott.MinorSection51Pieces.bandFiniteMarginNoP2SII_highCell_verified._native.native_decide.ax_1_87,MathExtras.NumberTheory.Helfgott,MathExtras.NumberTheory.Helfgott.Section53Corrected4ThrBandNoP2SIIHighCells,MathExtras.Helfgott.MinorSection51Pieces.bandFiniteMarginNoP2SII_highCell_verified,MathExtras.Helfgott.MinorSection51Pieces.BandIntervalExpr.evalInterval,bisection-tree,"RatInterval (exp/log/sqrt nodes, no rounding)",7650,10000,0,adaptiveUpper depth 7 (worst case 255 cells) x ~30 transcendental nodes/cell
MathExtras.Helfgott.MinorSection51Pieces.bandFiniteMarginNoP2SII_highCell_verified._native.native_decide.ax_1_88,MathExtras.NumberTheory.Helfgott,MathExtras.NumberTheory.Helfgott.Section53Corrected4ThrBandNoP2SIIHighCells,MathExtras.Helfgott.MinorSection51Pieces.bandFiniteMarginNoP2SII_highCell_verified,MathExtras.Helfgott.MinorSection51Pieces.BandIntervalExpr.evalInterval,bisection-tree,"RatInterval (exp/log/sqrt nodes, no rounding)",7650,10000,0,adaptiveUpper depth 7 (worst case 255 cells) x ~30 transcendental nodes/cell
MathExtras.Helfgott.MinorSection51Pieces.bandFiniteMarginNoP2SII_highCell_verified._native.native_decide.ax_1_89,MathExtras.NumberTheory.Helfgott,MathExtras.NumberTheory.Helfgott.Section53Corrected4ThrBandNoP2SIIHighCells,MathExtras.Helfgott.MinorSection51Pieces.bandFiniteMarginNoP2SII_highCell_verified,MathExtras.Helfgott.MinorSection51Pieces.BandIntervalExpr.evalInterval,bisection-tree,"RatInterval (exp/log/sqrt nodes, no rounding)",7650,10000,0,adaptiveUpper depth 7 (worst case 255 cells) x ~30 transcendental nodes/cell
MathExtras.Helfgott.MinorSection51Pieces.bandFiniteMarginNoP2SII_highCell_verified._native.native_decide.ax_1_9,MathExtras.NumberTheory.Helfgott,MathExtras.NumberTheory.Helfgott.Section53Corrected4ThrBandNoP2SIIHighCells,MathExtras.Helfgott.MinorSection51Pieces.bandFiniteMarginNoP2SII_highCell_verified,MathExtras.Helfgott.MinorSection51Pieces.BandIntervalExpr.evalInterval,bisection-tree,"RatInterval (exp/log/sqrt nodes, no rounding)",7650,10000,0,adaptiveUpper depth 7 (worst case 255 cells) x ~30 transcendental nodes/cell
MathExtras.Helfgott.MinorSection51Pieces.bandFiniteMarginNoP2SII_highCell_verified._native.native_decide.ax_1_90,MathExtras.NumberTheory.Helfgott,MathExtras.NumberTheory.Helfgott.Section53Corrected4ThrBandNoP2SIIHighCells,MathExtras.Helfgott.MinorSection51Pieces.bandFiniteMarginNoP2SII_highCell_verified,MathExtras.Helfgott.MinorSection51Pieces.BandIntervalExpr.evalInterval,bisection-tree,"RatInterval (exp/log/sqrt nodes, no rounding)",7650,10000,0,adaptiveUpper depth 7 (worst case 255 cells) x ~30 transcendental nodes/cell
MathExtras.Helfgott.MinorSection51Pieces.bandFiniteMarginNoP2SII_highCell_verified._native.native_decide.ax_1_91,MathExtras.NumberTheory.Helfgott,MathExtras.NumberTheory.Helfgott.Section53Corrected4ThrBandNoP2SIIHighCells,MathExtras.Helfgott.MinorSection51Pieces.bandFiniteMarginNoP2SII_highCell_verified,MathExtras.Helfgott.MinorSection51Pieces.BandIntervalExpr.evalInterval,bisection-tree,"RatInterval (exp/log/sqrt nodes, no rounding)",7650,10000,0,adaptiveUpper depth 7 (worst case 255 cells) x ~30 transcendental nodes/cell
MathExtras.Helfgott.MinorSection51Pieces.bandFiniteMarginNoP2SII_highCell_verified._native.native_decide.ax_1_92,MathExtras.NumberTheory.Helfgott,MathExtras.NumberTheory.Helfgott.Section53Corrected4ThrBandNoP2SIIHighCells,MathExtras.Helfgott.MinorSection51Pieces.bandFiniteMarginNoP2SII_highCell_verified,MathExtras.Helfgott.MinorSection51Pieces.BandIntervalExpr.evalInterval,bisection-tree,"RatInterval (exp/log/sqrt nodes, no rounding)",7650,10000,0,adaptiveUpper depth 7 (worst case 255 cells) x ~30 transcendental nodes/cell
MathExtras.Helfgott.MinorSection51Pieces.bandFiniteMarginNoP2SII_highCell_verified._native.native_decide.ax_1_93,MathExtras.NumberTheory.Helfgott,MathExtras.NumberTheory.Helfgott.Section53Corrected4ThrBandNoP2SIIHighCells,MathExtras.Helfgott.MinorSection51Pieces.bandFiniteMarginNoP2SII_highCell_verified,MathExtras.Helfgott.MinorSection51Pieces.BandIntervalExpr.evalInterval,bisection-tree,"RatInterval (exp/log/sqrt nodes, no rounding)",7650,10000,0,adaptiveUpper depth 7 (worst case 255 cells) x ~30 transcendental nodes/cell
MathExtras.Helfgott.MinorSection51Pieces.bandFiniteMarginNoP2SII_highCell_verified._native.native_decide.ax_1_94,MathExtras.NumberTheory.Helfgott,MathExtras.NumberTheory.Helfgott.Section53Corrected4ThrBandNoP2SIIHighCells,MathExtras.Helfgott.MinorSection51Pieces.bandFiniteMarginNoP2SII_highCell_verified,MathExtras.Helfgott.MinorSection51Pieces.BandIntervalExpr.evalInterval,bisection-tree,"RatInterval (exp/log/sqrt nodes, no rounding)",7650,10000,0,adaptiveUpper depth 7 (worst case 255 cells) x ~30 transcendental nodes/cell
MathExtras.Helfgott.MinorSection51Pieces.bandFiniteMarginNoP2SII_highCell_verified._native.native_decide.ax_1_95,MathExtras.NumberTheory.Helfgott,MathExtras.NumberTheory.Helfgott.Section53Corrected4ThrBandNoP2SIIHighCells,MathExtras.Helfgott.MinorSection51Pieces.bandFiniteMarginNoP2SII_highCell_verified,MathExtras.Helfgott.MinorSection51Pieces.BandIntervalExpr.evalInterval,bisection-tree,"RatInterval (exp/log/sqrt nodes, no rounding)",7650,10000,0,adaptiveUpper depth 7 (worst case 255 cells) x ~30 transcendental nodes/cell
MathExtras.Helfgott.MinorSection51Pieces.bandFiniteMarginNoP2SII_highCell_verified._native.native_decide.ax_1_96,MathExtras.NumberTheory.Helfgott,MathExtras.NumberTheory.Helfgott.Section53Corrected4ThrBandNoP2SIIHighCells,MathExtras.Helfgott.MinorSection51Pieces.bandFiniteMarginNoP2SII_highCell_verified,MathExtras.Helfgott.MinorSection51Pieces.BandIntervalExpr.evalInterval,bisection-tree,"RatInterval (exp/log/sqrt nodes, no rounding)",7650,10000,0,adaptiveUpper depth 7 (worst case 255 cells) x ~30 transcendental nodes/cell
MathExtras.Helfgott.MinorSection51Pieces.bandFiniteMarginNoP2SII_highCell_verified._native.native_decide.ax_1_97,MathExtras.NumberTheory.Helfgott,MathExtras.NumberTheory.Helfgott.Section53Corrected4ThrBandNoP2SIIHighCells,MathExtras.Helfgott.MinorSection51Pieces.bandFiniteMarginNoP2SII_highCell_verified,MathExtras.Helfgott.MinorSection51Pieces.BandIntervalExpr.evalInterval,bisection-tree,"RatInterval (exp/log/sqrt nodes, no rounding)",7650,10000,0,adaptiveUpper depth 7 (worst case 255 cells) x ~30 transcendental nodes/cell
MathExtras.Helfgott.MinorSection51Pieces.bandFiniteMarginNoP2SII_highCell_verified._native.native_decide.ax_1_98,MathExtras.NumberTheory.Helfgott,MathExtras.NumberTheory.Helfgott.Section53Corrected4ThrBandNoP2SIIHighCells,MathExtras.Helfgott.MinorSection51Pieces.bandFiniteMarginNoP2SII_highCell_verified,MathExtras.Helfgott.MinorSection51Pieces.BandIntervalExpr.evalInterval,bisection-tree,"RatInterval (exp/log/sqrt nodes, no rounding)",7650,10000,0,adaptiveUpper depth 7 (worst case 255 cells) x ~30 transcendental nodes/cell
MathExtras.Helfgott.MinorSection51Pieces.bandFiniteMarginNoP2SII_highCell_verified._native.native_decide.ax_1_99,MathExtras.NumberTheory.Helfgott,MathExtras.NumberTheory.Helfgott.Section53Corrected4ThrBandNoP2SIIHighCells,MathExtras.Helfgott.MinorSection51Pieces.bandFiniteMarginNoP2SII_highCell_verified,MathExtras.Helfgott.MinorSection51Pieces.BandIntervalExpr.evalInterval,bisection-tree,"RatInterval (exp/log/sqrt nodes, no rounding)",7650,10000,0,adaptiveUpper depth 7 (worst case 255 cells) x ~30 transcendental nodes/cell
MathExtras.Helfgott.MinorSection51Pieces.bandFiniteMarginNoP2SII_verified._native.native_decide.ax_1_1,MathExtras.NumberTheory.Helfgott,MathExtras.NumberTheory.Helfgott.Section53Corrected4ThrBandNoP2SII,MathExtras.Helfgott.MinorSection51Pieces.bandFiniteMarginNoP2SII_verified,MathExtras.Helfgott.MinorSection51Pieces.BandIntervalExpr.evalInterval,bisection-tree,"RatInterval (exp/log/sqrt nodes, no rounding)",7650,10000,0,adaptiveUpper depth 7 (worst case 255 cells) x ~30 transcendental nodes/cell
MathExtras.Helfgott.MinorSection51Pieces.bandFiniteMarginNoP2SII_verified._native.native_decide.ax_1_10,MathExtras.NumberTheory.Helfgott,MathExtras.NumberTheory.Helfgott.Section53Corrected4ThrBandNoP2SII,MathExtras.Helfgott.MinorSection51Pieces.bandFiniteMarginNoP2SII_verified,MathExtras.Helfgott.MinorSection51Pieces.BandIntervalExpr.evalInterval,bisection-tree,"RatInterval (exp/log/sqrt nodes, no rounding)",7650,10000,0,adaptiveUpper depth 7 (worst case 255 cells) x ~30 transcendental nodes/cell
MathExtras.Helfgott.MinorSection51Pieces.bandFiniteMarginNoP2SII_verified._native.native_decide.ax_1_11,MathExtras.NumberTheory.Helfgott,MathExtras.NumberTheory.Helfgott.Section53Corrected4ThrBandNoP2SII,MathExtras.Helfgott.MinorSection51Pieces.bandFiniteMarginNoP2SII_verified,MathExtras.Helfgott.MinorSection51Pieces.BandIntervalExpr.evalInterval,bisection-tree,"RatInterval (exp/log/sqrt nodes, no rounding)",7650,10000,0,adaptiveUpper depth 7 (worst case 255 cells) x ~30 transcendental nodes/cell
MathExtras.Helfgott.MinorSection51Pieces.bandFiniteMarginNoP2SII_verified._native.native_decide.ax_1_12,MathExtras.NumberTheory.Helfgott,MathExtras.NumberTheory.Helfgott.Section53Corrected4ThrBandNoP2SII,MathExtras.Helfgott.MinorSection51Pieces.bandFiniteMarginNoP2SII_verified,MathExtras.Helfgott.MinorSection51Pieces.BandIntervalExpr.evalInterval,bisection-tree,"RatInterval (exp/log/sqrt nodes, no rounding)",7650,10000,0,adaptiveUpper depth 7 (worst case 255 cells) x ~30 transcendental nodes/cell
MathExtras.Helfgott.MinorSection51Pieces.bandFiniteMarginNoP2SII_verified._native.native_decide.ax_1_13,MathExtras.NumberTheory.Helfgott,MathExtras.NumberTheory.Helfgott.Section53Corrected4ThrBandNoP2SII,MathExtras.Helfgott.MinorSection51Pieces.bandFiniteMarginNoP2SII_verified,MathExtras.Helfgott.MinorSection51Pieces.BandIntervalExpr.evalInterval,bisection-tree,"RatInterval (exp/log/sqrt nodes, no rounding)",7650,10000,0,adaptiveUpper depth 7 (worst case 255 cells) x ~30 transcendental nodes/cell
MathExtras.Helfgott.MinorSection51Pieces.bandFiniteMarginNoP2SII_verified._native.native_decide.ax_1_14,MathExtras.NumberTheory.Helfgott,MathExtras.NumberTheory.Helfgott.Section53Corrected4ThrBandNoP2SII,MathExtras.Helfgott.MinorSection51Pieces.bandFiniteMarginNoP2SII_verified,MathExtras.Helfgott.MinorSection51Pieces.BandIntervalExpr.evalInterval,bisection-tree,"RatInterval (exp/log/sqrt nodes, no rounding)",7650,10000,0,adaptiveUpper depth 7 (worst case 255 cells) x ~30 transcendental nodes/cell
MathExtras.Helfgott.MinorSection51Pieces.bandFiniteMarginNoP2SII_verified._native.native_decide.ax_1_15,MathExtras.NumberTheory.Helfgott,MathExtras.NumberTheory.Helfgott.Section53Corrected4ThrBandNoP2SII,MathExtras.Helfgott.MinorSection51Pieces.bandFiniteMarginNoP2SII_verified,MathExtras.Helfgott.MinorSection51Pieces.BandIntervalExpr.evalInterval,bisection-tree,"RatInterval (exp/log/sqrt nodes, no rounding)",7650,10000,0,adaptiveUpper depth 7 (worst case 255 cells) x ~30 transcendental nodes/cell
MathExtras.Helfgott.MinorSection51Pieces.bandFiniteMarginNoP2SII_verified._native.native_decide.ax_1_16,MathExtras.NumberTheory.Helfgott,MathExtras.NumberTheory.Helfgott.Section53Corrected4ThrBandNoP2SII,MathExtras.Helfgott.MinorSection51Pieces.bandFiniteMarginNoP2SII_verified,MathExtras.Helfgott.MinorSection51Pieces.BandIntervalExpr.evalInterval,bisection-tree,"RatInterval (exp/log/sqrt nodes, no rounding)",7650,10000,0,adaptiveUpper depth 7 (worst case 255 cells) x ~30 transcendental nodes/cell
MathExtras.Helfgott.MinorSection51Pieces.bandFiniteMarginNoP2SII_verified._native.native_decide.ax_1_17,MathExtras.NumberTheory.Helfgott,MathExtras.NumberTheory.Helfgott.Section53Corrected4ThrBandNoP2SII,MathExtras.Helfgott.MinorSection51Pieces.bandFiniteMarginNoP2SII_verified,MathExtras.Helfgott.MinorSection51Pieces.BandIntervalExpr.evalInterval,bisection-tree,"RatInterval (exp/log/sqrt nodes, no rounding)",7650,10000,0,adaptiveUpper depth 7 (worst case 255 cells) x ~30 transcendental nodes/cell
MathExtras.Helfgott.MinorSection51Pieces.bandFiniteMarginNoP2SII_verified._native.native_decide.ax_1_18,MathExtras.NumberTheory.Helfgott,MathExtras.NumberTheory.Helfgott.Section53Corrected4ThrBandNoP2SII,MathExtras.Helfgott.MinorSection51Pieces.bandFiniteMarginNoP2SII_verified,MathExtras.Helfgott.MinorSection51Pieces.BandIntervalExpr.evalInterval,bisection-tree,"RatInterval (exp/log/sqrt nodes, no rounding)",7650,10000,0,adaptiveUpper depth 7 (worst case 255 cells) x ~30 transcendental nodes/cell
MathExtras.Helfgott.MinorSection51Pieces.bandFiniteMarginNoP2SII_verified._native.native_decide.ax_1_19,MathExtras.NumberTheory.Helfgott,MathExtras.NumberTheory.Helfgott.Section53Corrected4ThrBandNoP2SII,MathExtras.Helfgott.MinorSection51Pieces.bandFiniteMarginNoP2SII_verified,MathExtras.Helfgott.MinorSection51Pieces.BandIntervalExpr.evalInterval,bisection-tree,"RatInterval (exp/log/sqrt nodes, no rounding)",7650,10000,0,adaptiveUpper depth 7 (worst case 255 cells) x ~30 transcendental nodes/cell
MathExtras.Helfgott.MinorSection51Pieces.bandFiniteMarginNoP2SII_verified._native.native_decide.ax_1_2,MathExtras.NumberTheory.Helfgott,MathExtras.NumberTheory.Helfgott.Section53Corrected4ThrBandNoP2SII,MathExtras.Helfgott.MinorSection51Pieces.bandFiniteMarginNoP2SII_verified,MathExtras.Helfgott.MinorSection51Pieces.BandIntervalExpr.evalInterval,bisection-tree,"RatInterval (exp/log/sqrt nodes, no rounding)",7650,10000,0,adaptiveUpper depth 7 (worst case 255 cells) x ~30 transcendental nodes/cell
MathExtras.Helfgott.MinorSection51Pieces.bandFiniteMarginNoP2SII_verified._native.native_decide.ax_1_20,MathExtras.NumberTheory.Helfgott,MathExtras.NumberTheory.Helfgott.Section53Corrected4ThrBandNoP2SII,MathExtras.Helfgott.MinorSection51Pieces.bandFiniteMarginNoP2SII_verified,MathExtras.Helfgott.MinorSection51Pieces.BandIntervalExpr.evalInterval,bisection-tree,"RatInterval (exp/log/sqrt nodes, no rounding)",7650,10000,0,adaptiveUpper depth 7 (worst case 255 cells) x ~30 transcendental nodes/cell
MathExtras.Helfgott.MinorSection51Pieces.bandFiniteMarginNoP2SII_verified._native.native_decide.ax_1_21,MathExtras.NumberTheory.Helfgott,MathExtras.NumberTheory.Helfgott.Section53Corrected4ThrBandNoP2SII,MathExtras.Helfgott.MinorSection51Pieces.bandFiniteMarginNoP2SII_verified,MathExtras.Helfgott.MinorSection51Pieces.BandIntervalExpr.evalInterval,bisection-tree,"RatInterval (exp/log/sqrt nodes, no rounding)",7650,10000,0,adaptiveUpper depth 7 (worst case 255 cells) x ~30 transcendental nodes/cell
MathExtras.Helfgott.MinorSection51Pieces.bandFiniteMarginNoP2SII_verified._native.native_decide.ax_1_22,MathExtras.NumberTheory.Helfgott,MathExtras.NumberTheory.Helfgott.Section53Corrected4ThrBandNoP2SII,MathExtras.Helfgott.MinorSection51Pieces.bandFiniteMarginNoP2SII_verified,MathExtras.Helfgott.MinorSection51Pieces.BandIntervalExpr.evalInterval,bisection-tree,"RatInterval (exp/log/sqrt nodes, no rounding)",7650,10000,0,adaptiveUpper depth 7 (worst case 255 cells) x ~30 transcendental nodes/cell
MathExtras.Helfgott.MinorSection51Pieces.bandFiniteMarginNoP2SII_verified._native.native_decide.ax_1_23,MathExtras.NumberTheory.Helfgott,MathExtras.NumberTheory.Helfgott.Section53Corrected4ThrBandNoP2SII,MathExtras.Helfgott.MinorSection51Pieces.bandFiniteMarginNoP2SII_verified,MathExtras.Helfgott.MinorSection51Pieces.BandIntervalExpr.evalInterval,bisection-tree,"RatInterval (exp/log/sqrt nodes, no rounding)",7650,10000,0,adaptiveUpper depth 7 (worst case 255 cells) x ~30 transcendental nodes/cell
MathExtras.Helfgott.MinorSection51Pieces.bandFiniteMarginNoP2SII_verified._native.native_decide.ax_1_24,MathExtras.NumberTheory.Helfgott,MathExtras.NumberTheory.Helfgott.Section53Corrected4ThrBandNoP2SII,MathExtras.Helfgott.MinorSection51Pieces.bandFiniteMarginNoP2SII_verified,MathExtras.Helfgott.MinorSection51Pieces.BandIntervalExpr.evalInterval,bisection-tree,"RatInterval (exp/log/sqrt nodes, no rounding)",7650,10000,0,adaptiveUpper depth 7 (worst case 255 cells) x ~30 transcendental nodes/cell
MathExtras.Helfgott.MinorSection51Pieces.bandFiniteMarginNoP2SII_verified._native.native_decide.ax_1_3,MathExtras.NumberTheory.Helfgott,MathExtras.NumberTheory.Helfgott.Section53Corrected4ThrBandNoP2SII,MathExtras.Helfgott.MinorSection51Pieces.bandFiniteMarginNoP2SII_verified,MathExtras.Helfgott.MinorSection51Pieces.BandIntervalExpr.evalInterval,bisection-tree,"RatInterval (exp/log/sqrt nodes, no rounding)",7650,10000,0,adaptiveUpper depth 7 (worst case 255 cells) x ~30 transcendental nodes/cell
MathExtras.Helfgott.MinorSection51Pieces.bandFiniteMarginNoP2SII_verified._native.native_decide.ax_1_4,MathExtras.NumberTheory.Helfgott,MathExtras.NumberTheory.Helfgott.Section53Corrected4ThrBandNoP2SII,MathExtras.Helfgott.MinorSection51Pieces.bandFiniteMarginNoP2SII_verified,MathExtras.Helfgott.MinorSection51Pieces.BandIntervalExpr.evalInterval,bisection-tree,"RatInterval (exp/log/sqrt nodes, no rounding)",7650,10000,0,adaptiveUpper depth 7 (worst case 255 cells) x ~30 transcendental nodes/cell
MathExtras.Helfgott.MinorSection51Pieces.bandFiniteMarginNoP2SII_verified._native.native_decide.ax_1_5,MathExtras.NumberTheory.Helfgott,MathExtras.NumberTheory.Helfgott.Section53Corrected4ThrBandNoP2SII,MathExtras.Helfgott.MinorSection51Pieces.bandFiniteMarginNoP2SII_verified,MathExtras.Helfgott.MinorSection51Pieces.BandIntervalExpr.evalInterval,bisection-tree,"RatInterval (exp/log/sqrt nodes, no rounding)",7650,10000,0,adaptiveUpper depth 7 (worst case 255 cells) x ~30 transcendental nodes/cell
MathExtras.Helfgott.MinorSection51Pieces.bandFiniteMarginNoP2SII_verified._native.native_decide.ax_1_6,MathExtras.NumberTheory.Helfgott,MathExtras.NumberTheory.Helfgott.Section53Corrected4ThrBandNoP2SII,MathExtras.Helfgott.MinorSection51Pieces.bandFiniteMarginNoP2SII_verified,MathExtras.Helfgott.MinorSection51Pieces.BandIntervalExpr.evalInterval,bisection-tree,"RatInterval (exp/log/sqrt nodes, no rounding)",7650,10000,0,adaptiveUpper depth 7 (worst case 255 cells) x ~30 transcendental nodes/cell
MathExtras.Helfgott.MinorSection51Pieces.bandFiniteMarginNoP2SII_verified._native.native_decide.ax_1_7,MathExtras.NumberTheory.Helfgott,MathExtras.NumberTheory.Helfgott.Section53Corrected4ThrBandNoP2SII,MathExtras.Helfgott.MinorSection51Pieces.bandFiniteMarginNoP2SII_verified,MathExtras.Helfgott.MinorSection51Pieces.BandIntervalExpr.evalInterval,bisection-tree,"RatInterval (exp/log/sqrt nodes, no rounding)",7650,10000,0,adaptiveUpper depth 7 (worst case 255 cells) x ~30 transcendental nodes/cell
MathExtras.Helfgott.MinorSection51Pieces.bandFiniteMarginNoP2SII_verified._native.native_decide.ax_1_8,MathExtras.NumberTheory.Helfgott,MathExtras.NumberTheory.Helfgott.Section53Corrected4ThrBandNoP2SII,MathExtras.Helfgott.MinorSection51Pieces.bandFiniteMarginNoP2SII_verified,MathExtras.Helfgott.MinorSection51Pieces.BandIntervalExpr.evalInterval,bisection-tree,"RatInterval (exp/log/sqrt nodes, no rounding)",7650,10000,0,adaptiveUpper depth 7 (worst case 255 cells) x ~30 transcendental nodes/cell
MathExtras.Helfgott.MinorSection51Pieces.bandFiniteMarginNoP2SII_verified._native.native_decide.ax_1_9,MathExtras.NumberTheory.Helfgott,MathExtras.NumberTheory.Helfgott.Section53Corrected4ThrBandNoP2SII,MathExtras.Helfgott.MinorSection51Pieces.bandFiniteMarginNoP2SII_verified,MathExtras.Helfgott.MinorSection51Pieces.BandIntervalExpr.evalInterval,bisection-tree,"RatInterval (exp/log/sqrt nodes, no rounding)",7650,10000,0,adaptiveUpper depth 7 (worst case 255 cells) x ~30 transcendental nodes/cell
MathExtras.Helfgott.MinorSection51Pieces.bandFiniteMarginTight_certificate_small_c0_A_one_lowLo._native.native_decide.ax_1_1,MathExtras.NumberTheory.Helfgott,MathExtras.NumberTheory.Helfgott.Section53Corrected4ThrBandEndpointCertificateTightSmallC0Deep,MathExtras.Helfgott.MinorSection51Pieces.bandFiniteMarginTight_certificate_small_c0_A_one_lowLo,IntervalArith.RatInterval.adaptiveUpper,bisection-tree,Rat/RatInterval,0,,1,"pruned binary bisection, worst case 2^(fuel+1)-1 leaf evaluations"
MathExtras.Helfgott.MinorSection51Pieces.bandFiniteMarginTight_safe_small_c0_A_one_lowLo._native.native_decide.ax_1_1,MathExtras.NumberTheory.Helfgott,MathExtras.NumberTheory.Helfgott.Section53Corrected4ThrBandEndpointCertificateTightSmallC0,MathExtras.Helfgott.MinorSection51Pieces.bandFiniteMarginTight_safe_small_c0_A_one_lowLo,(named constants only),fixed-expression,Rat/RatInterval,1,,0,constant-depth comparison of named constants
MathExtras.Helfgott.MinorSection51Pieces.bandFiniteMarginTight_verified_high._native.native_decide.ax_1_1,MathExtras.NumberTheory.Helfgott,MathExtras.NumberTheory.Helfgott.Section53Corrected4ThrBandEndpointCertificateTightHigh,MathExtras.Helfgott.MinorSection51Pieces.bandFiniteMarginTight_verified_high,IntervalArith.RatInterval.adaptiveUpper,bisection-tree,Rat/RatInterval,0,,1,"pruned binary bisection, worst case 2^(fuel+1)-1 leaf evaluations"
MathExtras.Helfgott.MinorSection51Pieces.bandFiniteMarginTight_verified_medium._native.native_decide.ax_1_1,MathExtras.NumberTheory.Helfgott,MathExtras.NumberTheory.Helfgott.Section53Corrected4ThrBandEndpointCertificateTightMedium,MathExtras.Helfgott.MinorSection51Pieces.bandFiniteMarginTight_verified_medium,IntervalArith.RatInterval.adaptiveUpper,bisection-tree,Rat/RatInterval,0,,1,"pruned binary bisection, worst case 2^(fuel+1)-1 leaf evaluations"
MathExtras.Helfgott.MinorSection51Pieces.bandFiniteMarginTight_verified_small_c0_rest._native.native_decide.ax_1_1,MathExtras.NumberTheory.Helfgott,MathExtras.NumberTheory.Helfgott.Section53Corrected4ThrBandEndpointCertificateTightSmallC0,MathExtras.Helfgott.MinorSection51Pieces.bandFiniteMarginTight_verified_small_c0_rest,IntervalArith.RatInterval.adaptiveUpper,bisection-tree,Rat/RatInterval,0,,1,"pruned binary bisection, worst case 2^(fuel+1)-1 leaf evaluations"
MathExtras.Helfgott.MinorSection51Pieces.bandFiniteMarginTight_verified_small_c1_c2._native.native_decide.ax_1_1,MathExtras.NumberTheory.Helfgott,MathExtras.NumberTheory.Helfgott.Section53Corrected4ThrBandEndpointCertificateTightSmallC1C2,MathExtras.Helfgott.MinorSection51Pieces.bandFiniteMarginTight_verified_small_c1_c2,IntervalArith.RatInterval.adaptiveUpper,bisection-tree,Rat/RatInterval,0,,1,"pruned binary bisection, worst case 2^(fuel+1)-1 leaf evaluations"
MathExtras.Helfgott.MinorSection51Pieces.bandFiniteMarginTight_verified_small_c3_c4._native.native_decide.ax_1_1,MathExtras.NumberTheory.Helfgott,MathExtras.NumberTheory.Helfgott.Section53Corrected4ThrBandEndpointCertificateTightSmallC3C4,MathExtras.Helfgott.MinorSection51Pieces.bandFiniteMarginTight_verified_small_c3_c4,IntervalArith.RatInterval.adaptiveUpper,bisection-tree,Rat/RatInterval,0,,1,"pruned binary bisection, worst case 2^(fuel+1)-1 leaf evaluations"
MathExtras.Helfgott.MinorSection51Pieces.bandFiniteMarginTight_verified_small_tail._native.native_decide.ax_1_1,MathExtras.NumberTheory.Helfgott,MathExtras.NumberTheory.Helfgott.Section53Corrected4ThrBandEndpointCertificateTightSmallTail,MathExtras.Helfgott.MinorSection51Pieces.bandFiniteMarginTight_verified_small_tail,IntervalArith.RatInterval.adaptiveUpper,bisection-tree,Rat/RatInterval,0,,1,"pruned binary bisection, worst case 2^(fuel+1)-1 leaf evaluations"
MathExtras.Helfgott.SIIMargin.mkA_cert._native.native_decide.ax_1_1,HelfgottCertificates,HelfgottCertificates.SIIMarginCertificate,MathExtras.Helfgott.SIIMargin.mkA_cert,IntervalArith.RatInterval.interval_bisect,bisection-tree,Rat/RatInterval,468218,,6,unconditional 2^depth leaf evaluations
MathExtras.Helfgott.SIIMargin.mkB_cert._native.native_decide.ax_1_1,HelfgottCertificates,HelfgottCertificates.SIIMarginCertificate,MathExtras.Helfgott.SIIMargin.mkB_cert,IntervalArith.RatInterval.interval_bisect,bisection-tree,Rat/RatInterval,468218,,6,unconditional 2^depth leaf evaluations
MathExtras.Helfgott.SIIMargin.mkC_cert._native.native_decide.ax_1_1,HelfgottCertificates,HelfgottCertificates.SIIMarginCertificate,MathExtras.Helfgott.SIIMargin.mkC_cert,IntervalArith.RatInterval.interval_bisect,bisection-tree,Rat/RatInterval,468218,,6,unconditional 2^depth leaf evaluations
MathExtras.Helfgott.Section24.Head30000.scan_ok_cert._native.native_decide.ax_1_1,MathExtras.NumberTheory.Helfgott.Certs,MathExtras.NumberTheory.Helfgott.Certs.LogWeightedMertensHead30000Cert,MathExtras.Helfgott.Section24.Head30000.scan_ok_cert,MathExtras.Helfgott.Section24.Head30000.scan,linear-fold-rat,"RatInterval, wround pinned",30000,,0,"NON-TAIL recursion, 30000 levels deep"
MathExtras.Helfgott.WACor49Eta2ExpMomentCert.eta2Enclosure_hi._native.native_decide.ax_1_1,MathExtras.NumberTheory.Helfgott,MathExtras.NumberTheory.Helfgott.WACor49Eta2ExpMomentCert,MathExtras.Helfgott.WACor49Eta2ExpMomentCert.eta2Enclosure_hi,(named constants only),fixed-expression,Rat/RatInterval,1,,0,constant-depth comparison of named constants
MathExtras.Helfgott.WACor49Eta2ExpMomentCert.leftM4_hi._native.native_decide.ax_1_1,MathExtras.NumberTheory.Helfgott,MathExtras.NumberTheory.Helfgott.WACor49Eta2ExpMomentCert,MathExtras.Helfgott.WACor49Eta2ExpMomentCert.leftM4_hi,IntervalArith.RatInterval.interval_bisect,bisection-tree,Rat/RatInterval,4,,1,unconditional 2^depth leaf evaluations
MathExtras.Helfgott.WACor49Eta2ExpMomentCert.rightM4_hi._native.native_decide.ax_1_1,MathExtras.NumberTheory.Helfgott,MathExtras.NumberTheory.Helfgott.WACor49Eta2ExpMomentCert,MathExtras.Helfgott.WACor49Eta2ExpMomentCert.rightM4_hi,IntervalArith.RatInterval.interval_bisect,bisection-tree,Rat/RatInterval,1200000,,7,unconditional 2^depth leaf evaluations
MathExtras.Helfgott.WAProp48QuadraticInvSqrtCert.quarticGaussianEnclosure_hi._native.native_decide.ax_1_1,MathExtras.NumberTheory.Helfgott,MathExtras.NumberTheory.Helfgott.WAProp48QuadraticInvSqrtCert,MathExtras.Helfgott.WAProp48QuadraticInvSqrtCert.quarticGaussianEnclosure_hi,(named constants only),fixed-expression,Rat/RatInterval,1,,7,constant-depth comparison of named constants
MathExtras.Helfgott.WAProp48QuadraticLogL2Cert.d4Enclosure_hi._native.native_decide.ax_1_1,MathExtras.NumberTheory.Helfgott,MathExtras.NumberTheory.Helfgott.WAProp48QuadraticLogL2Cert,MathExtras.Helfgott.WAProp48QuadraticLogL2Cert.d4Enclosure_hi,(named constants only),fixed-expression,Rat/RatInterval,1,,5,constant-depth comparison of named constants
MathExtras.Helfgott.WAProp48QuadraticLogL2Cert.d4Enclosure_lo._native.native_decide.ax_1_1,MathExtras.NumberTheory.Helfgott,MathExtras.NumberTheory.Helfgott.WAProp48QuadraticLogL2Cert,MathExtras.Helfgott.WAProp48QuadraticLogL2Cert.d4Enclosure_lo,(named constants only),fixed-expression,Rat/RatInterval,1,,5,constant-depth comparison of named constants
MathExtras.Helfgott.WAProp48QuadraticLogL2Cert.logMomentEnclosure_hi._native.native_decide.ax_1_1,MathExtras.NumberTheory.Helfgott,MathExtras.NumberTheory.Helfgott.WAProp48QuadraticLogL2Cert,MathExtras.Helfgott.WAProp48QuadraticLogL2Cert.logMomentEnclosure_hi,(named constants only),fixed-expression,Rat/RatInterval,1,,8,constant-depth comparison of named constants
MathExtras.Helfgott.ZetaThreeHalves.zeta32_partial_cert._native.native_decide.ax_1_1,HelfgottCertificates,HelfgottCertificates.ZetaThreeHalvesCert,MathExtras.Helfgott.ZetaThreeHalves.zeta32_partial_cert,(named constants only),fixed-expression,Rat/RatInterval,1,,13,constant-depth comparison of named constants
MathExtras.Helfgott1221.cert_m1._native.native_decide.ax_1_1,Rs62Certificates,Rs62Certificates.Helfgott1221FiniteLeaves,MathExtras.Helfgott1221.cert_m1,MathExtras.Helfgott1221.checkAll,linear-fold-rat,"Rat (exact product, growing)",300500,,4,qmax cells x (|S| exact Rat mults + 2 log series)
MathExtras.Helfgott1221.cert_m2._native.native_decide.ax_1_1,Rs62Certificates,Rs62Certificates.Helfgott1221FiniteLeaves,MathExtras.Helfgott1221.cert_m2,MathExtras.Helfgott1221.checkAll,linear-fold-rat,"Rat (exact product, growing)",110750,,4,qmax cells x (|S| exact Rat mults + 2 log series)
MathExtras.Helfgott1221.cert_m3._native.native_decide.ax_1_1,Rs62Certificates,Rs62Certificates.Helfgott1221FiniteLeaves,MathExtras.Helfgott1221.cert_m3,MathExtras.Helfgott1221.checkAll,linear-fold-rat,"Rat (exact product, growing)",40750,,3,qmax cells x (|S| exact Rat mults + 2 log series)
MathExtras.Helfgott1221.cert_m4._native.native_decide.ax_1_1,Rs62Certificates,Rs62Certificates.Helfgott1221FiniteLeaves,MathExtras.Helfgott1221.cert_m4,MathExtras.Helfgott1221.checkAll,linear-fold-rat,"Rat (exact product, growing)",15000,,3,qmax cells x (|S| exact Rat mults + 2 log series)
MathExtras.Helfgott1221.cert_m5._native.native_decide.ax_1_1,Rs62Certificates,Rs62Certificates.Helfgott1221FiniteLeaves,MathExtras.Helfgott1221.cert_m5,MathExtras.Helfgott1221.checkAll,linear-fold-rat,"Rat (exact product, growing)",5550,,3,qmax cells x (|S| exact Rat mults + 2 log series)
MathExtras.Helfgott1221.cert_m6._native.native_decide.ax_1_1,Rs62Certificates,Rs62Certificates.Helfgott1221FiniteLeaves,MathExtras.Helfgott1221.cert_m6,MathExtras.Helfgott1221.checkAll,linear-fold-rat,"Rat (exact product, growing)",2050,,2,qmax cells x (|S| exact Rat mults + 2 log series)
MathExtras.Helfgott1221.cert_m7._native.native_decide.ax_1_1,Rs62Certificates,Rs62Certificates.Helfgott1221FiniteLeaves,MathExtras.Helfgott1221.cert_m7,MathExtras.Helfgott1221.checkAll,linear-fold-rat,"Rat (exact product, growing)",1200,,2,qmax cells x (|S| exact Rat mults + 2 log series)
MathExtras.Helfgott1221.cert_m8._native.native_decide.ax_1_1,Rs62Certificates,Rs62Certificates.Helfgott1221FiniteLeaves,MathExtras.Helfgott1221.cert_m8,MathExtras.Helfgott1221.checkAll,linear-fold-rat,"Rat (exact product, growing)",1200,,2,qmax cells x (|S| exact Rat mults + 2 log series)
MathExtras.Helfgott1221.cert_m9._native.native_decide.ax_1_1,Rs62Certificates,Rs62Certificates.Helfgott1221FiniteLeaves,MathExtras.Helfgott1221.cert_m9,MathExtras.Helfgott1221.checkAll,linear-fold-rat,"Rat (exact product, growing)",1200,,2,qmax cells x (|S| exact Rat mults + 2 log series)
MathExtras.HelfgottLargeQ.masterCheck_holds._native.native_decide.ax_1_1,Rs62Certificates,Rs62Certificates.HelfgottLargeQBlockLeaves,MathExtras.HelfgottLargeQ.masterCheck_holds,MathExtras.HelfgottLargeQ.masterCheck,fixed-expression,Rat,24,,2,112 leaves; already kernel-decided upstream
MathExtras.LiouvilleSweep.ellSweep_cert._native.native_decide.ax_1_1,MathExtras.NumberTheory.Certs,MathExtras.NumberTheory.Certs.LiouvilleLittleSumSweepCert,MathExtras.LiouvilleSweep.ellSweep_cert,MathExtras.LiouvilleSweep.ladderRun,linear-fold-sieve,Int (<= 2^50),4000000,,19,"65 bands, lambda per step"
MathExtras.NumberTheory.Analysis.MV73Lemma7Floor.certFrom_five._native.native_decide.ax_1_1,MathExtras.NumberTheory.Analysis,MathExtras.NumberTheory.Analysis.MV73Lemma7FiniteCert,MathExtras.NumberTheory.Analysis.MV73Lemma7Floor.certFrom_five,MathExtras.NumberTheory.Analysis.MV73Lemma7Floor.certFrom,linear-fold-rat,"Rat (denominator = lcm of phi(r), grows)",3595,,4,exact rational Mertens-type sum
MathExtras.NumberTheory.Analysis.MV73WeightedFloorSevenTwentieths.gridC_cert._native.native_decide.ax_1_1,MathExtras.NumberTheory.Analysis,MathExtras.NumberTheory.Analysis.MV73WeightedFloorSevenTwentiethsCert,MathExtras.NumberTheory.Analysis.MV73WeightedFloorSevenTwentieths.gridC_cert,MathExtras.NumberTheory.Analysis.MV73WeightedFloorSevenTwentieths.passC,linear-fold-rat,Rat (1000-term exact sum),1000,,4,~995 grid cells
MathExtras.NumberTheory.Analysis.MV73WeightedFloorSevenTwentieths.gridD_cert._native.native_decide.ax_1_1,MathExtras.NumberTheory.Analysis,MathExtras.NumberTheory.Analysis.MV73WeightedFloorTwoFifthsCert,MathExtras.NumberTheory.Analysis.MV73WeightedFloorSevenTwentieths.gridD_cert,MathExtras.NumberTheory.Analysis.MV73WeightedFloorSevenTwentieths.passD,linear-fold-rat,Rat (1000-term exact sum),1000,,4,~1003 grid cells
MathExtras.NumberTheory.Helfgott.AppendixA5Certificates.cert_a5_band_0_3._native.native_decide.ax_1_1,MathExtras.NumberTheory.Helfgott,MathExtras.NumberTheory.Helfgott.AppendixACertA5Small,MathExtras.NumberTheory.Helfgott.AppendixA5Certificates.cert_a5_band_0_3,MathExtras.NumberTheory.Helfgott.AppendixA5Certificates.numMomentEval,fixed-expression,"CInterval, roundOutC 2^120",120,120,4,"linear K<=60 series, roundOutC pins denominators at 2^120"
MathExtras.NumberTheory.Helfgott.AppendixA5Certificates.cert_a5_band_1130_end._native.native_decide.ax_1_1,MathExtras.NumberTheory.Helfgott,MathExtras.NumberTheory.Helfgott.AppendixACertA5WideB,MathExtras.NumberTheory.Helfgott.AppendixA5Certificates.cert_a5_band_1130_end,MathExtras.NumberTheory.Helfgott.AppendixA5Certificates.numEval,bisection-tree,"CInterval, roundOutC 2^120",200000,120,6,"bisection fuel 20; adaptiveUpper fuel 20-34, roundOutC pins denominators at 2^120"
MathExtras.NumberTheory.Helfgott.AppendixA5Certificates.cert_a5_band_35_4._native.native_decide.ax_1_1,MathExtras.NumberTheory.Helfgott,MathExtras.NumberTheory.Helfgott.AppendixACertA5Small,MathExtras.NumberTheory.Helfgott.AppendixA5Certificates.cert_a5_band_35_4,MathExtras.NumberTheory.Helfgott.AppendixA5Certificates.numEval,bisection-tree,"CInterval, roundOutC 2^120",200000,120,3,"bisection fuel 20; adaptiveUpper fuel 20-34, roundOutC pins denominators at 2^120"
MathExtras.NumberTheory.Helfgott.AppendixA5Certificates.cert_a5_band_3_35._native.native_decide.ax_1_1,MathExtras.NumberTheory.Helfgott,MathExtras.NumberTheory.Helfgott.AppendixACertA5Small,MathExtras.NumberTheory.Helfgott.AppendixA5Certificates.cert_a5_band_3_35,MathExtras.NumberTheory.Helfgott.AppendixA5Certificates.numEval,bisection-tree,"CInterval, roundOutC 2^120",200000,120,3,"bisection fuel 20; adaptiveUpper fuel 20-34, roundOutC pins denominators at 2^120"
MathExtras.NumberTheory.Helfgott.AppendixA5Certificates.cert_a5_band_4_8._native.native_decide.ax_1_1,MathExtras.NumberTheory.Helfgott,MathExtras.NumberTheory.Helfgott.AppendixACertA5Small,MathExtras.NumberTheory.Helfgott.AppendixA5Certificates.cert_a5_band_4_8,MathExtras.NumberTheory.Helfgott.AppendixA5Certificates.numEval,bisection-tree,"CInterval, roundOutC 2^120",200000,120,3,"bisection fuel 20; adaptiveUpper fuel 20-34, roundOutC pins denominators at 2^120"
MathExtras.NumberTheory.Helfgott.AppendixA5Certificates.cert_a5_band_8_1130._native.native_decide.ax_1_1,MathExtras.NumberTheory.Helfgott,MathExtras.NumberTheory.Helfgott.AppendixACertA5WideA,MathExtras.NumberTheory.Helfgott.AppendixA5Certificates.cert_a5_band_8_1130,MathExtras.NumberTheory.Helfgott.AppendixA5Certificates.numEval,bisection-tree,"CInterval, roundOutC 2^120",200000,120,4,"bisection fuel 20; adaptiveUpper fuel 20-34, roundOutC pins denominators at 2^120"
MathExtras.NumberTheory.Helfgott.AppendixACertificates.cert_band_0_3._native.native_decide.ax_1_1,MathExtras.NumberTheory.Helfgott,MathExtras.NumberTheory.Helfgott.AppendixACertSmall,MathExtras.NumberTheory.Helfgott.AppendixACertificates.cert_band_0_3,MathExtras.NumberTheory.Helfgott.AppendixACertificates.momentEval,fixed-expression,"CInterval, roundOutC 2^120",120,120,9,"linear K<=60 series, roundOutC pins denominators at 2^120"
MathExtras.NumberTheory.Helfgott.AppendixACertificates.cert_band_12_16._native.native_decide.ax_1_1,MathExtras.NumberTheory.Helfgott,MathExtras.NumberTheory.Helfgott.AppendixACertMid,MathExtras.NumberTheory.Helfgott.AppendixACertificates.cert_band_12_16,MathExtras.NumberTheory.Helfgott.AppendixACertificates.bandEval,bisection-tree,"CInterval, roundOutC 2^120",200000,120,9,"K^2 complex mults per cell; bisection fuel 34; adaptiveUpper fuel 20-34, roundOutC pins denominators at 2^120"
MathExtras.NumberTheory.Helfgott.AppendixACertificates.cert_band_16_655._native.native_decide.ax_1_1,MathExtras.NumberTheory.Helfgott,MathExtras.NumberTheory.Helfgott.AppendixACertWide,MathExtras.NumberTheory.Helfgott.AppendixACertificates.cert_band_16_655,MathExtras.NumberTheory.Helfgott.AppendixACertificates.bandEval,bisection-tree,"CInterval, roundOutC 2^120",200000,120,9,"K^2 complex mults per cell; bisection fuel 34; adaptiveUpper fuel 20-34, roundOutC pins denominators at 2^120"
MathExtras.NumberTheory.Helfgott.AppendixACertificates.cert_band_3_4._native.native_decide.ax_1_1,MathExtras.NumberTheory.Helfgott,MathExtras.NumberTheory.Helfgott.AppendixACertSmall,MathExtras.NumberTheory.Helfgott.AppendixACertificates.cert_band_3_4,MathExtras.NumberTheory.Helfgott.AppendixACertificates.bandEval,bisection-tree,"CInterval, roundOutC 2^120",200000,120,9,"K^2 complex mults per cell; bisection fuel 34; adaptiveUpper fuel 20-34, roundOutC pins denominators at 2^120"
MathExtras.NumberTheory.Helfgott.AppendixACertificates.cert_band_4_5._native.native_decide.ax_1_1,MathExtras.NumberTheory.Helfgott,MathExtras.NumberTheory.Helfgott.AppendixACertSmall,MathExtras.NumberTheory.Helfgott.AppendixACertificates.cert_band_4_5,MathExtras.NumberTheory.Helfgott.AppendixACertificates.bandEval,bisection-tree,"CInterval, roundOutC 2^120",200000,120,9,"K^2 complex mults per cell; bisection fuel 34; adaptiveUpper fuel 20-34, roundOutC pins denominators at 2^120"
MathExtras.NumberTheory.Helfgott.AppendixACertificates.cert_band_5_6._native.native_decide.ax_1_1,MathExtras.NumberTheory.Helfgott,MathExtras.NumberTheory.Helfgott.AppendixACertSmall,MathExtras.NumberTheory.Helfgott.AppendixACertificates.cert_band_5_6,MathExtras.NumberTheory.Helfgott.AppendixACertificates.bandEval,bisection-tree,"CInterval, roundOutC 2^120",200000,120,9,"K^2 complex mults per cell; bisection fuel 34; adaptiveUpper fuel 20-34, roundOutC pins denominators at 2^120"
MathExtras.NumberTheory.Helfgott.AppendixACertificates.cert_band_6_7._native.native_decide.ax_1_1,MathExtras.NumberTheory.Helfgott,MathExtras.NumberTheory.Helfgott.AppendixACertSmall,MathExtras.NumberTheory.Helfgott.AppendixACertificates.cert_band_6_7,MathExtras.NumberTheory.Helfgott.AppendixACertificates.bandEval,bisection-tree,"CInterval, roundOutC 2^120",200000,120,9,"K^2 complex mults per cell; bisection fuel 34; adaptiveUpper fuel 20-34, roundOutC pins denominators at 2^120"
MathExtras.NumberTheory.Helfgott.AppendixACertificates.cert_band_7_8._native.native_decide.ax_1_1,MathExtras.NumberTheory.Helfgott,MathExtras.NumberTheory.Helfgott.AppendixACertSmall,MathExtras.NumberTheory.Helfgott.AppendixACertificates.cert_band_7_8,MathExtras.NumberTheory.Helfgott.AppendixACertificates.bandEval,bisection-tree,"CInterval, roundOutC 2^120",200000,120,9,"K^2 complex mults per cell; bisection fuel 34; adaptiveUpper fuel 20-34, roundOutC pins denominators at 2^120"
MathExtras.NumberTheory.Helfgott.AppendixACertificates.cert_band_8_12._native.native_decide.ax_1_1,MathExtras.NumberTheory.Helfgott,MathExtras.NumberTheory.Helfgott.AppendixACertMid,MathExtras.NumberTheory.Helfgott.AppendixACertificates.cert_band_8_12,MathExtras.NumberTheory.Helfgott.AppendixACertificates.bandEval,bisection-tree,"CInterval, roundOutC 2^120",200000,120,9,"K^2 complex mults per cell; bisection fuel 34; adaptiveUpper fuel 20-34, roundOutC pins denominators at 2^120"
MathExtras.NumberTheory.Mertens.LittleRamareFinite.littleSweep_cert._native.native_decide.ax_1_1,MathExtras.NumberTheory.Mertens,MathExtras.NumberTheory.Mertens.LittleMertensRamareFinite,MathExtras.NumberTheory.Mertens.LittleRamareFinite.littleSweep_cert,MathExtras.NumberTheory.Mertens.LittleRamareFinite.ladderRun,linear-fold-sieve,Int (<= 2^50),20953,,19,"10 bands, mu per step"
MathExtras.RS62.harmonic_10000_le'._native.native_decide.ax_1_1,Rs62Certificates,Rs62Certificates.RS62LargeLogLeaves,MathExtras.RS62.harmonic_10000_le',(named constants only),fixed-expression,Rat/RatInterval,1,,7,constant-depth comparison of named constants
MathExtras.RS62.theta314_log_1009._native.native_decide.ax_1_1,Rs62Certificates,Rs62Certificates.RS62Eq314Leaves,MathExtras.RS62.theta314_log_1009,IntervalArith.RatInterval.log_enclose_full,transcendental-enclosure,"Rat (exact, unbounded)",1415,34796,419,"24-term series, ~1391 halving steps, argument ~419 decimal digits"
MathExtras.RS62.theta314_log_1013._native.native_decide.ax_1_1,Rs62Certificates,Rs62Certificates.RS62Eq314Leaves,MathExtras.RS62.theta314_log_1013,IntervalArith.RatInterval.log_enclose_full,transcendental-enclosure,"Rat (exact, unbounded)",1425,36447,422,"25-term series, ~1401 halving steps, argument ~422 decimal digits"
MathExtras.RS62.theta314_log_1019._native.native_decide.ax_1_1,Rs62Certificates,Rs62Certificates.RS62Eq314Leaves,MathExtras.RS62.theta314_log_1019,IntervalArith.RatInterval.log_enclose_full,transcendental-enclosure,"Rat (exact, unbounded)",1435,35295,425,"24-term series, ~1411 halving steps, argument ~425 decimal digits"
MathExtras.RS62.theta314_log_1021._native.native_decide.ax_1_1,Rs62Certificates,Rs62Certificates.RS62Eq314Leaves,MathExtras.RS62.theta314_log_1021,IntervalArith.RatInterval.log_enclose_full,transcendental-enclosure,"Rat (exact, unbounded)",1445,285776,428,"200-term series, ~1421 halving steps, argument ~428 decimal digits"
MathExtras.RS62.theta314_log_1031._native.native_decide.ax_1_1,Rs62Certificates,Rs62Certificates.RS62Eq314Leaves,MathExtras.RS62.theta314_log_1031,IntervalArith.RatInterval.log_enclose_full,transcendental-enclosure,"Rat (exact, unbounded)",1455,35793,431,"24-term series, ~1431 halving steps, argument ~431 decimal digits"
MathExtras.RS62.theta314_log_1033._native.native_decide.ax_1_1,Rs62Certificates,Rs62Certificates.RS62Eq314Leaves,MathExtras.RS62.theta314_log_1033,IntervalArith.RatInterval.log_enclose_full,transcendental-enclosure,"Rat (exact, unbounded)",1465,36042,434,"24-term series, ~1441 halving steps, argument ~434 decimal digits"
MathExtras.RS62.theta314_log_1039._native.native_decide.ax_1_1,Rs62Certificates,Rs62Certificates.RS62Eq314Leaves,MathExtras.RS62.theta314_log_1039,IntervalArith.RatInterval.log_enclose_full,transcendental-enclosure,"Rat (exact, unbounded)",1475,37743,437,"25-term series, ~1451 halving steps, argument ~437 decimal digits"
MathExtras.RS62.theta314_log_1049._native.native_decide.ax_1_1,Rs62Certificates,Rs62Certificates.RS62Eq314Leaves,MathExtras.RS62.theta314_log_1049,IntervalArith.RatInterval.log_enclose_full,transcendental-enclosure,"Rat (exact, unbounded)",1485,293788,440,"200-term series, ~1461 halving steps, argument ~440 decimal digits"
MathExtras.RS62.theta314_log_1051._native.native_decide.ax_1_1,Rs62Certificates,Rs62Certificates.RS62Eq314Leaves,MathExtras.RS62.theta314_log_1051,IntervalArith.RatInterval.log_enclose_full,transcendental-enclosure,"Rat (exact, unbounded)",1495,36790,443,"24-term series, ~1471 halving steps, argument ~443 decimal digits"
MathExtras.RS62.theta314_log_1061._native.native_decide.ax_1_1,Rs62Certificates,Rs62Certificates.RS62Eq314Leaves,MathExtras.RS62.theta314_log_1061,IntervalArith.RatInterval.log_enclose_full,transcendental-enclosure,"Rat (exact, unbounded)",1505,38520,446,"25-term series, ~1481 halving steps, argument ~446 decimal digits"
MathExtras.RS62.theta314_log_1063._native.native_decide.ax_1_1,Rs62Certificates,Rs62Certificates.RS62Eq314Leaves,MathExtras.RS62.theta314_log_1063,IntervalArith.RatInterval.log_enclose_full,transcendental-enclosure,"Rat (exact, unbounded)",1515,37288,449,"24-term series, ~1491 halving steps, argument ~449 decimal digits"
MathExtras.RS62.theta314_log_1069._native.native_decide.ax_1_1,Rs62Certificates,Rs62Certificates.RS62Eq314Leaves,MathExtras.RS62.theta314_log_1069,IntervalArith.RatInterval.log_enclose_full,transcendental-enclosure,"Rat (exact, unbounded)",1525,37537,452,"24-term series, ~1501 halving steps, argument ~452 decimal digits"
MathExtras.RS62.theta314_log_1087._native.native_decide.ax_1_1,Rs62Certificates,Rs62Certificates.RS62Eq314Leaves,MathExtras.RS62.theta314_log_1087,IntervalArith.RatInterval.log_enclose_full,transcendental-enclosure,"Rat (exact, unbounded)",1535,37786,455,"24-term series, ~1511 halving steps, argument ~455 decimal digits"
MathExtras.RS62.theta314_log_1091._native.native_decide.ax_1_1,Rs62Certificates,Rs62Certificates.RS62Eq314Leaves,MathExtras.RS62.theta314_log_1091,IntervalArith.RatInterval.log_enclose_full,transcendental-enclosure,"Rat (exact, unbounded)",1545,38035,458,"24-term series, ~1521 halving steps, argument ~458 decimal digits"
MathExtras.RS62.theta314_log_1093._native.native_decide.ax_1_1,Rs62Certificates,Rs62Certificates.RS62Eq314Leaves,MathExtras.RS62.theta314_log_1093,IntervalArith.RatInterval.log_enclose_full,transcendental-enclosure,"Rat (exact, unbounded)",1555,38284,461,"24-term series, ~1531 halving steps, argument ~461 decimal digits"
MathExtras.RS62.theta314_log_1097._native.native_decide.ax_1_1,Rs62Certificates,Rs62Certificates.RS62Eq314Leaves,MathExtras.RS62.theta314_log_1097,IntervalArith.RatInterval.log_enclose_full,transcendental-enclosure,"Rat (exact, unbounded)",1565,38534,464,"24-term series, ~1541 halving steps, argument ~464 decimal digits"
MathExtras.RS62.theta314_log_1103._native.native_decide.ax_1_1,Rs62Certificates,Rs62Certificates.RS62Eq314Leaves,MathExtras.RS62.theta314_log_1103,IntervalArith.RatInterval.log_enclose_full,transcendental-enclosure,"Rat (exact, unbounded)",1575,38783,467,"24-term series, ~1551 halving steps, argument ~467 decimal digits"
MathExtras.RS62.theta314_log_1109._native.native_decide.ax_1_1,Rs62Certificates,Rs62Certificates.RS62Eq314Leaves,MathExtras.RS62.theta314_log_1109,IntervalArith.RatInterval.log_enclose_full,transcendental-enclosure,"Rat (exact, unbounded)",1585,39032,470,"24-term series, ~1561 halving steps, argument ~470 decimal digits"
MathExtras.RS62.theta314_log_1117._native.native_decide.ax_1_1,Rs62Certificates,Rs62Certificates.RS62Eq314Leaves,MathExtras.RS62.theta314_log_1117,IntervalArith.RatInterval.log_enclose_full,transcendental-enclosure,"Rat (exact, unbounded)",1595,39281,473,"24-term series, ~1571 halving steps, argument ~473 decimal digits"
MathExtras.RS62.theta314_log_1123._native.native_decide.ax_1_1,Rs62Certificates,Rs62Certificates.RS62Eq314Leaves,MathExtras.RS62.theta314_log_1123,IntervalArith.RatInterval.log_enclose_full,transcendental-enclosure,"Rat (exact, unbounded)",1605,14231,476,"8-term series, ~1581 halving steps, argument ~476 decimal digits"
MathExtras.RS62.theta314_log_1129._native.native_decide.ax_1_1,Rs62Certificates,Rs62Certificates.RS62Eq314Leaves,MathExtras.RS62.theta314_log_1129,IntervalArith.RatInterval.log_enclose_full,transcendental-enclosure,"Rat (exact, unbounded)",1615,39779,479,"24-term series, ~1591 halving steps, argument ~479 decimal digits"
MathExtras.RS62.theta314_log_1151._native.native_decide.ax_1_1,Rs62Certificates,Rs62Certificates.RS62Eq314Leaves,MathExtras.RS62.theta314_log_1151,IntervalArith.RatInterval.log_enclose_full,transcendental-enclosure,"Rat (exact, unbounded)",1625,40028,482,"24-term series, ~1601 halving steps, argument ~482 decimal digits"
MathExtras.RS62.theta314_log_1153._native.native_decide.ax_1_1,Rs62Certificates,Rs62Certificates.RS62Eq314Leaves,MathExtras.RS62.theta314_log_1153,IntervalArith.RatInterval.log_enclose_full,transcendental-enclosure,"Rat (exact, unbounded)",1638,40361,486,"24-term series, ~1614 halving steps, argument ~486 decimal digits"
MathExtras.RS62.theta314_log_1163._native.native_decide.ax_1_1,Rs62Certificates,Rs62Certificates.RS62Eq314Leaves,MathExtras.RS62.theta314_log_1163,IntervalArith.RatInterval.log_enclose_full,transcendental-enclosure,"Rat (exact, unbounded)",1648,40610,489,"24-term series, ~1624 halving steps, argument ~489 decimal digits"
MathExtras.RS62.theta314_log_1171._native.native_decide.ax_1_1,Rs62Certificates,Rs62Certificates.RS62Eq314Leaves,MathExtras.RS62.theta314_log_1171,IntervalArith.RatInterval.log_enclose_full,transcendental-enclosure,"Rat (exact, unbounded)",1658,40859,492,"24-term series, ~1634 halving steps, argument ~492 decimal digits"
MathExtras.RS62.theta314_log_1181._native.native_decide.ax_1_1,Rs62Certificates,Rs62Certificates.RS62Eq314Leaves,MathExtras.RS62.theta314_log_1181,IntervalArith.RatInterval.log_enclose_full,transcendental-enclosure,"Rat (exact, unbounded)",1668,41108,495,"24-term series, ~1644 halving steps, argument ~495 decimal digits"
MathExtras.RS62.theta314_log_1187._native.native_decide.ax_1_1,Rs62Certificates,Rs62Certificates.RS62Eq314Leaves,MathExtras.RS62.theta314_log_1187,IntervalArith.RatInterval.log_enclose_full,transcendental-enclosure,"Rat (exact, unbounded)",1678,41357,498,"24-term series, ~1654 halving steps, argument ~498 decimal digits"
MathExtras.RS62.theta314_log_1193._native.native_decide.ax_1_1,Rs62Certificates,Rs62Certificates.RS62Eq314Leaves,MathExtras.RS62.theta314_log_1193,IntervalArith.RatInterval.log_enclose_full,transcendental-enclosure,"Rat (exact, unbounded)",1688,334518,501,"200-term series, ~1664 halving steps, argument ~501 decimal digits"
MathExtras.RS62.theta314_log_1201._native.native_decide.ax_1_1,Rs62Certificates,Rs62Certificates.RS62Eq314Leaves,MathExtras.RS62.theta314_log_1201,IntervalArith.RatInterval.log_enclose_full,transcendental-enclosure,"Rat (exact, unbounded)",1698,41855,504,"24-term series, ~1674 halving steps, argument ~504 decimal digits"
MathExtras.RS62.theta314_log_1213._native.native_decide.ax_1_1,Rs62Certificates,Rs62Certificates.RS62Eq314Leaves,MathExtras.RS62.theta314_log_1213,IntervalArith.RatInterval.log_enclose_full,transcendental-enclosure,"Rat (exact, unbounded)",1708,42105,507,"24-term series, ~1684 halving steps, argument ~507 decimal digits"
MathExtras.RS62.theta314_log_1217._native.native_decide.ax_1_1,Rs62Certificates,Rs62Certificates.RS62Eq314Leaves,MathExtras.RS62.theta314_log_1217,IntervalArith.RatInterval.log_enclose_full,transcendental-enclosure,"Rat (exact, unbounded)",1718,42354,510,"24-term series, ~1694 halving steps, argument ~510 decimal digits"
MathExtras.RS62.theta314_log_1223._native.native_decide.ax_1_1,Rs62Certificates,Rs62Certificates.RS62Eq314Leaves,MathExtras.RS62.theta314_log_1223,IntervalArith.RatInterval.log_enclose_full,transcendental-enclosure,"Rat (exact, unbounded)",1728,44307,513,"25-term series, ~1704 halving steps, argument ~513 decimal digits"
MathExtras.RS62.theta314_log_1229._native.native_decide.ax_1_1,Rs62Certificates,Rs62Certificates.RS62Eq314Leaves,MathExtras.RS62.theta314_log_1229,IntervalArith.RatInterval.log_enclose_full,transcendental-enclosure,"Rat (exact, unbounded)",1738,42852,516,"24-term series, ~1714 halving steps, argument ~516 decimal digits"
MathExtras.RS62.theta314_log_1231._native.native_decide.ax_1_1,Rs62Certificates,Rs62Certificates.RS62Eq314Leaves,MathExtras.RS62.theta314_log_1231,IntervalArith.RatInterval.log_enclose_full,transcendental-enclosure,"Rat (exact, unbounded)",1748,43101,519,"24-term series, ~1724 halving steps, argument ~519 decimal digits"
MathExtras.RS62.theta314_log_1237._native.native_decide.ax_1_1,Rs62Certificates,Rs62Certificates.RS62Eq314Leaves,MathExtras.RS62.theta314_log_1237,IntervalArith.RatInterval.log_enclose_full,transcendental-enclosure,"Rat (exact, unbounded)",1758,175137,522,"100-term series, ~1734 halving steps, argument ~522 decimal digits"
MathExtras.RS62.theta314_log_1249._native.native_decide.ax_1_1,Rs62Certificates,Rs62Certificates.RS62Eq314Leaves,MathExtras.RS62.theta314_log_1249,IntervalArith.RatInterval.log_enclose_full,transcendental-enclosure,"Rat (exact, unbounded)",1771,43682,526,"24-term series, ~1747 halving steps, argument ~526 decimal digits"
MathExtras.RS62.theta314_log_1259._native.native_decide.ax_1_1,Rs62Certificates,Rs62Certificates.RS62Eq314Leaves,MathExtras.RS62.theta314_log_1259,IntervalArith.RatInterval.log_enclose_full,transcendental-enclosure,"Rat (exact, unbounded)",1781,43932,529,"24-term series, ~1757 halving steps, argument ~529 decimal digits"
MathExtras.RS62.theta314_log_1277._native.native_decide.ax_1_1,Rs62Certificates,Rs62Certificates.RS62Eq314Leaves,MathExtras.RS62.theta314_log_1277,IntervalArith.RatInterval.log_enclose_full,transcendental-enclosure,"Rat (exact, unbounded)",1791,178492,532,"100-term series, ~1767 halving steps, argument ~532 decimal digits"
MathExtras.RS62.theta314_log_1279._native.native_decide.ax_1_1,Rs62Certificates,Rs62Certificates.RS62Eq314Leaves,MathExtras.RS62.theta314_log_1279,IntervalArith.RatInterval.log_enclose_full,transcendental-enclosure,"Rat (exact, unbounded)",1801,44430,535,"24-term series, ~1777 halving steps, argument ~535 decimal digits"
MathExtras.RS62.theta314_log_1283._native.native_decide.ax_1_1,Rs62Certificates,Rs62Certificates.RS62Eq314Leaves,MathExtras.RS62.theta314_log_1283,IntervalArith.RatInterval.log_enclose_full,transcendental-enclosure,"Rat (exact, unbounded)",1811,44679,538,"24-term series, ~1787 halving steps, argument ~538 decimal digits"
MathExtras.RS62.theta314_log_1289._native.native_decide.ax_1_1,Rs62Certificates,Rs62Certificates.RS62Eq314Leaves,MathExtras.RS62.theta314_log_1289,IntervalArith.RatInterval.log_enclose_full,transcendental-enclosure,"Rat (exact, unbounded)",1821,44928,541,"24-term series, ~1797 halving steps, argument ~541 decimal digits"
MathExtras.RS62.theta314_log_1291._native.native_decide.ax_1_1,Rs62Certificates,Rs62Certificates.RS62Eq314Leaves,MathExtras.RS62.theta314_log_1291,IntervalArith.RatInterval.log_enclose_full,transcendental-enclosure,"Rat (exact, unbounded)",1831,45177,544,"24-term series, ~1807 halving steps, argument ~544 decimal digits"
MathExtras.RS62.theta314_log_1297._native.native_decide.ax_1_1,Rs62Certificates,Rs62Certificates.RS62Eq314Leaves,MathExtras.RS62.theta314_log_1297,IntervalArith.RatInterval.log_enclose_full,transcendental-enclosure,"Rat (exact, unbounded)",1841,45426,547,"24-term series, ~1817 halving steps, argument ~547 decimal digits"
MathExtras.RS62.theta314_log_1301._native.native_decide.ax_1_1,Rs62Certificates,Rs62Certificates.RS62Eq314Leaves,MathExtras.RS62.theta314_log_1301,IntervalArith.RatInterval.log_enclose_full,transcendental-enclosure,"Rat (exact, unbounded)",1851,367236,550,"200-term series, ~1827 halving steps, argument ~550 decimal digits"
MathExtras.RS62.theta314_log_1303._native.native_decide.ax_1_1,Rs62Certificates,Rs62Certificates.RS62Eq314Leaves,MathExtras.RS62.theta314_log_1303,IntervalArith.RatInterval.log_enclose_full,transcendental-enclosure,"Rat (exact, unbounded)",1864,46008,554,"24-term series, ~1840 halving steps, argument ~554 decimal digits"
MathExtras.RS62.theta314_log_1307._native.native_decide.ax_1_1,Rs62Certificates,Rs62Certificates.RS62Eq314Leaves,MathExtras.RS62.theta314_log_1307,IntervalArith.RatInterval.log_enclose_full,transcendental-enclosure,"Rat (exact, unbounded)",1874,46257,557,"24-term series, ~1850 halving steps, argument ~557 decimal digits"
MathExtras.RS62.theta314_log_1319._native.native_decide.ax_1_1,Rs62Certificates,Rs62Certificates.RS62Eq314Leaves,MathExtras.RS62.theta314_log_1319,IntervalArith.RatInterval.log_enclose_full,transcendental-enclosure,"Rat (exact, unbounded)",1884,46506,560,"24-term series, ~1860 halving steps, argument ~560 decimal digits"
MathExtras.RS62.theta314_log_1321._native.native_decide.ax_1_1,Rs62Certificates,Rs62Certificates.RS62Eq314Leaves,MathExtras.RS62.theta314_log_1321,IntervalArith.RatInterval.log_enclose_full,transcendental-enclosure,"Rat (exact, unbounded)",1894,46755,563,"24-term series, ~1870 halving steps, argument ~563 decimal digits"
MathExtras.RS62.theta314_log_1327._native.native_decide.ax_1_1,Rs62Certificates,Rs62Certificates.RS62Eq314Leaves,MathExtras.RS62.theta314_log_1327,IntervalArith.RatInterval.log_enclose_full,transcendental-enclosure,"Rat (exact, unbounded)",1904,47004,566,"24-term series, ~1880 halving steps, argument ~566 decimal digits"
MathExtras.RS62.theta314_log_1361._native.native_decide.ax_1_1,Rs62Certificates,Rs62Certificates.RS62Eq314Leaves,MathExtras.RS62.theta314_log_1361,IntervalArith.RatInterval.log_enclose_full,transcendental-enclosure,"Rat (exact, unbounded)",1914,190906,569,"100-term series, ~1890 halving steps, argument ~569 decimal digits"
MathExtras.RS62.theta314_log_1367._native.native_decide.ax_1_1,Rs62Certificates,Rs62Certificates.RS62Eq314Leaves,MathExtras.RS62.theta314_log_1367,IntervalArith.RatInterval.log_enclose_full,transcendental-enclosure,"Rat (exact, unbounded)",1924,191912,572,"100-term series, ~1900 halving steps, argument ~572 decimal digits"
MathExtras.RS62.theta314_log_1373._native.native_decide.ax_1_1,Rs62Certificates,Rs62Certificates.RS62Eq314Leaves,MathExtras.RS62.theta314_log_1373,IntervalArith.RatInterval.log_enclose_full,transcendental-enclosure,"Rat (exact, unbounded)",1934,383928,575,"200-term series, ~1910 halving steps, argument ~575 decimal digits"
MathExtras.RS62.theta314_log_1381._native.native_decide.ax_1_1,Rs62Certificates,Rs62Certificates.RS62Eq314Leaves,MathExtras.RS62.theta314_log_1381,IntervalArith.RatInterval.log_enclose_full,transcendental-enclosure,"Rat (exact, unbounded)",1947,48084,579,"24-term series, ~1923 halving steps, argument ~579 decimal digits"
MathExtras.RS62.theta314_log_1399._native.native_decide.ax_1_1,Rs62Certificates,Rs62Certificates.RS62Eq314Leaves,MathExtras.RS62.theta314_log_1399,IntervalArith.RatInterval.log_enclose_full,transcendental-enclosure,"Rat (exact, unbounded)",1957,48333,582,"24-term series, ~1933 halving steps, argument ~582 decimal digits"
MathExtras.RS62.theta314_log_1409._native.native_decide.ax_1_1,Rs62Certificates,Rs62Certificates.RS62Eq314Leaves,MathExtras.RS62.theta314_log_1409,IntervalArith.RatInterval.log_enclose_full,transcendental-enclosure,"Rat (exact, unbounded)",1967,50526,585,"25-term series, ~1943 halving steps, argument ~585 decimal digits"
MathExtras.RS62.theta314_log_1423._native.native_decide.ax_1_1,Rs62Certificates,Rs62Certificates.RS62Eq314Leaves,MathExtras.RS62.theta314_log_1423,IntervalArith.RatInterval.log_enclose_full,transcendental-enclosure,"Rat (exact, unbounded)",1977,99617,588,"50-term series, ~1953 halving steps, argument ~588 decimal digits"
MathExtras.RS62.theta314_log_1427._native.native_decide.ax_1_1,Rs62Certificates,Rs62Certificates.RS62Eq314Leaves,MathExtras.RS62.theta314_log_1427,IntervalArith.RatInterval.log_enclose_full,transcendental-enclosure,"Rat (exact, unbounded)",1987,49081,591,"24-term series, ~1963 halving steps, argument ~591 decimal digits"
MathExtras.RS62.theta314_log_1429._native.native_decide.ax_1_1,Rs62Certificates,Rs62Certificates.RS62Eq314Leaves,MathExtras.RS62.theta314_log_1429,IntervalArith.RatInterval.log_enclose_full,transcendental-enclosure,"Rat (exact, unbounded)",1997,49330,594,"24-term series, ~1973 halving steps, argument ~594 decimal digits"
MathExtras.RS62.theta314_log_1433._native.native_decide.ax_1_1,Rs62Certificates,Rs62Certificates.RS62Eq314Leaves,MathExtras.RS62.theta314_log_1433,IntervalArith.RatInterval.log_enclose_full,transcendental-enclosure,"Rat (exact, unbounded)",2007,249879,597,"125-term series, ~1983 halving steps, argument ~597 decimal digits"
MathExtras.RS62.theta314_log_1439._native.native_decide.ax_1_1,Rs62Certificates,Rs62Certificates.RS62Eq314Leaves,MathExtras.RS62.theta314_log_1439,IntervalArith.RatInterval.log_enclose_full,transcendental-enclosure,"Rat (exact, unbounded)",2020,251554,601,"125-term series, ~1996 halving steps, argument ~601 decimal digits"
MathExtras.RS62.theta314_log_1447._native.native_decide.ax_1_1,Rs62Certificates,Rs62Certificates.RS62Eq314Leaves,MathExtras.RS62.theta314_log_1447,IntervalArith.RatInterval.log_enclose_full,transcendental-enclosure,"Rat (exact, unbounded)",2030,403291,604,"200-term series, ~2006 halving steps, argument ~604 decimal digits"
MathExtras.RS62.theta314_log_1451._native.native_decide.ax_1_1,Rs62Certificates,Rs62Certificates.RS62Eq314Leaves,MathExtras.RS62.theta314_log_1451,IntervalArith.RatInterval.log_enclose_full,transcendental-enclosure,"Rat (exact, unbounded)",2040,405295,607,"200-term series, ~2016 halving steps, argument ~607 decimal digits"
MathExtras.RS62.theta314_log_1453._native.native_decide.ax_1_1,Rs62Certificates,Rs62Certificates.RS62Eq314Leaves,MathExtras.RS62.theta314_log_1453,IntervalArith.RatInterval.log_enclose_full,transcendental-enclosure,"Rat (exact, unbounded)",2050,50658,610,"24-term series, ~2026 halving steps, argument ~610 decimal digits"
MathExtras.RS62.theta314_log_1459._native.native_decide.ax_1_1,Rs62Certificates,Rs62Certificates.RS62Eq314Leaves,MathExtras.RS62.theta314_log_1459,IntervalArith.RatInterval.log_enclose_full,transcendental-enclosure,"Rat (exact, unbounded)",2060,50908,613,"24-term series, ~2036 halving steps, argument ~613 decimal digits"
MathExtras.RS62.theta314_log_1471._native.native_decide.ax_1_1,Rs62Certificates,Rs62Certificates.RS62Eq314Leaves,MathExtras.RS62.theta314_log_1471,IntervalArith.RatInterval.log_enclose_full,transcendental-enclosure,"Rat (exact, unbounded)",2070,411304,616,"200-term series, ~2046 halving steps, argument ~616 decimal digits"
MathExtras.RS62.theta314_log_1481._native.native_decide.ax_1_1,Rs62Certificates,Rs62Certificates.RS62Eq314Leaves,MathExtras.RS62.theta314_log_1481,IntervalArith.RatInterval.log_enclose_full,transcendental-enclosure,"Rat (exact, unbounded)",2083,51489,620,"24-term series, ~2059 halving steps, argument ~620 decimal digits"
MathExtras.RS62.theta314_log_1483._native.native_decide.ax_1_1,Rs62Certificates,Rs62Certificates.RS62Eq314Leaves,MathExtras.RS62.theta314_log_1483,IntervalArith.RatInterval.log_enclose_full,transcendental-enclosure,"Rat (exact, unbounded)",2093,51738,623,"24-term series, ~2069 halving steps, argument ~623 decimal digits"
MathExtras.RS62.theta314_log_1487._native.native_decide.ax_1_1,Rs62Certificates,Rs62Certificates.RS62Eq314Leaves,MathExtras.RS62.theta314_log_1487,IntervalArith.RatInterval.log_enclose_full,transcendental-enclosure,"Rat (exact, unbounded)",2103,51987,626,"24-term series, ~2079 halving steps, argument ~626 decimal digits"
MathExtras.RS62.theta314_log_1489._native.native_decide.ax_1_1,Rs62Certificates,Rs62Certificates.RS62Eq314Leaves,MathExtras.RS62.theta314_log_1489,IntervalArith.RatInterval.log_enclose_full,transcendental-enclosure,"Rat (exact, unbounded)",2113,52236,629,"24-term series, ~2089 halving steps, argument ~629 decimal digits"
MathExtras.RS62.theta314_log_1493._native.native_decide.ax_1_1,Rs62Certificates,Rs62Certificates.RS62Eq314Leaves,MathExtras.RS62.theta314_log_1493,IntervalArith.RatInterval.log_enclose_full,transcendental-enclosure,"Rat (exact, unbounded)",2123,52486,632,"24-term series, ~2099 halving steps, argument ~632 decimal digits"
MathExtras.RS62.theta314_log_1499._native.native_decide.ax_1_1,Rs62Certificates,Rs62Certificates.RS62Eq314Leaves,MathExtras.RS62.theta314_log_1499,IntervalArith.RatInterval.log_enclose_full,transcendental-enclosure,"Rat (exact, unbounded)",2136,52818,636,"24-term series, ~2112 halving steps, argument ~636 decimal digits"
MathExtras.RS62.theta314_log_1511._native.native_decide.ax_1_1,Rs62Certificates,Rs62Certificates.RS62Eq314Leaves,MathExtras.RS62.theta314_log_1511,IntervalArith.RatInterval.log_enclose_full,transcendental-enclosure,"Rat (exact, unbounded)",2146,108257,639,"50-term series, ~2122 halving steps, argument ~639 decimal digits"
MathExtras.RS62.theta314_log_1523._native.native_decide.ax_1_1,Rs62Certificates,Rs62Certificates.RS62Eq314Leaves,MathExtras.RS62.theta314_log_1523,IntervalArith.RatInterval.log_enclose_full,transcendental-enclosure,"Rat (exact, unbounded)",2156,53316,642,"24-term series, ~2132 halving steps, argument ~642 decimal digits"
MathExtras.RS62.theta314_log_1531._native.native_decide.ax_1_1,Rs62Certificates,Rs62Certificates.RS62Eq314Leaves,MathExtras.RS62.theta314_log_1531,IntervalArith.RatInterval.log_enclose_full,transcendental-enclosure,"Rat (exact, unbounded)",2166,53565,645,"24-term series, ~2142 halving steps, argument ~645 decimal digits"
MathExtras.RS62.theta314_log_1543._native.native_decide.ax_1_1,Rs62Certificates,Rs62Certificates.RS62Eq314Leaves,MathExtras.RS62.theta314_log_1543,IntervalArith.RatInterval.log_enclose_full,transcendental-enclosure,"Rat (exact, unbounded)",2176,53814,648,"24-term series, ~2152 halving steps, argument ~648 decimal digits"
MathExtras.RS62.theta314_log_1549._native.native_decide.ax_1_1,Rs62Certificates,Rs62Certificates.RS62Eq314Leaves,MathExtras.RS62.theta314_log_1549,IntervalArith.RatInterval.log_enclose_full,transcendental-enclosure,"Rat (exact, unbounded)",2186,54063,651,"24-term series, ~2162 halving steps, argument ~651 decimal digits"
MathExtras.RS62.theta314_log_1553._native.native_decide.ax_1_1,Rs62Certificates,Rs62Certificates.RS62Eq314Leaves,MathExtras.RS62.theta314_log_1553,IntervalArith.RatInterval.log_enclose_full,transcendental-enclosure,"Rat (exact, unbounded)",2199,54396,655,"24-term series, ~2175 halving steps, argument ~655 decimal digits"
MathExtras.RS62.theta314_log_1559._native.native_decide.ax_1_1,Rs62Certificates,Rs62Certificates.RS62Eq314Leaves,MathExtras.RS62.theta314_log_1559,IntervalArith.RatInterval.log_enclose_full,transcendental-enclosure,"Rat (exact, unbounded)",2209,54645,658,"24-term series, ~2185 halving steps, argument ~658 decimal digits"
MathExtras.RS62.theta314_log_1567._native.native_decide.ax_1_1,Rs62Certificates,Rs62Certificates.RS62Eq314Leaves,MathExtras.RS62.theta314_log_1567,IntervalArith.RatInterval.log_enclose_full,transcendental-enclosure,"Rat (exact, unbounded)",2219,441350,661,"200-term series, ~2195 halving steps, argument ~661 decimal digits"
MathExtras.RS62.theta314_log_1571._native.native_decide.ax_1_1,Rs62Certificates,Rs62Certificates.RS62Eq314Leaves,MathExtras.RS62.theta314_log_1571,IntervalArith.RatInterval.log_enclose_full,transcendental-enclosure,"Rat (exact, unbounded)",2229,90435,664,"40-term series, ~2205 halving steps, argument ~664 decimal digits"
MathExtras.RS62.theta314_log_1579._native.native_decide.ax_1_1,Rs62Certificates,Rs62Certificates.RS62Eq314Leaves,MathExtras.RS62.theta314_log_1579,IntervalArith.RatInterval.log_enclose_full,transcendental-enclosure,"Rat (exact, unbounded)",2239,55392,667,"24-term series, ~2215 halving steps, argument ~667 decimal digits"
MathExtras.RS62.theta314_log_1583._native.native_decide.ax_1_1,Rs62Certificates,Rs62Certificates.RS62Eq314Leaves,MathExtras.RS62.theta314_log_1583,IntervalArith.RatInterval.log_enclose_full,transcendental-enclosure,"Rat (exact, unbounded)",2252,55724,671,"24-term series, ~2228 halving steps, argument ~671 decimal digits"
MathExtras.RS62.theta314_log_1597._native.native_decide.ax_1_1,Rs62Certificates,Rs62Certificates.RS62Eq314Leaves,MathExtras.RS62.theta314_log_1597,IntervalArith.RatInterval.log_enclose_full,transcendental-enclosure,"Rat (exact, unbounded)",2262,55974,674,"24-term series, ~2238 halving steps, argument ~674 decimal digits"
MathExtras.RS62.theta314_log_1601._native.native_decide.ax_1_1,Rs62Certificates,Rs62Certificates.RS62Eq314Leaves,MathExtras.RS62.theta314_log_1601,IntervalArith.RatInterval.log_enclose_full,transcendental-enclosure,"Rat (exact, unbounded)",2272,56223,677,"24-term series, ~2248 halving steps, argument ~677 decimal digits"
MathExtras.RS62.theta314_log_1607._native.native_decide.ax_1_1,Rs62Certificates,Rs62Certificates.RS62Eq314Leaves,MathExtras.RS62.theta314_log_1607,IntervalArith.RatInterval.log_enclose_full,transcendental-enclosure,"Rat (exact, unbounded)",2282,56472,680,"24-term series, ~2258 halving steps, argument ~680 decimal digits"
MathExtras.RS62.theta314_log_1609._native.native_decide.ax_1_1,Rs62Certificates,Rs62Certificates.RS62Eq314Leaves,MathExtras.RS62.theta314_log_1609,IntervalArith.RatInterval.log_enclose_full,transcendental-enclosure,"Rat (exact, unbounded)",2292,56721,683,"24-term series, ~2268 halving steps, argument ~683 decimal digits"
MathExtras.RS62.theta314_log_1613._native.native_decide.ax_1_1,Rs62Certificates,Rs62Certificates.RS62Eq314Leaves,MathExtras.RS62.theta314_log_1613,IntervalArith.RatInterval.log_enclose_full,transcendental-enclosure,"Rat (exact, unbounded)",2306,57053,687,"24-term series, ~2282 halving steps, argument ~687 decimal digits"
MathExtras.RS62.theta314_log_1619._native.native_decide.ax_1_1,Rs62Certificates,Rs62Certificates.RS62Eq314Leaves,MathExtras.RS62.theta314_log_1619,IntervalArith.RatInterval.log_enclose_full,transcendental-enclosure,"Rat (exact, unbounded)",2316,57302,690,"24-term series, ~2292 halving steps, argument ~690 decimal digits"
MathExtras.RS62.theta314_log_1621._native.native_decide.ax_1_1,Rs62Certificates,Rs62Certificates.RS62Eq314Leaves,MathExtras.RS62.theta314_log_1621,IntervalArith.RatInterval.log_enclose_full,transcendental-enclosure,"Rat (exact, unbounded)",2326,57551,693,"24-term series, ~2302 halving steps, argument ~693 decimal digits"
MathExtras.RS62.theta314_log_1627._native.native_decide.ax_1_1,Rs62Certificates,Rs62Certificates.RS62Eq314Leaves,MathExtras.RS62.theta314_log_1627,IntervalArith.RatInterval.log_enclose_full,transcendental-enclosure,"Rat (exact, unbounded)",2336,57801,696,"24-term series, ~2312 halving steps, argument ~696 decimal digits"
MathExtras.RS62.theta314_log_1637._native.native_decide.ax_1_1,Rs62Certificates,Rs62Certificates.RS62Eq314Leaves,MathExtras.RS62.theta314_log_1637,IntervalArith.RatInterval.log_enclose_full,transcendental-enclosure,"Rat (exact, unbounded)",2346,58050,699,"24-term series, ~2322 halving steps, argument ~699 decimal digits"
MathExtras.RS62.theta314_log_1657._native.native_decide.ax_1_1,Rs62Certificates,Rs62Certificates.RS62Eq314Leaves,MathExtras.RS62.theta314_log_1657,IntervalArith.RatInterval.log_enclose_full,transcendental-enclosure,"Rat (exact, unbounded)",2359,49041,703,"20-term series, ~2335 halving steps, argument ~703 decimal digits"
MathExtras.RS62.theta314_log_1663._native.native_decide.ax_1_1,Rs62Certificates,Rs62Certificates.RS62Eq314Leaves,MathExtras.RS62.theta314_log_1663,IntervalArith.RatInterval.log_enclose_full,transcendental-enclosure,"Rat (exact, unbounded)",2369,58631,706,"24-term series, ~2345 halving steps, argument ~706 decimal digits"
MathExtras.RS62.theta314_log_1667._native.native_decide.ax_1_1,Rs62Certificates,Rs62Certificates.RS62Eq314Leaves,MathExtras.RS62.theta314_log_1667,IntervalArith.RatInterval.log_enclose_full,transcendental-enclosure,"Rat (exact, unbounded)",2379,473400,709,"200-term series, ~2355 halving steps, argument ~709 decimal digits"
MathExtras.RS62.theta314_log_1669._native.native_decide.ax_1_1,Rs62Certificates,Rs62Certificates.RS62Eq314Leaves,MathExtras.RS62.theta314_log_1669,IntervalArith.RatInterval.log_enclose_full,transcendental-enclosure,"Rat (exact, unbounded)",2389,475403,712,"200-term series, ~2365 halving steps, argument ~712 decimal digits"
MathExtras.RS62.theta314_log_1693._native.native_decide.ax_1_1,Rs62Certificates,Rs62Certificates.RS62Eq314Leaves,MathExtras.RS62.theta314_log_1693,IntervalArith.RatInterval.log_enclose_full,transcendental-enclosure,"Rat (exact, unbounded)",2402,121302,716,"50-term series, ~2378 halving steps, argument ~716 decimal digits"
MathExtras.RS62.theta314_log_1697._native.native_decide.ax_1_1,Rs62Certificates,Rs62Certificates.RS62Eq314Leaves,MathExtras.RS62.theta314_log_1697,IntervalArith.RatInterval.log_enclose_full,transcendental-enclosure,"Rat (exact, unbounded)",2412,300944,719,"125-term series, ~2388 halving steps, argument ~719 decimal digits"
MathExtras.RS62.theta314_log_1699._native.native_decide.ax_1_1,Rs62Certificates,Rs62Certificates.RS62Eq314Leaves,MathExtras.RS62.theta314_log_1699,IntervalArith.RatInterval.log_enclose_full,transcendental-enclosure,"Rat (exact, unbounded)",2422,59960,722,"24-term series, ~2398 halving steps, argument ~722 decimal digits"
MathExtras.RS62.theta314_log_1709._native.native_decide.ax_1_1,Rs62Certificates,Rs62Certificates.RS62Eq314Leaves,MathExtras.RS62.theta314_log_1709,IntervalArith.RatInterval.log_enclose_full,transcendental-enclosure,"Rat (exact, unbounded)",2432,60209,725,"24-term series, ~2408 halving steps, argument ~725 decimal digits"
MathExtras.RS62.theta314_log_1721._native.native_decide.ax_1_1,Rs62Certificates,Rs62Certificates.RS62Eq314Leaves,MathExtras.RS62.theta314_log_1721,IntervalArith.RatInterval.log_enclose_full,transcendental-enclosure,"Rat (exact, unbounded)",2445,60541,729,"24-term series, ~2421 halving steps, argument ~729 decimal digits"
MathExtras.RS62.theta314_log_1723._native.native_decide.ax_1_1,Rs62Certificates,Rs62Certificates.RS62Eq314Leaves,MathExtras.RS62.theta314_log_1723,IntervalArith.RatInterval.log_enclose_full,transcendental-enclosure,"Rat (exact, unbounded)",2455,63222,732,"25-term series, ~2431 halving steps, argument ~732 decimal digits"
MathExtras.RS62.theta314_log_1733._native.native_decide.ax_1_1,Rs62Certificates,Rs62Certificates.RS62Eq314Leaves,MathExtras.RS62.theta314_log_1733,IntervalArith.RatInterval.log_enclose_full,transcendental-enclosure,"Rat (exact, unbounded)",2465,61039,735,"24-term series, ~2441 halving steps, argument ~735 decimal digits"
MathExtras.RS62.theta314_log_1741._native.native_decide.ax_1_1,Rs62Certificates,Rs62Certificates.RS62Eq314Leaves,MathExtras.RS62.theta314_log_1741,IntervalArith.RatInterval.log_enclose_full,transcendental-enclosure,"Rat (exact, unbounded)",2475,63740,738,"25-term series, ~2451 halving steps, argument ~738 decimal digits"
MathExtras.RS62.theta314_log_1747._native.native_decide.ax_1_1,Rs62Certificates,Rs62Certificates.RS62Eq314Leaves,MathExtras.RS62.theta314_log_1747,IntervalArith.RatInterval.log_enclose_full,transcendental-enclosure,"Rat (exact, unbounded)",2485,61538,741,"24-term series, ~2461 halving steps, argument ~741 decimal digits"
MathExtras.RS62.theta314_log_1753._native.native_decide.ax_1_1,Rs62Certificates,Rs62Certificates.RS62Eq314Leaves,MathExtras.RS62.theta314_log_1753,IntervalArith.RatInterval.log_enclose_full,transcendental-enclosure,"Rat (exact, unbounded)",2498,497437,745,"200-term series, ~2474 halving steps, argument ~745 decimal digits"
MathExtras.RS62.theta314_log_1759._native.native_decide.ax_1_1,Rs62Certificates,Rs62Certificates.RS62Eq314Leaves,MathExtras.RS62.theta314_log_1759,IntervalArith.RatInterval.log_enclose_full,transcendental-enclosure,"Rat (exact, unbounded)",2508,62119,748,"24-term series, ~2484 halving steps, argument ~748 decimal digits"
MathExtras.RS62.theta314_log_1777._native.native_decide.ax_1_1,Rs62Certificates,Rs62Certificates.RS62Eq314Leaves,MathExtras.RS62.theta314_log_1777,IntervalArith.RatInterval.log_enclose_full,transcendental-enclosure,"Rat (exact, unbounded)",2518,251969,751,"100-term series, ~2494 halving steps, argument ~751 decimal digits"
MathExtras.RS62.theta314_log_1783._native.native_decide.ax_1_1,Rs62Certificates,Rs62Certificates.RS62Eq314Leaves,MathExtras.RS62.theta314_log_1783,IntervalArith.RatInterval.log_enclose_full,transcendental-enclosure,"Rat (exact, unbounded)",2528,315593,754,"125-term series, ~2504 halving steps, argument ~754 decimal digits"
MathExtras.RS62.theta314_log_1787._native.native_decide.ax_1_1,Rs62Certificates,Rs62Certificates.RS62Eq314Leaves,MathExtras.RS62.theta314_log_1787,IntervalArith.RatInterval.log_enclose_full,transcendental-enclosure,"Rat (exact, unbounded)",2542,317268,758,"125-term series, ~2518 halving steps, argument ~758 decimal digits"
MathExtras.RS62.theta314_log_1789._native.native_decide.ax_1_1,Rs62Certificates,Rs62Certificates.RS62Eq314Leaves,MathExtras.RS62.theta314_log_1789,IntervalArith.RatInterval.log_enclose_full,transcendental-enclosure,"Rat (exact, unbounded)",2551,63199,761,"24-term series, ~2527 halving steps, argument ~761 decimal digits"
MathExtras.RS62.theta314_log_1801._native.native_decide.ax_1_1,Rs62Certificates,Rs62Certificates.RS62Eq314Leaves,MathExtras.RS62.theta314_log_1801,IntervalArith.RatInterval.log_enclose_full,transcendental-enclosure,"Rat (exact, unbounded)",2561,256331,764,"100-term series, ~2537 halving steps, argument ~764 decimal digits"
MathExtras.RS62.theta314_log_1811._native.native_decide.ax_1_1,Rs62Certificates,Rs62Certificates.RS62Eq314Leaves,MathExtras.RS62.theta314_log_1811,IntervalArith.RatInterval.log_enclose_full,transcendental-enclosure,"Rat (exact, unbounded)",2571,63697,767,"24-term series, ~2547 halving steps, argument ~767 decimal digits"
MathExtras.RS62.theta314_log_1823._native.native_decide.ax_1_1,Rs62Certificates,Rs62Certificates.RS62Eq314Leaves,MathExtras.RS62.theta314_log_1823,IntervalArith.RatInterval.log_enclose_full,transcendental-enclosure,"Rat (exact, unbounded)",2585,130620,771,"50-term series, ~2561 halving steps, argument ~771 decimal digits"
MathExtras.RS62.theta314_log_1831._native.native_decide.ax_1_1,Rs62Certificates,Rs62Certificates.RS62Eq314Leaves,MathExtras.RS62.theta314_log_1831,IntervalArith.RatInterval.log_enclose_full,transcendental-enclosure,"Rat (exact, unbounded)",2595,64278,774,"24-term series, ~2571 halving steps, argument ~774 decimal digits"
MathExtras.RS62.theta314_log_1847._native.native_decide.ax_1_1,Rs62Certificates,Rs62Certificates.RS62Eq314Leaves,MathExtras.RS62.theta314_log_1847,IntervalArith.RatInterval.log_enclose_full,transcendental-enclosure,"Rat (exact, unbounded)",2605,64527,777,"24-term series, ~2581 halving steps, argument ~777 decimal digits"
MathExtras.RS62.theta314_log_1861._native.native_decide.ax_1_1,Rs62Certificates,Rs62Certificates.RS62Eq314Leaves,MathExtras.RS62.theta314_log_1861,IntervalArith.RatInterval.log_enclose_full,transcendental-enclosure,"Rat (exact, unbounded)",2618,64860,781,"24-term series, ~2594 halving steps, argument ~781 decimal digits"
MathExtras.RS62.theta314_log_1867._native.native_decide.ax_1_1,Rs62Certificates,Rs62Certificates.RS62Eq314Leaves,MathExtras.RS62.theta314_log_1867,IntervalArith.RatInterval.log_enclose_full,transcendental-enclosure,"Rat (exact, unbounded)",2628,523478,784,"200-term series, ~2604 halving steps, argument ~784 decimal digits"
MathExtras.RS62.theta314_log_1871._native.native_decide.ax_1_1,Rs62Certificates,Rs62Certificates.RS62Eq314Leaves,MathExtras.RS62.theta314_log_1871,IntervalArith.RatInterval.log_enclose_full,transcendental-enclosure,"Rat (exact, unbounded)",2638,65358,787,"24-term series, ~2614 halving steps, argument ~787 decimal digits"
MathExtras.RS62.theta314_log_1873._native.native_decide.ax_1_1,Rs62Certificates,Rs62Certificates.RS62Eq314Leaves,MathExtras.RS62.theta314_log_1873,IntervalArith.RatInterval.log_enclose_full,transcendental-enclosure,"Rat (exact, unbounded)",2648,330661,790,"125-term series, ~2624 halving steps, argument ~790 decimal digits"
MathExtras.RS62.theta314_log_1877._native.native_decide.ax_1_1,Rs62Certificates,Rs62Certificates.RS62Eq314Leaves,MathExtras.RS62.theta314_log_1877,IntervalArith.RatInterval.log_enclose_full,transcendental-enclosure,"Rat (exact, unbounded)",2661,65939,794,"24-term series, ~2637 halving steps, argument ~794 decimal digits"
MathExtras.RS62.theta314_log_1879._native.native_decide.ax_1_1,Rs62Certificates,Rs62Certificates.RS62Eq314Leaves,MathExtras.RS62.theta314_log_1879,IntervalArith.RatInterval.log_enclose_full,transcendental-enclosure,"Rat (exact, unbounded)",2671,135025,797,"50-term series, ~2647 halving steps, argument ~797 decimal digits"
MathExtras.RS62.theta314_log_1889._native.native_decide.ax_1_1,Rs62Certificates,Rs62Certificates.RS62Eq314Leaves,MathExtras.RS62.theta314_log_1889,IntervalArith.RatInterval.log_enclose_full,transcendental-enclosure,"Rat (exact, unbounded)",2681,66438,800,"24-term series, ~2657 halving steps, argument ~800 decimal digits"
MathExtras.RS62.theta314_log_1901._native.native_decide.ax_1_1,Rs62Certificates,Rs62Certificates.RS62Eq314Leaves,MathExtras.RS62.theta314_log_1901,IntervalArith.RatInterval.log_enclose_full,transcendental-enclosure,"Rat (exact, unbounded)",2691,66687,803,"24-term series, ~2667 halving steps, argument ~803 decimal digits"
MathExtras.RS62.theta314_log_1907._native.native_decide.ax_1_1,Rs62Certificates,Rs62Certificates.RS62Eq314Leaves,MathExtras.RS62.theta314_log_1907,IntervalArith.RatInterval.log_enclose_full,transcendental-enclosure,"Rat (exact, unbounded)",2704,67019,807,"24-term series, ~2680 halving steps, argument ~807 decimal digits"
MathExtras.RS62.theta314_log_1913._native.native_decide.ax_1_1,Rs62Certificates,Rs62Certificates.RS62Eq314Leaves,MathExtras.RS62.theta314_log_1913,IntervalArith.RatInterval.log_enclose_full,transcendental-enclosure,"Rat (exact, unbounded)",2714,339033,810,"125-term series, ~2690 halving steps, argument ~810 decimal digits"
MathExtras.RS62.theta314_log_1931._native.native_decide.ax_1_1,Rs62Certificates,Rs62Certificates.RS62Eq314Leaves,MathExtras.RS62.theta314_log_1931,IntervalArith.RatInterval.log_enclose_full,transcendental-enclosure,"Rat (exact, unbounded)",2724,67517,813,"24-term series, ~2700 halving steps, argument ~813 decimal digits"
MathExtras.RS62.theta314_log_1933._native.native_decide.ax_1_1,Rs62Certificates,Rs62Certificates.RS62Eq314Leaves,MathExtras.RS62.theta314_log_1933,IntervalArith.RatInterval.log_enclose_full,transcendental-enclosure,"Rat (exact, unbounded)",2737,67849,817,"24-term series, ~2713 halving steps, argument ~817 decimal digits"
MathExtras.RS62.theta314_log_1949._native.native_decide.ax_1_1,Rs62Certificates,Rs62Certificates.RS62Eq314Leaves,MathExtras.RS62.theta314_log_1949,IntervalArith.RatInterval.log_enclose_full,transcendental-enclosure,"Rat (exact, unbounded)",2747,68098,820,"24-term series, ~2723 halving steps, argument ~820 decimal digits"
MathExtras.RS62.theta314_log_1951._native.native_decide.ax_1_1,Rs62Certificates,Rs62Certificates.RS62Eq314Leaves,MathExtras.RS62.theta314_log_1951,IntervalArith.RatInterval.log_enclose_full,transcendental-enclosure,"Rat (exact, unbounded)",2757,68348,823,"24-term series, ~2733 halving steps, argument ~823 decimal digits"
MathExtras.RS62.theta314_log_1973._native.native_decide.ax_1_1,Rs62Certificates,Rs62Certificates.RS62Eq314Leaves,MathExtras.RS62.theta314_log_1973,IntervalArith.RatInterval.log_enclose_full,transcendental-enclosure,"Rat (exact, unbounded)",2767,551521,826,"200-term series, ~2743 halving steps, argument ~826 decimal digits"
MathExtras.RS62.theta314_log_1979._native.native_decide.ax_1_1,Rs62Certificates,Rs62Certificates.RS62Eq314Leaves,MathExtras.RS62.theta314_log_1979,IntervalArith.RatInterval.log_enclose_full,transcendental-enclosure,"Rat (exact, unbounded)",2781,554192,830,"200-term series, ~2757 halving steps, argument ~830 decimal digits"
MathExtras.RS62.theta314_log_1987._native.native_decide.ax_1_1,Rs62Certificates,Rs62Certificates.RS62Eq314Leaves,MathExtras.RS62.theta314_log_1987,IntervalArith.RatInterval.log_enclose_full,transcendental-enclosure,"Rat (exact, unbounded)",2791,71945,833,"25-term series, ~2767 halving steps, argument ~833 decimal digits"
MathExtras.RS62.theta314_log_1993._native.native_decide.ax_1_1,Rs62Certificates,Rs62Certificates.RS62Eq314Leaves,MathExtras.RS62.theta314_log_1993,IntervalArith.RatInterval.log_enclose_full,transcendental-enclosure,"Rat (exact, unbounded)",2801,69427,836,"24-term series, ~2777 halving steps, argument ~836 decimal digits"
MathExtras.RS62.theta314_log_1997._native.native_decide.ax_1_1,Rs62Certificates,Rs62Certificates.RS62Eq314Leaves,MathExtras.RS62.theta314_log_1997,IntervalArith.RatInterval.log_enclose_full,transcendental-enclosure,"Rat (exact, unbounded)",2814,69759,840,"24-term series, ~2790 halving steps, argument ~840 decimal digits"
MathExtras.RS62.theta314_log_1999._native.native_decide.ax_1_1,Rs62Certificates,Rs62Certificates.RS62Eq314Leaves,MathExtras.RS62.theta314_log_1999,IntervalArith.RatInterval.log_enclose_full,transcendental-enclosure,"Rat (exact, unbounded)",2824,70009,843,"24-term series, ~2800 halving steps, argument ~843 decimal digits"
MathExtras.RS62.theta314_log_563._native.native_decide.ax_1_1,Rs62Certificates,Rs62Certificates.RS62Eq314Leaves,MathExtras.RS62.theta314_log_563,IntervalArith.RatInterval.log_enclose_full,transcendental-enclosure,"Rat (exact, unbounded)",781,18934,228,"24-term series, ~757 halving steps, argument ~228 decimal digits"
MathExtras.RS62.theta314_log_569._native.native_decide.ax_1_1,Rs62Certificates,Rs62Certificates.RS62Eq314Leaves,MathExtras.RS62.theta314_log_569,IntervalArith.RatInterval.log_enclose_full,transcendental-enclosure,"Rat (exact, unbounded)",791,19183,231,"24-term series, ~767 halving steps, argument ~231 decimal digits"
MathExtras.RS62.theta314_log_571._native.native_decide.ax_1_1,Rs62Certificates,Rs62Certificates.RS62Eq314Leaves,MathExtras.RS62.theta314_log_571,IntervalArith.RatInterval.log_enclose_full,transcendental-enclosure,"Rat (exact, unbounded)",801,156242,234,"200-term series, ~777 halving steps, argument ~234 decimal digits"
MathExtras.RS62.theta314_log_577._native.native_decide.ax_1_1,Rs62Certificates,Rs62Certificates.RS62Eq314Leaves,MathExtras.RS62.theta314_log_577,IntervalArith.RatInterval.log_enclose_full,transcendental-enclosure,"Rat (exact, unbounded)",811,19682,237,"24-term series, ~787 halving steps, argument ~237 decimal digits"
MathExtras.RS62.theta314_log_587._native.native_decide.ax_1_1,Rs62Certificates,Rs62Certificates.RS62Eq314Leaves,MathExtras.RS62.theta314_log_587,IntervalArith.RatInterval.log_enclose_full,transcendental-enclosure,"Rat (exact, unbounded)",817,19848,239,"24-term series, ~793 halving steps, argument ~239 decimal digits"
MathExtras.RS62.theta314_log_593._native.native_decide.ax_1_1,Rs62Certificates,Rs62Certificates.RS62Eq314Leaves,MathExtras.RS62.theta314_log_593,IntervalArith.RatInterval.log_enclose_full,transcendental-enclosure,"Rat (exact, unbounded)",827,20097,242,"24-term series, ~803 halving steps, argument ~242 decimal digits"
MathExtras.RS62.theta314_log_599._native.native_decide.ax_1_1,Rs62Certificates,Rs62Certificates.RS62Eq314Leaves,MathExtras.RS62.theta314_log_599,IntervalArith.RatInterval.log_enclose_full,transcendental-enclosure,"Rat (exact, unbounded)",837,20346,245,"24-term series, ~813 halving steps, argument ~245 decimal digits"
MathExtras.RS62.theta314_log_601._native.native_decide.ax_1_1,Rs62Certificates,Rs62Certificates.RS62Eq314Leaves,MathExtras.RS62.theta314_log_601,IntervalArith.RatInterval.log_enclose_full,transcendental-enclosure,"Rat (exact, unbounded)",847,20595,248,"24-term series, ~823 halving steps, argument ~248 decimal digits"
MathExtras.RS62.theta314_log_607._native.native_decide.ax_1_1,Rs62Certificates,Rs62Certificates.RS62Eq314Leaves,MathExtras.RS62.theta314_log_607,IntervalArith.RatInterval.log_enclose_full,transcendental-enclosure,"Rat (exact, unbounded)",857,20844,251,"24-term series, ~833 halving steps, argument ~251 decimal digits"
MathExtras.RS62.theta314_log_613._native.native_decide.ax_1_1,Rs62Certificates,Rs62Certificates.RS62Eq314Leaves,MathExtras.RS62.theta314_log_613,IntervalArith.RatInterval.log_enclose_full,transcendental-enclosure,"Rat (exact, unbounded)",864,21011,253,"24-term series, ~840 halving steps, argument ~253 decimal digits"
MathExtras.RS62.theta314_log_617._native.native_decide.ax_1_1,Rs62Certificates,Rs62Certificates.RS62Eq314Leaves,MathExtras.RS62.theta314_log_617,IntervalArith.RatInterval.log_enclose_full,transcendental-enclosure,"Rat (exact, unbounded)",874,21260,256,"24-term series, ~850 halving steps, argument ~256 decimal digits"
MathExtras.RS62.theta314_log_619._native.native_decide.ax_1_1,Rs62Certificates,Rs62Certificates.RS62Eq314Leaves,MathExtras.RS62.theta314_log_619,IntervalArith.RatInterval.log_enclose_full,transcendental-enclosure,"Rat (exact, unbounded)",884,21509,259,"24-term series, ~860 halving steps, argument ~259 decimal digits"
MathExtras.RS62.theta314_log_631._native.native_decide.ax_1_1,Rs62Certificates,Rs62Certificates.RS62Eq314Leaves,MathExtras.RS62.theta314_log_631,IntervalArith.RatInterval.log_enclose_full,transcendental-enclosure,"Rat (exact, unbounded)",894,109662,262,"125-term series, ~870 halving steps, argument ~262 decimal digits"
MathExtras.RS62.theta314_log_641._native.native_decide.ax_1_1,Rs62Certificates,Rs62Certificates.RS62Eq314Leaves,MathExtras.RS62.theta314_log_641,IntervalArith.RatInterval.log_enclose_full,transcendental-enclosure,"Rat (exact, unbounded)",904,22007,265,"24-term series, ~880 halving steps, argument ~265 decimal digits"
MathExtras.RS62.theta314_log_643._native.native_decide.ax_1_1,Rs62Certificates,Rs62Certificates.RS62Eq314Leaves,MathExtras.RS62.theta314_log_643,IntervalArith.RatInterval.log_enclose_full,transcendental-enclosure,"Rat (exact, unbounded)",910,22173,267,"24-term series, ~886 halving steps, argument ~267 decimal digits"
MathExtras.RS62.theta314_log_647._native.native_decide.ax_1_1,Rs62Certificates,Rs62Certificates.RS62Eq314Leaves,MathExtras.RS62.theta314_log_647,IntervalArith.RatInterval.log_enclose_full,transcendental-enclosure,"Rat (exact, unbounded)",920,22422,270,"24-term series, ~896 halving steps, argument ~270 decimal digits"
MathExtras.RS62.theta314_log_653._native.native_decide.ax_1_1,Rs62Certificates,Rs62Certificates.RS62Eq314Leaves,MathExtras.RS62.theta314_log_653,IntervalArith.RatInterval.log_enclose_full,transcendental-enclosure,"Rat (exact, unbounded)",930,22671,273,"24-term series, ~906 halving steps, argument ~273 decimal digits"
MathExtras.RS62.theta314_log_659._native.native_decide.ax_1_1,Rs62Certificates,Rs62Certificates.RS62Eq314Leaves,MathExtras.RS62.theta314_log_659,IntervalArith.RatInterval.log_enclose_full,transcendental-enclosure,"Rat (exact, unbounded)",940,22921,276,"24-term series, ~916 halving steps, argument ~276 decimal digits"
MathExtras.RS62.theta314_log_661._native.native_decide.ax_1_1,Rs62Certificates,Rs62Certificates.RS62Eq314Leaves,MathExtras.RS62.theta314_log_661,IntervalArith.RatInterval.log_enclose_full,transcendental-enclosure,"Rat (exact, unbounded)",950,23170,279,"24-term series, ~926 halving steps, argument ~279 decimal digits"
MathExtras.RS62.theta314_log_673._native.native_decide.ax_1_1,Rs62Certificates,Rs62Certificates.RS62Eq314Leaves,MathExtras.RS62.theta314_log_673,IntervalArith.RatInterval.log_enclose_full,transcendental-enclosure,"Rat (exact, unbounded)",957,23336,281,"24-term series, ~933 halving steps, argument ~281 decimal digits"
MathExtras.RS62.theta314_log_677._native.native_decide.ax_1_1,Rs62Certificates,Rs62Certificates.RS62Eq314Leaves,MathExtras.RS62.theta314_log_677,IntervalArith.RatInterval.log_enclose_full,transcendental-enclosure,"Rat (exact, unbounded)",967,23585,284,"24-term series, ~943 halving steps, argument ~284 decimal digits"
MathExtras.RS62.theta314_log_683._native.native_decide.ax_1_1,Rs62Certificates,Rs62Certificates.RS62Eq314Leaves,MathExtras.RS62.theta314_log_683,IntervalArith.RatInterval.log_enclose_full,transcendental-enclosure,"Rat (exact, unbounded)",977,120126,287,"125-term series, ~953 halving steps, argument ~287 decimal digits"
MathExtras.RS62.theta314_log_691._native.native_decide.ax_1_1,Rs62Certificates,Rs62Certificates.RS62Eq314Leaves,MathExtras.RS62.theta314_log_691,IntervalArith.RatInterval.log_enclose_full,transcendental-enclosure,"Rat (exact, unbounded)",987,24083,290,"24-term series, ~963 halving steps, argument ~290 decimal digits"
MathExtras.RS62.theta314_log_701._native.native_decide.ax_1_1,Rs62Certificates,Rs62Certificates.RS62Eq314Leaves,MathExtras.RS62.theta314_log_701,IntervalArith.RatInterval.log_enclose_full,transcendental-enclosure,"Rat (exact, unbounded)",997,24332,293,"24-term series, ~973 halving steps, argument ~293 decimal digits"
MathExtras.RS62.theta314_log_709._native.native_decide.ax_1_1,Rs62Certificates,Rs62Certificates.RS62Eq314Leaves,MathExtras.RS62.theta314_log_709,IntervalArith.RatInterval.log_enclose_full,transcendental-enclosure,"Rat (exact, unbounded)",1007,24582,296,"24-term series, ~983 halving steps, argument ~296 decimal digits"
MathExtras.RS62.theta314_log_719._native.native_decide.ax_1_1,Rs62Certificates,Rs62Certificates.RS62Eq314Leaves,MathExtras.RS62.theta314_log_719,IntervalArith.RatInterval.log_enclose_full,transcendental-enclosure,"Rat (exact, unbounded)",1013,25738,298,"25-term series, ~989 halving steps, argument ~298 decimal digits"
MathExtras.RS62.theta314_log_727._native.native_decide.ax_1_1,Rs62Certificates,Rs62Certificates.RS62Eq314Leaves,MathExtras.RS62.theta314_log_727,IntervalArith.RatInterval.log_enclose_full,transcendental-enclosure,"Rat (exact, unbounded)",1023,24997,301,"24-term series, ~999 halving steps, argument ~301 decimal digits"
MathExtras.RS62.theta314_log_733._native.native_decide.ax_1_1,Rs62Certificates,Rs62Certificates.RS62Eq314Leaves,MathExtras.RS62.theta314_log_733,IntervalArith.RatInterval.log_enclose_full,transcendental-enclosure,"Rat (exact, unbounded)",1033,25246,304,"24-term series, ~1009 halving steps, argument ~304 decimal digits"
MathExtras.RS62.theta314_log_739._native.native_decide.ax_1_1,Rs62Certificates,Rs62Certificates.RS62Eq314Leaves,MathExtras.RS62.theta314_log_739,IntervalArith.RatInterval.log_enclose_full,transcendental-enclosure,"Rat (exact, unbounded)",1043,128497,307,"125-term series, ~1019 halving steps, argument ~307 decimal digits"
MathExtras.RS62.theta314_log_743._native.native_decide.ax_1_1,Rs62Certificates,Rs62Certificates.RS62Eq314Leaves,MathExtras.RS62.theta314_log_743,IntervalArith.RatInterval.log_enclose_full,transcendental-enclosure,"Rat (exact, unbounded)",1053,25744,310,"24-term series, ~1029 halving steps, argument ~310 decimal digits"
MathExtras.RS62.theta314_log_751._native.native_decide.ax_1_1,Rs62Certificates,Rs62Certificates.RS62Eq314Leaves,MathExtras.RS62.theta314_log_751,IntervalArith.RatInterval.log_enclose_full,transcendental-enclosure,"Rat (exact, unbounded)",1063,131009,313,"125-term series, ~1039 halving steps, argument ~313 decimal digits"
MathExtras.RS62.theta314_log_757._native.native_decide.ax_1_1,Rs62Certificates,Rs62Certificates.RS62Eq314Leaves,MathExtras.RS62.theta314_log_757,IntervalArith.RatInterval.log_enclose_full,transcendental-enclosure,"Rat (exact, unbounded)",1073,26243,316,"24-term series, ~1049 halving steps, argument ~316 decimal digits"
MathExtras.RS62.theta314_log_761._native.native_decide.ax_1_1,Rs62Certificates,Rs62Certificates.RS62Eq314Leaves,MathExtras.RS62.theta314_log_761,IntervalArith.RatInterval.log_enclose_full,transcendental-enclosure,"Rat (exact, unbounded)",1083,133520,319,"125-term series, ~1059 halving steps, argument ~319 decimal digits"
MathExtras.RS62.theta314_log_769._native.native_decide.ax_1_1,Rs62Certificates,Rs62Certificates.RS62Eq314Leaves,MathExtras.RS62.theta314_log_769,IntervalArith.RatInterval.log_enclose_full,transcendental-enclosure,"Rat (exact, unbounded)",1090,26658,321,"24-term series, ~1066 halving steps, argument ~321 decimal digits"
MathExtras.RS62.theta314_log_773._native.native_decide.ax_1_1,Rs62Certificates,Rs62Certificates.RS62Eq314Leaves,MathExtras.RS62.theta314_log_773,IntervalArith.RatInterval.log_enclose_full,transcendental-enclosure,"Rat (exact, unbounded)",1100,26907,324,"24-term series, ~1076 halving steps, argument ~324 decimal digits"
MathExtras.RS62.theta314_log_787._native.native_decide.ax_1_1,Rs62Certificates,Rs62Certificates.RS62Eq314Leaves,MathExtras.RS62.theta314_log_787,IntervalArith.RatInterval.log_enclose_full,transcendental-enclosure,"Rat (exact, unbounded)",1110,27156,327,"24-term series, ~1086 halving steps, argument ~327 decimal digits"
MathExtras.RS62.theta314_log_797._native.native_decide.ax_1_1,Rs62Certificates,Rs62Certificates.RS62Eq314Leaves,MathExtras.RS62.theta314_log_797,IntervalArith.RatInterval.log_enclose_full,transcendental-enclosure,"Rat (exact, unbounded)",1120,27405,330,"24-term series, ~1096 halving steps, argument ~330 decimal digits"
MathExtras.RS62.theta314_log_809._native.native_decide.ax_1_1,Rs62Certificates,Rs62Certificates.RS62Eq314Leaves,MathExtras.RS62.theta314_log_809,IntervalArith.RatInterval.log_enclose_full,transcendental-enclosure,"Rat (exact, unbounded)",1130,27654,333,"24-term series, ~1106 halving steps, argument ~333 decimal digits"
MathExtras.RS62.theta314_log_811._native.native_decide.ax_1_1,Rs62Certificates,Rs62Certificates.RS62Eq314Leaves,MathExtras.RS62.theta314_log_811,IntervalArith.RatInterval.log_enclose_full,transcendental-enclosure,"Rat (exact, unbounded)",1140,27903,336,"24-term series, ~1116 halving steps, argument ~336 decimal digits"
MathExtras.RS62.theta314_log_821._native.native_decide.ax_1_1,Rs62Certificates,Rs62Certificates.RS62Eq314Leaves,MathExtras.RS62.theta314_log_821,IntervalArith.RatInterval.log_enclose_full,transcendental-enclosure,"Rat (exact, unbounded)",1150,28153,339,"24-term series, ~1126 halving steps, argument ~339 decimal digits"
MathExtras.RS62.theta314_log_823._native.native_decide.ax_1_1,Rs62Certificates,Rs62Certificates.RS62Eq314Leaves,MathExtras.RS62.theta314_log_823,IntervalArith.RatInterval.log_enclose_full,transcendental-enclosure,"Rat (exact, unbounded)",1160,114745,342,"100-term series, ~1136 halving steps, argument ~342 decimal digits"
MathExtras.RS62.theta314_log_827._native.native_decide.ax_1_1,Rs62Certificates,Rs62Certificates.RS62Eq314Leaves,MathExtras.RS62.theta314_log_827,IntervalArith.RatInterval.log_enclose_full,transcendental-enclosure,"Rat (exact, unbounded)",1170,28651,345,"24-term series, ~1146 halving steps, argument ~345 decimal digits"
MathExtras.RS62.theta314_log_829._native.native_decide.ax_1_1,Rs62Certificates,Rs62Certificates.RS62Eq314Leaves,MathExtras.RS62.theta314_log_829,IntervalArith.RatInterval.log_enclose_full,transcendental-enclosure,"Rat (exact, unbounded)",1180,28900,348,"24-term series, ~1156 halving steps, argument ~348 decimal digits"
MathExtras.RS62.theta314_log_839._native.native_decide.ax_1_1,Rs62Certificates,Rs62Certificates.RS62Eq314Leaves,MathExtras.RS62.theta314_log_839,IntervalArith.RatInterval.log_enclose_full,transcendental-enclosure,"Rat (exact, unbounded)",1189,30315,351,"25-term series, ~1165 halving steps, argument ~351 decimal digits"
MathExtras.RS62.theta314_log_853._native.native_decide.ax_1_1,Rs62Certificates,Rs62Certificates.RS62Eq314Leaves,MathExtras.RS62.theta314_log_853,IntervalArith.RatInterval.log_enclose_full,transcendental-enclosure,"Rat (exact, unbounded)",1199,29398,354,"24-term series, ~1175 halving steps, argument ~354 decimal digits"
MathExtras.RS62.theta314_log_857._native.native_decide.ax_1_1,Rs62Certificates,Rs62Certificates.RS62Eq314Leaves,MathExtras.RS62.theta314_log_857,IntervalArith.RatInterval.log_enclose_full,transcendental-enclosure,"Rat (exact, unbounded)",1206,29564,356,"24-term series, ~1182 halving steps, argument ~356 decimal digits"
MathExtras.RS62.theta314_log_859._native.native_decide.ax_1_1,Rs62Certificates,Rs62Certificates.RS62Eq314Leaves,MathExtras.RS62.theta314_log_859,IntervalArith.RatInterval.log_enclose_full,transcendental-enclosure,"Rat (exact, unbounded)",1216,29814,359,"24-term series, ~1192 halving steps, argument ~359 decimal digits"
MathExtras.RS62.theta314_log_863._native.native_decide.ax_1_1,Rs62Certificates,Rs62Certificates.RS62Eq314Leaves,MathExtras.RS62.theta314_log_863,IntervalArith.RatInterval.log_enclose_full,transcendental-enclosure,"Rat (exact, unbounded)",1226,30063,362,"24-term series, ~1202 halving steps, argument ~362 decimal digits"
MathExtras.RS62.theta314_log_877._native.native_decide.ax_1_1,Rs62Certificates,Rs62Certificates.RS62Eq314Leaves,MathExtras.RS62.theta314_log_877,IntervalArith.RatInterval.log_enclose_full,transcendental-enclosure,"Rat (exact, unbounded)",1236,10912,365,"8-term series, ~1212 halving steps, argument ~365 decimal digits"
MathExtras.RS62.theta314_log_881._native.native_decide.ax_1_1,Rs62Certificates,Rs62Certificates.RS62Eq314Leaves,MathExtras.RS62.theta314_log_881,IntervalArith.RatInterval.log_enclose_full,transcendental-enclosure,"Rat (exact, unbounded)",1246,154029,368,"125-term series, ~1222 halving steps, argument ~368 decimal digits"
MathExtras.RS62.theta314_log_883._native.native_decide.ax_1_1,Rs62Certificates,Rs62Certificates.RS62Eq314Leaves,MathExtras.RS62.theta314_log_883,IntervalArith.RatInterval.log_enclose_full,transcendental-enclosure,"Rat (exact, unbounded)",1256,30810,371,"24-term series, ~1232 halving steps, argument ~371 decimal digits"
MathExtras.RS62.theta314_log_887._native.native_decide.ax_1_1,Rs62Certificates,Rs62Certificates.RS62Eq314Leaves,MathExtras.RS62.theta314_log_887,IntervalArith.RatInterval.log_enclose_full,transcendental-enclosure,"Rat (exact, unbounded)",1266,31059,374,"24-term series, ~1242 halving steps, argument ~374 decimal digits"
MathExtras.RS62.theta314_log_907._native.native_decide.ax_1_1,Rs62Certificates,Rs62Certificates.RS62Eq314Leaves,MathExtras.RS62.theta314_log_907,IntervalArith.RatInterval.log_enclose_full,transcendental-enclosure,"Rat (exact, unbounded)",1276,31308,377,"24-term series, ~1252 halving steps, argument ~377 decimal digits"
MathExtras.RS62.theta314_log_911._native.native_decide.ax_1_1,Rs62Certificates,Rs62Certificates.RS62Eq314Leaves,MathExtras.RS62.theta314_log_911,IntervalArith.RatInterval.log_enclose_full,transcendental-enclosure,"Rat (exact, unbounded)",1286,31558,380,"24-term series, ~1262 halving steps, argument ~380 decimal digits"
MathExtras.RS62.theta314_log_919._native.native_decide.ax_1_1,Rs62Certificates,Rs62Certificates.RS62Eq314Leaves,MathExtras.RS62.theta314_log_919,IntervalArith.RatInterval.log_enclose_full,transcendental-enclosure,"Rat (exact, unbounded)",1296,52163,383,"40-term series, ~1272 halving steps, argument ~383 decimal digits"
MathExtras.RS62.theta314_log_929._native.native_decide.ax_1_1,Rs62Certificates,Rs62Certificates.RS62Eq314Leaves,MathExtras.RS62.theta314_log_929,IntervalArith.RatInterval.log_enclose_full,transcendental-enclosure,"Rat (exact, unbounded)",1306,32056,386,"24-term series, ~1282 halving steps, argument ~386 decimal digits"
MathExtras.RS62.theta314_log_937._native.native_decide.ax_1_1,Rs62Certificates,Rs62Certificates.RS62Eq314Leaves,MathExtras.RS62.theta314_log_937,IntervalArith.RatInterval.log_enclose_full,transcendental-enclosure,"Rat (exact, unbounded)",1316,162819,389,"125-term series, ~1292 halving steps, argument ~389 decimal digits"
MathExtras.RS62.theta314_log_941._native.native_decide.ax_1_1,Rs62Certificates,Rs62Certificates.RS62Eq314Leaves,MathExtras.RS62.theta314_log_941,IntervalArith.RatInterval.log_enclose_full,transcendental-enclosure,"Rat (exact, unbounded)",1326,32554,392,"24-term series, ~1302 halving steps, argument ~392 decimal digits"
MathExtras.RS62.theta314_log_947._native.native_decide.ax_1_1,Rs62Certificates,Rs62Certificates.RS62Eq314Leaves,MathExtras.RS62.theta314_log_947,IntervalArith.RatInterval.log_enclose_full,transcendental-enclosure,"Rat (exact, unbounded)",1336,32803,395,"24-term series, ~1312 halving steps, argument ~395 decimal digits"
MathExtras.RS62.theta314_log_953._native.native_decide.ax_1_1,Rs62Certificates,Rs62Certificates.RS62Eq314Leaves,MathExtras.RS62.theta314_log_953,IntervalArith.RatInterval.log_enclose_full,transcendental-enclosure,"Rat (exact, unbounded)",1346,166586,398,"125-term series, ~1322 halving steps, argument ~398 decimal digits"
MathExtras.RS62.theta314_log_967._native.native_decide.ax_1_1,Rs62Certificates,Rs62Certificates.RS62Eq314Leaves,MathExtras.RS62.theta314_log_967,IntervalArith.RatInterval.log_enclose_full,transcendental-enclosure,"Rat (exact, unbounded)",1356,33302,401,"24-term series, ~1332 halving steps, argument ~401 decimal digits"
MathExtras.RS62.theta314_log_971._native.native_decide.ax_1_1,Rs62Certificates,Rs62Certificates.RS62Eq314Leaves,MathExtras.RS62.theta314_log_971,IntervalArith.RatInterval.log_enclose_full,transcendental-enclosure,"Rat (exact, unbounded)",1366,169097,404,"125-term series, ~1342 halving steps, argument ~404 decimal digits"
MathExtras.RS62.theta314_log_977._native.native_decide.ax_1_1,Rs62Certificates,Rs62Certificates.RS62Eq314Leaves,MathExtras.RS62.theta314_log_977,IntervalArith.RatInterval.log_enclose_full,transcendental-enclosure,"Rat (exact, unbounded)",1376,33800,407,"24-term series, ~1352 halving steps, argument ~407 decimal digits"
MathExtras.RS62.theta314_log_983._native.native_decide.ax_1_1,Rs62Certificates,Rs62Certificates.RS62Eq314Leaves,MathExtras.RS62.theta314_log_983,IntervalArith.RatInterval.log_enclose_full,transcendental-enclosure,"Rat (exact, unbounded)",1385,34049,410,"24-term series, ~1361 halving steps, argument ~410 decimal digits"
MathExtras.RS62.theta314_log_991._native.native_decide.ax_1_1,Rs62Certificates,Rs62Certificates.RS62Eq314Leaves,MathExtras.RS62.theta314_log_991,IntervalArith.RatInterval.log_enclose_full,transcendental-enclosure,"Rat (exact, unbounded)",1395,34298,413,"24-term series, ~1371 halving steps, argument ~413 decimal digits"
MathExtras.RS62.theta314_log_997._native.native_decide.ax_1_1,Rs62Certificates,Rs62Certificates.RS62Eq314Leaves,MathExtras.RS62.theta314_log_997,IntervalArith.RatInterval.log_enclose_full,transcendental-enclosure,"Rat (exact, unbounded)",1405,34547,416,"24-term series, ~1381 halving steps, argument ~416 decimal digits"
MathExtras.RS62.theta_log_1009._native.native_decide.ax_1_1,Rs62Certificates,Rs62Certificates.RS62Theta1420Leaves,MathExtras.RS62.theta_log_1009,IntervalArith.RatInterval.log_enclose_full,transcendental-enclosure,"Rat (exact, unbounded)",1415,34796,419,"24-term series, ~1391 halving steps, argument ~419 decimal digits"
MathExtras.RS62.theta_log_1013._native.native_decide.ax_1_1,Rs62Certificates,Rs62Certificates.RS62Theta1420Leaves,MathExtras.RS62.theta_log_1013,IntervalArith.RatInterval.log_enclose_full,transcendental-enclosure,"Rat (exact, unbounded)",1425,35046,422,"24-term series, ~1401 halving steps, argument ~422 decimal digits"
MathExtras.RS62.theta_log_1019._native.native_decide.ax_1_1,Rs62Certificates,Rs62Certificates.RS62Theta1420Leaves,MathExtras.RS62.theta_log_1019,IntervalArith.RatInterval.log_enclose_full,transcendental-enclosure,"Rat (exact, unbounded)",1435,35295,425,"24-term series, ~1411 halving steps, argument ~425 decimal digits"
MathExtras.RS62.theta_log_1021._native.native_decide.ax_1_1,Rs62Certificates,Rs62Certificates.RS62Theta1420Leaves,MathExtras.RS62.theta_log_1021,IntervalArith.RatInterval.log_enclose_full,transcendental-enclosure,"Rat (exact, unbounded)",1445,35544,428,"24-term series, ~1421 halving steps, argument ~428 decimal digits"
MathExtras.RS62.theta_log_1031._native.native_decide.ax_1_1,Rs62Certificates,Rs62Certificates.RS62Theta1420Leaves,MathExtras.RS62.theta_log_1031,IntervalArith.RatInterval.log_enclose_full,transcendental-enclosure,"Rat (exact, unbounded)",1455,37225,431,"25-term series, ~1431 halving steps, argument ~431 decimal digits"
MathExtras.RS62.theta_log_1033._native.native_decide.ax_1_1,Rs62Certificates,Rs62Certificates.RS62Theta1420Leaves,MathExtras.RS62.theta_log_1033,IntervalArith.RatInterval.log_enclose_full,transcendental-enclosure,"Rat (exact, unbounded)",1465,36042,434,"24-term series, ~1441 halving steps, argument ~434 decimal digits"
MathExtras.RS62.theta_log_1039._native.native_decide.ax_1_1,Rs62Certificates,Rs62Certificates.RS62Theta1420Leaves,MathExtras.RS62.theta_log_1039,IntervalArith.RatInterval.log_enclose_full,transcendental-enclosure,"Rat (exact, unbounded)",1475,182910,437,"125-term series, ~1451 halving steps, argument ~437 decimal digits"
MathExtras.RS62.theta_log_1049._native.native_decide.ax_1_1,Rs62Certificates,Rs62Certificates.RS62Theta1420Leaves,MathExtras.RS62.theta_log_1049,IntervalArith.RatInterval.log_enclose_full,transcendental-enclosure,"Rat (exact, unbounded)",1485,36540,440,"24-term series, ~1461 halving steps, argument ~440 decimal digits"
MathExtras.RS62.theta_log_1051._native.native_decide.ax_1_1,Rs62Certificates,Rs62Certificates.RS62Theta1420Leaves,MathExtras.RS62.theta_log_1051,IntervalArith.RatInterval.log_enclose_full,transcendental-enclosure,"Rat (exact, unbounded)",1495,185421,443,"125-term series, ~1471 halving steps, argument ~443 decimal digits"
MathExtras.RS62.theta_log_1061._native.native_decide.ax_1_1,Rs62Certificates,Rs62Certificates.RS62Theta1420Leaves,MathExtras.RS62.theta_log_1061,IntervalArith.RatInterval.log_enclose_full,transcendental-enclosure,"Rat (exact, unbounded)",1505,37039,446,"24-term series, ~1481 halving steps, argument ~446 decimal digits"
MathExtras.RS62.theta_log_1063._native.native_decide.ax_1_1,Rs62Certificates,Rs62Certificates.RS62Theta1420Leaves,MathExtras.RS62.theta_log_1063,IntervalArith.RatInterval.log_enclose_full,transcendental-enclosure,"Rat (exact, unbounded)",1515,150644,449,"100-term series, ~1491 halving steps, argument ~449 decimal digits"
MathExtras.RS62.theta_log_1069._native.native_decide.ax_1_1,Rs62Certificates,Rs62Certificates.RS62Theta1420Leaves,MathExtras.RS62.theta_log_1069,IntervalArith.RatInterval.log_enclose_full,transcendental-enclosure,"Rat (exact, unbounded)",1525,37537,452,"24-term series, ~1501 halving steps, argument ~452 decimal digits"
MathExtras.RS62.theta_log_1087._native.native_decide.ax_1_1,Rs62Certificates,Rs62Certificates.RS62Theta1420Leaves,MathExtras.RS62.theta_log_1087,IntervalArith.RatInterval.log_enclose_full,transcendental-enclosure,"Rat (exact, unbounded)",1535,77084,455,"50-term series, ~1511 halving steps, argument ~455 decimal digits"
MathExtras.RS62.theta_log_1091._native.native_decide.ax_1_1,Rs62Certificates,Rs62Certificates.RS62Theta1420Leaves,MathExtras.RS62.theta_log_1091,IntervalArith.RatInterval.log_enclose_full,transcendental-enclosure,"Rat (exact, unbounded)",1545,39557,458,"25-term series, ~1521 halving steps, argument ~458 decimal digits"
MathExtras.RS62.theta_log_1093._native.native_decide.ax_1_1,Rs62Certificates,Rs62Certificates.RS62Theta1420Leaves,MathExtras.RS62.theta_log_1093,IntervalArith.RatInterval.log_enclose_full,transcendental-enclosure,"Rat (exact, unbounded)",1555,39816,461,"25-term series, ~1531 halving steps, argument ~461 decimal digits"
MathExtras.RS62.theta_log_1097._native.native_decide.ax_1_1,Rs62Certificates,Rs62Certificates.RS62Theta1420Leaves,MathExtras.RS62.theta_log_1097,IntervalArith.RatInterval.log_enclose_full,transcendental-enclosure,"Rat (exact, unbounded)",1565,38534,464,"24-term series, ~1541 halving steps, argument ~464 decimal digits"
MathExtras.RS62.theta_log_1103._native.native_decide.ax_1_1,Rs62Certificates,Rs62Certificates.RS62Theta1420Leaves,MathExtras.RS62.theta_log_1103,IntervalArith.RatInterval.log_enclose_full,transcendental-enclosure,"Rat (exact, unbounded)",1575,38783,467,"24-term series, ~1551 halving steps, argument ~467 decimal digits"
MathExtras.RS62.theta_log_1109._native.native_decide.ax_1_1,Rs62Certificates,Rs62Certificates.RS62Theta1420Leaves,MathExtras.RS62.theta_log_1109,IntervalArith.RatInterval.log_enclose_full,transcendental-enclosure,"Rat (exact, unbounded)",1585,39032,470,"24-term series, ~1561 halving steps, argument ~470 decimal digits"
MathExtras.RS62.theta_log_1117._native.native_decide.ax_1_1,Rs62Certificates,Rs62Certificates.RS62Theta1420Leaves,MathExtras.RS62.theta_log_1117,IntervalArith.RatInterval.log_enclose_full,transcendental-enclosure,"Rat (exact, unbounded)",1595,39281,473,"24-term series, ~1571 halving steps, argument ~473 decimal digits"
MathExtras.RS62.theta_log_1123._native.native_decide.ax_1_1,Rs62Certificates,Rs62Certificates.RS62Theta1420Leaves,MathExtras.RS62.theta_log_1123,IntervalArith.RatInterval.log_enclose_full,transcendental-enclosure,"Rat (exact, unbounded)",1605,39530,476,"24-term series, ~1581 halving steps, argument ~476 decimal digits"
MathExtras.RS62.theta_log_1129._native.native_decide.ax_1_1,Rs62Certificates,Rs62Certificates.RS62Theta1420Leaves,MathExtras.RS62.theta_log_1129,IntervalArith.RatInterval.log_enclose_full,transcendental-enclosure,"Rat (exact, unbounded)",1615,39779,479,"24-term series, ~1591 halving steps, argument ~479 decimal digits"
MathExtras.RS62.theta_log_1151._native.native_decide.ax_1_1,Rs62Certificates,Rs62Certificates.RS62Theta1420Leaves,MathExtras.RS62.theta_log_1151,IntervalArith.RatInterval.log_enclose_full,transcendental-enclosure,"Rat (exact, unbounded)",1625,161716,482,"100-term series, ~1601 halving steps, argument ~482 decimal digits"
MathExtras.RS62.theta_log_1153._native.native_decide.ax_1_1,Rs62Certificates,Rs62Certificates.RS62Theta1420Leaves,MathExtras.RS62.theta_log_1153,IntervalArith.RatInterval.log_enclose_full,transcendental-enclosure,"Rat (exact, unbounded)",1638,40361,486,"24-term series, ~1614 halving steps, argument ~486 decimal digits"
MathExtras.RS62.theta_log_1163._native.native_decide.ax_1_1,Rs62Certificates,Rs62Certificates.RS62Theta1420Leaves,MathExtras.RS62.theta_log_1163,IntervalArith.RatInterval.log_enclose_full,transcendental-enclosure,"Rat (exact, unbounded)",1648,40610,489,"24-term series, ~1624 halving steps, argument ~489 decimal digits"
MathExtras.RS62.theta_log_1171._native.native_decide.ax_1_1,Rs62Certificates,Rs62Certificates.RS62Theta1420Leaves,MathExtras.RS62.theta_log_1171,IntervalArith.RatInterval.log_enclose_full,transcendental-enclosure,"Rat (exact, unbounded)",1658,165071,492,"100-term series, ~1634 halving steps, argument ~492 decimal digits"
MathExtras.RS62.theta_log_1181._native.native_decide.ax_1_1,Rs62Certificates,Rs62Certificates.RS62Theta1420Leaves,MathExtras.RS62.theta_log_1181,IntervalArith.RatInterval.log_enclose_full,transcendental-enclosure,"Rat (exact, unbounded)",1668,207186,495,"125-term series, ~1644 halving steps, argument ~495 decimal digits"
MathExtras.RS62.theta_log_1187._native.native_decide.ax_1_1,Rs62Certificates,Rs62Certificates.RS62Theta1420Leaves,MathExtras.RS62.theta_log_1187,IntervalArith.RatInterval.log_enclose_full,transcendental-enclosure,"Rat (exact, unbounded)",1678,41357,498,"24-term series, ~1654 halving steps, argument ~498 decimal digits"
MathExtras.RS62.theta_log_1193._native.native_decide.ax_1_1,Rs62Certificates,Rs62Certificates.RS62Theta1420Leaves,MathExtras.RS62.theta_log_1193,IntervalArith.RatInterval.log_enclose_full,transcendental-enclosure,"Rat (exact, unbounded)",1688,168091,501,"100-term series, ~1664 halving steps, argument ~501 decimal digits"
MathExtras.RS62.theta_log_1201._native.native_decide.ax_1_1,Rs62Certificates,Rs62Certificates.RS62Theta1420Leaves,MathExtras.RS62.theta_log_1201,IntervalArith.RatInterval.log_enclose_full,transcendental-enclosure,"Rat (exact, unbounded)",1698,210953,504,"125-term series, ~1674 halving steps, argument ~504 decimal digits"
MathExtras.RS62.theta_log_1213._native.native_decide.ax_1_1,Rs62Certificates,Rs62Certificates.RS62Theta1420Leaves,MathExtras.RS62.theta_log_1213,IntervalArith.RatInterval.log_enclose_full,transcendental-enclosure,"Rat (exact, unbounded)",1708,170104,507,"100-term series, ~1684 halving steps, argument ~507 decimal digits"
MathExtras.RS62.theta_log_1217._native.native_decide.ax_1_1,Rs62Certificates,Rs62Certificates.RS62Theta1420Leaves,MathExtras.RS62.theta_log_1217,IntervalArith.RatInterval.log_enclose_full,transcendental-enclosure,"Rat (exact, unbounded)",1718,42354,510,"24-term series, ~1694 halving steps, argument ~510 decimal digits"
MathExtras.RS62.theta_log_1223._native.native_decide.ax_1_1,Rs62Certificates,Rs62Certificates.RS62Theta1420Leaves,MathExtras.RS62.theta_log_1223,IntervalArith.RatInterval.log_enclose_full,transcendental-enclosure,"Rat (exact, unbounded)",1728,42603,513,"24-term series, ~1704 halving steps, argument ~513 decimal digits"
MathExtras.RS62.theta_log_1229._native.native_decide.ax_1_1,Rs62Certificates,Rs62Certificates.RS62Theta1420Leaves,MathExtras.RS62.theta_log_1229,IntervalArith.RatInterval.log_enclose_full,transcendental-enclosure,"Rat (exact, unbounded)",1738,173124,516,"100-term series, ~1714 halving steps, argument ~516 decimal digits"
MathExtras.RS62.theta_log_1231._native.native_decide.ax_1_1,Rs62Certificates,Rs62Certificates.RS62Theta1420Leaves,MathExtras.RS62.theta_log_1231,IntervalArith.RatInterval.log_enclose_full,transcendental-enclosure,"Rat (exact, unbounded)",1748,43101,519,"24-term series, ~1724 halving steps, argument ~519 decimal digits"
MathExtras.RS62.theta_log_1237._native.native_decide.ax_1_1,Rs62Certificates,Rs62Certificates.RS62Theta1420Leaves,MathExtras.RS62.theta_log_1237,IntervalArith.RatInterval.log_enclose_full,transcendental-enclosure,"Rat (exact, unbounded)",1758,43350,522,"24-term series, ~1734 halving steps, argument ~522 decimal digits"
MathExtras.RS62.theta_log_1249._native.native_decide.ax_1_1,Rs62Certificates,Rs62Certificates.RS62Theta1420Leaves,MathExtras.RS62.theta_log_1249,IntervalArith.RatInterval.log_enclose_full,transcendental-enclosure,"Rat (exact, unbounded)",1771,43682,526,"24-term series, ~1747 halving steps, argument ~526 decimal digits"
MathExtras.RS62.theta_log_1259._native.native_decide.ax_1_1,Rs62Certificates,Rs62Certificates.RS62Theta1420Leaves,MathExtras.RS62.theta_log_1259,IntervalArith.RatInterval.log_enclose_full,transcendental-enclosure,"Rat (exact, unbounded)",1781,177485,529,"100-term series, ~1757 halving steps, argument ~529 decimal digits"
MathExtras.RS62.theta_log_1277._native.native_decide.ax_1_1,Rs62Certificates,Rs62Certificates.RS62Theta1420Leaves,MathExtras.RS62.theta_log_1277,IntervalArith.RatInterval.log_enclose_full,transcendental-enclosure,"Rat (exact, unbounded)",1791,44181,532,"24-term series, ~1767 halving steps, argument ~532 decimal digits"
MathExtras.RS62.theta_log_1279._native.native_decide.ax_1_1,Rs62Certificates,Rs62Certificates.RS62Theta1420Leaves,MathExtras.RS62.theta_log_1279,IntervalArith.RatInterval.log_enclose_full,transcendental-enclosure,"Rat (exact, unbounded)",1801,44430,535,"24-term series, ~1777 halving steps, argument ~535 decimal digits"
MathExtras.RS62.theta_log_1283._native.native_decide.ax_1_1,Rs62Certificates,Rs62Certificates.RS62Theta1420Leaves,MathExtras.RS62.theta_log_1283,IntervalArith.RatInterval.log_enclose_full,transcendental-enclosure,"Rat (exact, unbounded)",1811,44679,538,"24-term series, ~1787 halving steps, argument ~538 decimal digits"
MathExtras.RS62.theta_log_1289._native.native_decide.ax_1_1,Rs62Certificates,Rs62Certificates.RS62Theta1420Leaves,MathExtras.RS62.theta_log_1289,IntervalArith.RatInterval.log_enclose_full,transcendental-enclosure,"Rat (exact, unbounded)",1821,91654,541,"50-term series, ~1797 halving steps, argument ~541 decimal digits"
MathExtras.RS62.theta_log_1291._native.native_decide.ax_1_1,Rs62Certificates,Rs62Certificates.RS62Theta1420Leaves,MathExtras.RS62.theta_log_1291,IntervalArith.RatInterval.log_enclose_full,transcendental-enclosure,"Rat (exact, unbounded)",1831,45177,544,"24-term series, ~1807 halving steps, argument ~544 decimal digits"
MathExtras.RS62.theta_log_1297._native.native_decide.ax_1_1,Rs62Certificates,Rs62Certificates.RS62Theta1420Leaves,MathExtras.RS62.theta_log_1297,IntervalArith.RatInterval.log_enclose_full,transcendental-enclosure,"Rat (exact, unbounded)",1841,45426,547,"24-term series, ~1817 halving steps, argument ~547 decimal digits"
MathExtras.RS62.theta_log_1301._native.native_decide.ax_1_1,Rs62Certificates,Rs62Certificates.RS62Theta1420Leaves,MathExtras.RS62.theta_log_1301,IntervalArith.RatInterval.log_enclose_full,transcendental-enclosure,"Rat (exact, unbounded)",1851,45676,550,"24-term series, ~1827 halving steps, argument ~550 decimal digits"
MathExtras.RS62.theta_log_1303._native.native_decide.ax_1_1,Rs62Certificates,Rs62Certificates.RS62Theta1420Leaves,MathExtras.RS62.theta_log_1303,IntervalArith.RatInterval.log_enclose_full,transcendental-enclosure,"Rat (exact, unbounded)",1864,231881,554,"125-term series, ~1840 halving steps, argument ~554 decimal digits"
MathExtras.RS62.theta_log_1307._native.native_decide.ax_1_1,Rs62Certificates,Rs62Certificates.RS62Theta1420Leaves,MathExtras.RS62.theta_log_1307,IntervalArith.RatInterval.log_enclose_full,transcendental-enclosure,"Rat (exact, unbounded)",1874,46257,557,"24-term series, ~1850 halving steps, argument ~557 decimal digits"
MathExtras.RS62.theta_log_1319._native.native_decide.ax_1_1,Rs62Certificates,Rs62Certificates.RS62Theta1420Leaves,MathExtras.RS62.theta_log_1319,IntervalArith.RatInterval.log_enclose_full,transcendental-enclosure,"Rat (exact, unbounded)",1884,187886,560,"100-term series, ~1860 halving steps, argument ~560 decimal digits"
MathExtras.RS62.theta_log_1321._native.native_decide.ax_1_1,Rs62Certificates,Rs62Certificates.RS62Theta1420Leaves,MathExtras.RS62.theta_log_1321,IntervalArith.RatInterval.log_enclose_full,transcendental-enclosure,"Rat (exact, unbounded)",1894,235648,563,"125-term series, ~1870 halving steps, argument ~563 decimal digits"
MathExtras.RS62.theta_log_1327._native.native_decide.ax_1_1,Rs62Certificates,Rs62Certificates.RS62Theta1420Leaves,MathExtras.RS62.theta_log_1327,IntervalArith.RatInterval.log_enclose_full,transcendental-enclosure,"Rat (exact, unbounded)",1904,47004,566,"24-term series, ~1880 halving steps, argument ~566 decimal digits"
MathExtras.RS62.theta_log_1361._native.native_decide.ax_1_1,Rs62Certificates,Rs62Certificates.RS62Theta1420Leaves,MathExtras.RS62.theta_log_1361,IntervalArith.RatInterval.log_enclose_full,transcendental-enclosure,"Rat (exact, unbounded)",1914,238160,569,"125-term series, ~1890 halving steps, argument ~569 decimal digits"
MathExtras.RS62.theta_log_1367._native.native_decide.ax_1_1,Rs62Certificates,Rs62Certificates.RS62Theta1420Leaves,MathExtras.RS62.theta_log_1367,IntervalArith.RatInterval.log_enclose_full,transcendental-enclosure,"Rat (exact, unbounded)",1924,47503,572,"24-term series, ~1900 halving steps, argument ~572 decimal digits"
MathExtras.RS62.theta_log_1373._native.native_decide.ax_1_1,Rs62Certificates,Rs62Certificates.RS62Theta1420Leaves,MathExtras.RS62.theta_log_1373,IntervalArith.RatInterval.log_enclose_full,transcendental-enclosure,"Rat (exact, unbounded)",1934,47752,575,"24-term series, ~1910 halving steps, argument ~575 decimal digits"
MathExtras.RS62.theta_log_1381._native.native_decide.ax_1_1,Rs62Certificates,Rs62Certificates.RS62Theta1420Leaves,MathExtras.RS62.theta_log_1381,IntervalArith.RatInterval.log_enclose_full,transcendental-enclosure,"Rat (exact, unbounded)",1947,48084,579,"24-term series, ~1923 halving steps, argument ~579 decimal digits"
MathExtras.RS62.theta_log_1399._native.native_decide.ax_1_1,Rs62Certificates,Rs62Certificates.RS62Theta1420Leaves,MathExtras.RS62.theta_log_1399,IntervalArith.RatInterval.log_enclose_full,transcendental-enclosure,"Rat (exact, unbounded)",1957,243601,582,"125-term series, ~1933 halving steps, argument ~582 decimal digits"
MathExtras.RS62.theta_log_1409._native.native_decide.ax_1_1,Rs62Certificates,Rs62Certificates.RS62Theta1420Leaves,MathExtras.RS62.theta_log_1409,IntervalArith.RatInterval.log_enclose_full,transcendental-enclosure,"Rat (exact, unbounded)",1967,48582,585,"24-term series, ~1943 halving steps, argument ~585 decimal digits"
MathExtras.RS62.theta_log_283._native.native_decide.ax_1_1,Rs62Certificates,Rs62Certificates.RS62Theta1420Leaves,MathExtras.RS62.theta_log_283,IntervalArith.RatInterval.log_enclose_full,transcendental-enclosure,"Rat (exact, unbounded)",415,9799,118,"24-term series, ~391 halving steps, argument ~118 decimal digits"
MathExtras.RS62.theta_log_293._native.native_decide.ax_1_1,Rs62Certificates,Rs62Certificates.RS62Theta1420Leaves,MathExtras.RS62.theta_log_293,IntervalArith.RatInterval.log_enclose_full,transcendental-enclosure,"Rat (exact, unbounded)",425,10048,121,"24-term series, ~401 halving steps, argument ~121 decimal digits"
MathExtras.RS62.theta_log_307._native.native_decide.ax_1_1,Rs62Certificates,Rs62Certificates.RS62Theta1420Leaves,MathExtras.RS62.theta_log_307,IntervalArith.RatInterval.log_enclose_full,transcendental-enclosure,"Rat (exact, unbounded)",432,41267,123,"100-term series, ~408 halving steps, argument ~123 decimal digits"
MathExtras.RS62.theta_log_311._native.native_decide.ax_1_1,Rs62Certificates,Rs62Certificates.RS62Theta1420Leaves,MathExtras.RS62.theta_log_311,IntervalArith.RatInterval.log_enclose_full,transcendental-enclosure,"Rat (exact, unbounded)",442,10463,126,"24-term series, ~418 halving steps, argument ~126 decimal digits"
MathExtras.RS62.theta_log_313._native.native_decide.ax_1_1,Rs62Certificates,Rs62Certificates.RS62Theta1420Leaves,MathExtras.RS62.theta_log_313,IntervalArith.RatInterval.log_enclose_full,transcendental-enclosure,"Rat (exact, unbounded)",449,53575,128,"125-term series, ~425 halving steps, argument ~128 decimal digits"
MathExtras.RS62.theta_log_317._native.native_decide.ax_1_1,Rs62Certificates,Rs62Certificates.RS62Theta1420Leaves,MathExtras.RS62.theta_log_317,IntervalArith.RatInterval.log_enclose_full,transcendental-enclosure,"Rat (exact, unbounded)",459,10879,131,"24-term series, ~435 halving steps, argument ~131 decimal digits"
MathExtras.RS62.theta_log_331._native.native_decide.ax_1_1,Rs62Certificates,Rs62Certificates.RS62Theta1420Leaves,MathExtras.RS62.theta_log_331,IntervalArith.RatInterval.log_enclose_full,transcendental-enclosure,"Rat (exact, unbounded)",465,11045,133,"24-term series, ~441 halving steps, argument ~133 decimal digits"
MathExtras.RS62.theta_log_337._native.native_decide.ax_1_1,Rs62Certificates,Rs62Certificates.RS62Theta1420Leaves,MathExtras.RS62.theta_log_337,IntervalArith.RatInterval.log_enclose_full,transcendental-enclosure,"Rat (exact, unbounded)",475,11294,136,"24-term series, ~451 halving steps, argument ~136 decimal digits"
MathExtras.RS62.theta_log_347._native.native_decide.ax_1_1,Rs62Certificates,Rs62Certificates.RS62Theta1420Leaves,MathExtras.RS62.theta_log_347,IntervalArith.RatInterval.log_enclose_full,transcendental-enclosure,"Rat (exact, unbounded)",482,11460,138,"24-term series, ~458 halving steps, argument ~138 decimal digits"
MathExtras.RS62.theta_log_349._native.native_decide.ax_1_1,Rs62Certificates,Rs62Certificates.RS62Theta1420Leaves,MathExtras.RS62.theta_log_349,IntervalArith.RatInterval.log_enclose_full,transcendental-enclosure,"Rat (exact, unbounded)",492,59016,141,"125-term series, ~468 halving steps, argument ~141 decimal digits"
MathExtras.RS62.theta_log_353._native.native_decide.ax_1_1,Rs62Certificates,Rs62Certificates.RS62Theta1420Leaves,MathExtras.RS62.theta_log_353,IntervalArith.RatInterval.log_enclose_full,transcendental-enclosure,"Rat (exact, unbounded)",499,11875,143,"24-term series, ~475 halving steps, argument ~143 decimal digits"
MathExtras.RS62.theta_log_359._native.native_decide.ax_1_1,Rs62Certificates,Rs62Certificates.RS62Theta1420Leaves,MathExtras.RS62.theta_log_359,IntervalArith.RatInterval.log_enclose_full,transcendental-enclosure,"Rat (exact, unbounded)",508,12124,146,"24-term series, ~484 halving steps, argument ~146 decimal digits"
MathExtras.RS62.theta_log_367._native.native_decide.ax_1_1,Rs62Certificates,Rs62Certificates.RS62Theta1420Leaves,MathExtras.RS62.theta_log_367,IntervalArith.RatInterval.log_enclose_full,transcendental-enclosure,"Rat (exact, unbounded)",518,12374,149,"24-term series, ~494 halving steps, argument ~149 decimal digits"
MathExtras.RS62.theta_log_373._native.native_decide.ax_1_1,Rs62Certificates,Rs62Certificates.RS62Theta1420Leaves,MathExtras.RS62.theta_log_373,IntervalArith.RatInterval.log_enclose_full,transcendental-enclosure,"Rat (exact, unbounded)",525,12540,151,"24-term series, ~501 halving steps, argument ~151 decimal digits"
MathExtras.RS62.theta_log_379._native.native_decide.ax_1_1,Rs62Certificates,Rs62Certificates.RS62Theta1420Leaves,MathExtras.RS62.theta_log_379,IntervalArith.RatInterval.log_enclose_full,transcendental-enclosure,"Rat (exact, unbounded)",535,26090,154,"50-term series, ~511 halving steps, argument ~154 decimal digits"
MathExtras.RS62.theta_log_383._native.native_decide.ax_1_1,Rs62Certificates,Rs62Certificates.RS62Theta1420Leaves,MathExtras.RS62.theta_log_383,IntervalArith.RatInterval.log_enclose_full,transcendental-enclosure,"Rat (exact, unbounded)",542,12955,156,"24-term series, ~518 halving steps, argument ~156 decimal digits"
MathExtras.RS62.theta_log_389._native.native_decide.ax_1_1,Rs62Certificates,Rs62Certificates.RS62Theta1420Leaves,MathExtras.RS62.theta_log_389,IntervalArith.RatInterval.log_enclose_full,transcendental-enclosure,"Rat (exact, unbounded)",552,66550,159,"125-term series, ~528 halving steps, argument ~159 decimal digits"
MathExtras.RS62.theta_log_397._native.native_decide.ax_1_1,Rs62Certificates,Rs62Certificates.RS62Theta1420Leaves,MathExtras.RS62.theta_log_397,IntervalArith.RatInterval.log_enclose_full,transcendental-enclosure,"Rat (exact, unbounded)",562,67806,162,"125-term series, ~538 halving steps, argument ~162 decimal digits"
MathExtras.RS62.theta_log_401._native.native_decide.ax_1_1,Rs62Certificates,Rs62Certificates.RS62Theta1420Leaves,MathExtras.RS62.theta_log_401,IntervalArith.RatInterval.log_enclose_full,transcendental-enclosure,"Rat (exact, unbounded)",568,13619,164,"24-term series, ~544 halving steps, argument ~164 decimal digits"
MathExtras.RS62.theta_log_409._native.native_decide.ax_1_1,Rs62Certificates,Rs62Certificates.RS62Theta1420Leaves,MathExtras.RS62.theta_log_409,IntervalArith.RatInterval.log_enclose_full,transcendental-enclosure,"Rat (exact, unbounded)",578,13868,167,"24-term series, ~554 halving steps, argument ~167 decimal digits"
MathExtras.RS62.theta_log_419._native.native_decide.ax_1_1,Rs62Certificates,Rs62Certificates.RS62Theta1420Leaves,MathExtras.RS62.theta_log_419,IntervalArith.RatInterval.log_enclose_full,transcendental-enclosure,"Rat (exact, unbounded)",585,14035,169,"24-term series, ~561 halving steps, argument ~169 decimal digits"
MathExtras.RS62.theta_log_421._native.native_decide.ax_1_1,Rs62Certificates,Rs62Certificates.RS62Theta1420Leaves,MathExtras.RS62.theta_log_421,IntervalArith.RatInterval.log_enclose_full,transcendental-enclosure,"Rat (exact, unbounded)",595,14855,172,"25-term series, ~571 halving steps, argument ~172 decimal digits"
MathExtras.RS62.theta_log_431._native.native_decide.ax_1_1,Rs62Certificates,Rs62Certificates.RS62Theta1420Leaves,MathExtras.RS62.theta_log_431,IntervalArith.RatInterval.log_enclose_full,transcendental-enclosure,"Rat (exact, unbounded)",605,73247,175,"125-term series, ~581 halving steps, argument ~175 decimal digits"
MathExtras.RS62.theta_log_433._native.native_decide.ax_1_1,Rs62Certificates,Rs62Certificates.RS62Theta1420Leaves,MathExtras.RS62.theta_log_433,IntervalArith.RatInterval.log_enclose_full,transcendental-enclosure,"Rat (exact, unbounded)",611,74085,177,"125-term series, ~587 halving steps, argument ~177 decimal digits"
MathExtras.RS62.theta_log_439._native.native_decide.ax_1_1,Rs62Certificates,Rs62Certificates.RS62Theta1420Leaves,MathExtras.RS62.theta_log_439,IntervalArith.RatInterval.log_enclose_full,transcendental-enclosure,"Rat (exact, unbounded)",621,14948,180,"24-term series, ~597 halving steps, argument ~180 decimal digits"
MathExtras.RS62.theta_log_443._native.native_decide.ax_1_1,Rs62Certificates,Rs62Certificates.RS62Theta1420Leaves,MathExtras.RS62.theta_log_443,IntervalArith.RatInterval.log_enclose_full,transcendental-enclosure,"Rat (exact, unbounded)",631,15197,183,"24-term series, ~607 halving steps, argument ~183 decimal digits"
MathExtras.RS62.theta_log_449._native.native_decide.ax_1_1,Rs62Certificates,Rs62Certificates.RS62Theta1420Leaves,MathExtras.RS62.theta_log_449,IntervalArith.RatInterval.log_enclose_full,transcendental-enclosure,"Rat (exact, unbounded)",638,15363,185,"24-term series, ~614 halving steps, argument ~185 decimal digits"
MathExtras.RS62.theta_log_457._native.native_decide.ax_1_1,Rs62Certificates,Rs62Certificates.RS62Theta1420Leaves,MathExtras.RS62.theta_log_457,IntervalArith.RatInterval.log_enclose_full,transcendental-enclosure,"Rat (exact, unbounded)",648,31850,188,"50-term series, ~624 halving steps, argument ~188 decimal digits"
MathExtras.RS62.theta_log_461._native.native_decide.ax_1_1,Rs62Certificates,Rs62Certificates.RS62Theta1420Leaves,MathExtras.RS62.theta_log_461,IntervalArith.RatInterval.log_enclose_full,transcendental-enclosure,"Rat (exact, unbounded)",658,15862,191,"24-term series, ~634 halving steps, argument ~191 decimal digits"
MathExtras.RS62.theta_log_463._native.native_decide.ax_1_1,Rs62Certificates,Rs62Certificates.RS62Theta1420Leaves,MathExtras.RS62.theta_log_463,IntervalArith.RatInterval.log_enclose_full,transcendental-enclosure,"Rat (exact, unbounded)",665,32697,193,"50-term series, ~641 halving steps, argument ~193 decimal digits"
MathExtras.RS62.theta_log_467._native.native_decide.ax_1_1,Rs62Certificates,Rs62Certificates.RS62Theta1420Leaves,MathExtras.RS62.theta_log_467,IntervalArith.RatInterval.log_enclose_full,transcendental-enclosure,"Rat (exact, unbounded)",675,16277,196,"24-term series, ~651 halving steps, argument ~196 decimal digits"
MathExtras.RS62.theta_log_479._native.native_decide.ax_1_1,Rs62Certificates,Rs62Certificates.RS62Theta1420Leaves,MathExtras.RS62.theta_log_479,IntervalArith.RatInterval.log_enclose_full,transcendental-enclosure,"Rat (exact, unbounded)",685,83293,199,"125-term series, ~661 halving steps, argument ~199 decimal digits"
MathExtras.RS62.theta_log_487._native.native_decide.ax_1_1,Rs62Certificates,Rs62Certificates.RS62Theta1420Leaves,MathExtras.RS62.theta_log_487,IntervalArith.RatInterval.log_enclose_full,transcendental-enclosure,"Rat (exact, unbounded)",691,16692,201,"24-term series, ~667 halving steps, argument ~201 decimal digits"
MathExtras.RS62.theta_log_491._native.native_decide.ax_1_1,Rs62Certificates,Rs62Certificates.RS62Theta1420Leaves,MathExtras.RS62.theta_log_491,IntervalArith.RatInterval.log_enclose_full,transcendental-enclosure,"Rat (exact, unbounded)",701,16941,204,"24-term series, ~677 halving steps, argument ~204 decimal digits"
MathExtras.RS62.theta_log_499._native.native_decide.ax_1_1,Rs62Certificates,Rs62Certificates.RS62Theta1420Leaves,MathExtras.RS62.theta_log_499,IntervalArith.RatInterval.log_enclose_full,transcendental-enclosure,"Rat (exact, unbounded)",711,17190,207,"24-term series, ~687 halving steps, argument ~207 decimal digits"
MathExtras.RS62.theta_log_503._native.native_decide.ax_1_1,Rs62Certificates,Rs62Certificates.RS62Theta1420Leaves,MathExtras.RS62.theta_log_503,IntervalArith.RatInterval.log_enclose_full,transcendental-enclosure,"Rat (exact, unbounded)",718,17356,209,"24-term series, ~694 halving steps, argument ~209 decimal digits"
MathExtras.RS62.theta_log_509._native.native_decide.ax_1_1,Rs62Certificates,Rs62Certificates.RS62Theta1420Leaves,MathExtras.RS62.theta_log_509,IntervalArith.RatInterval.log_enclose_full,transcendental-enclosure,"Rat (exact, unbounded)",728,14789,212,"20-term series, ~704 halving steps, argument ~212 decimal digits"
MathExtras.RS62.theta_log_521._native.native_decide.ax_1_1,Rs62Certificates,Rs62Certificates.RS62Theta1420Leaves,MathExtras.RS62.theta_log_521,IntervalArith.RatInterval.log_enclose_full,transcendental-enclosure,"Rat (exact, unbounded)",738,17855,215,"24-term series, ~714 halving steps, argument ~215 decimal digits"
MathExtras.RS62.theta_log_523._native.native_decide.ax_1_1,Rs62Certificates,Rs62Certificates.RS62Theta1420Leaves,MathExtras.RS62.theta_log_523,IntervalArith.RatInterval.log_enclose_full,transcendental-enclosure,"Rat (exact, unbounded)",744,18021,217,"24-term series, ~720 halving steps, argument ~217 decimal digits"
MathExtras.RS62.theta_log_541._native.native_decide.ax_1_1,Rs62Certificates,Rs62Certificates.RS62Theta1420Leaves,MathExtras.RS62.theta_log_541,IntervalArith.RatInterval.log_enclose_full,transcendental-enclosure,"Rat (exact, unbounded)",754,92083,220,"125-term series, ~730 halving steps, argument ~220 decimal digits"
MathExtras.RS62.theta_log_547._native.native_decide.ax_1_1,Rs62Certificates,Rs62Certificates.RS62Theta1420Leaves,MathExtras.RS62.theta_log_547,IntervalArith.RatInterval.log_enclose_full,transcendental-enclosure,"Rat (exact, unbounded)",764,18519,223,"24-term series, ~740 halving steps, argument ~223 decimal digits"
MathExtras.RS62.theta_log_557._native.native_decide.ax_1_1,Rs62Certificates,Rs62Certificates.RS62Theta1420Leaves,MathExtras.RS62.theta_log_557,IntervalArith.RatInterval.log_enclose_full,transcendental-enclosure,"Rat (exact, unbounded)",774,18768,226,"24-term series, ~750 halving steps, argument ~226 decimal digits"
MathExtras.RS62.theta_log_563._native.native_decide.ax_1_1,Rs62Certificates,Rs62Certificates.RS62Theta1420Leaves,MathExtras.RS62.theta_log_563,IntervalArith.RatInterval.log_enclose_full,transcendental-enclosure,"Rat (exact, unbounded)",781,18934,228,"24-term series, ~757 halving steps, argument ~228 decimal digits"
MathExtras.RS62.theta_log_569._native.native_decide.ax_1_1,Rs62Certificates,Rs62Certificates.RS62Theta1420Leaves,MathExtras.RS62.theta_log_569,IntervalArith.RatInterval.log_enclose_full,transcendental-enclosure,"Rat (exact, unbounded)",791,77503,231,"100-term series, ~767 halving steps, argument ~231 decimal digits"
MathExtras.RS62.theta_log_571._native.native_decide.ax_1_1,Rs62Certificates,Rs62Certificates.RS62Theta1420Leaves,MathExtras.RS62.theta_log_571,IntervalArith.RatInterval.log_enclose_full,transcendental-enclosure,"Rat (exact, unbounded)",801,20210,234,"25-term series, ~777 halving steps, argument ~234 decimal digits"
MathExtras.RS62.theta_log_577._native.native_decide.ax_1_1,Rs62Certificates,Rs62Certificates.RS62Theta1420Leaves,MathExtras.RS62.theta_log_577,IntervalArith.RatInterval.log_enclose_full,transcendental-enclosure,"Rat (exact, unbounded)",811,99198,237,"125-term series, ~787 halving steps, argument ~237 decimal digits"
MathExtras.RS62.theta_log_587._native.native_decide.ax_1_1,Rs62Certificates,Rs62Certificates.RS62Theta1420Leaves,MathExtras.RS62.theta_log_587,IntervalArith.RatInterval.log_enclose_full,transcendental-enclosure,"Rat (exact, unbounded)",817,19848,239,"24-term series, ~793 halving steps, argument ~239 decimal digits"
MathExtras.RS62.theta_log_593._native.native_decide.ax_1_1,Rs62Certificates,Rs62Certificates.RS62Theta1420Leaves,MathExtras.RS62.theta_log_593,IntervalArith.RatInterval.log_enclose_full,transcendental-enclosure,"Rat (exact, unbounded)",827,20097,242,"24-term series, ~803 halving steps, argument ~242 decimal digits"
MathExtras.RS62.theta_log_599._native.native_decide.ax_1_1,Rs62Certificates,Rs62Certificates.RS62Theta1420Leaves,MathExtras.RS62.theta_log_599,IntervalArith.RatInterval.log_enclose_full,transcendental-enclosure,"Rat (exact, unbounded)",837,82200,245,"100-term series, ~813 halving steps, argument ~245 decimal digits"
MathExtras.RS62.theta_log_601._native.native_decide.ax_1_1,Rs62Certificates,Rs62Certificates.RS62Theta1420Leaves,MathExtras.RS62.theta_log_601,IntervalArith.RatInterval.log_enclose_full,transcendental-enclosure,"Rat (exact, unbounded)",847,20595,248,"24-term series, ~823 halving steps, argument ~248 decimal digits"
MathExtras.RS62.theta_log_607._native.native_decide.ax_1_1,Rs62Certificates,Rs62Certificates.RS62Theta1420Leaves,MathExtras.RS62.theta_log_607,IntervalArith.RatInterval.log_enclose_full,transcendental-enclosure,"Rat (exact, unbounded)",857,20844,251,"24-term series, ~833 halving steps, argument ~251 decimal digits"
MathExtras.RS62.theta_log_613._native.native_decide.ax_1_1,Rs62Certificates,Rs62Certificates.RS62Theta1420Leaves,MathExtras.RS62.theta_log_613,IntervalArith.RatInterval.log_enclose_full,transcendental-enclosure,"Rat (exact, unbounded)",864,21011,253,"24-term series, ~840 halving steps, argument ~253 decimal digits"
MathExtras.RS62.theta_log_617._native.native_decide.ax_1_1,Rs62Certificates,Rs62Certificates.RS62Theta1420Leaves,MathExtras.RS62.theta_log_617,IntervalArith.RatInterval.log_enclose_full,transcendental-enclosure,"Rat (exact, unbounded)",874,21260,256,"24-term series, ~850 halving steps, argument ~256 decimal digits"
MathExtras.RS62.theta_log_619._native.native_decide.ax_1_1,Rs62Certificates,Rs62Certificates.RS62Theta1420Leaves,MathExtras.RS62.theta_log_619,IntervalArith.RatInterval.log_enclose_full,transcendental-enclosure,"Rat (exact, unbounded)",884,21509,259,"24-term series, ~860 halving steps, argument ~259 decimal digits"
MathExtras.RS62.theta_log_631._native.native_decide.ax_1_1,Rs62Certificates,Rs62Certificates.RS62Theta1420Leaves,MathExtras.RS62.theta_log_631,IntervalArith.RatInterval.log_enclose_full,transcendental-enclosure,"Rat (exact, unbounded)",894,21758,262,"24-term series, ~870 halving steps, argument ~262 decimal digits"
MathExtras.RS62.theta_log_641._native.native_decide.ax_1_1,Rs62Certificates,Rs62Certificates.RS62Theta1420Leaves,MathExtras.RS62.theta_log_641,IntervalArith.RatInterval.log_enclose_full,transcendental-enclosure,"Rat (exact, unbounded)",904,22007,265,"24-term series, ~880 halving steps, argument ~265 decimal digits"
MathExtras.RS62.theta_log_643._native.native_decide.ax_1_1,Rs62Certificates,Rs62Certificates.RS62Theta1420Leaves,MathExtras.RS62.theta_log_643,IntervalArith.RatInterval.log_enclose_full,transcendental-enclosure,"Rat (exact, unbounded)",910,111755,267,"125-term series, ~886 halving steps, argument ~267 decimal digits"
MathExtras.RS62.theta_log_647._native.native_decide.ax_1_1,Rs62Certificates,Rs62Certificates.RS62Theta1420Leaves,MathExtras.RS62.theta_log_647,IntervalArith.RatInterval.log_enclose_full,transcendental-enclosure,"Rat (exact, unbounded)",920,22422,270,"24-term series, ~896 halving steps, argument ~270 decimal digits"
MathExtras.RS62.theta_log_653._native.native_decide.ax_1_1,Rs62Certificates,Rs62Certificates.RS62Theta1420Leaves,MathExtras.RS62.theta_log_653,IntervalArith.RatInterval.log_enclose_full,transcendental-enclosure,"Rat (exact, unbounded)",930,46250,273,"50-term series, ~906 halving steps, argument ~273 decimal digits"
MathExtras.RS62.theta_log_659._native.native_decide.ax_1_1,Rs62Certificates,Rs62Certificates.RS62Theta1420Leaves,MathExtras.RS62.theta_log_659,IntervalArith.RatInterval.log_enclose_full,transcendental-enclosure,"Rat (exact, unbounded)",940,22921,276,"24-term series, ~916 halving steps, argument ~276 decimal digits"
MathExtras.RS62.theta_log_661._native.native_decide.ax_1_1,Rs62Certificates,Rs62Certificates.RS62Theta1420Leaves,MathExtras.RS62.theta_log_661,IntervalArith.RatInterval.log_enclose_full,transcendental-enclosure,"Rat (exact, unbounded)",950,23170,279,"24-term series, ~926 halving steps, argument ~279 decimal digits"
MathExtras.RS62.theta_log_673._native.native_decide.ax_1_1,Rs62Certificates,Rs62Certificates.RS62Theta1420Leaves,MathExtras.RS62.theta_log_673,IntervalArith.RatInterval.log_enclose_full,transcendental-enclosure,"Rat (exact, unbounded)",957,23336,281,"24-term series, ~933 halving steps, argument ~281 decimal digits"
MathExtras.RS62.theta_log_677._native.native_decide.ax_1_1,Rs62Certificates,Rs62Certificates.RS62Theta1420Leaves,MathExtras.RS62.theta_log_677,IntervalArith.RatInterval.log_enclose_full,transcendental-enclosure,"Rat (exact, unbounded)",967,23585,284,"24-term series, ~943 halving steps, argument ~284 decimal digits"
MathExtras.RS62.theta_log_683._native.native_decide.ax_1_1,Rs62Certificates,Rs62Certificates.RS62Theta1420Leaves,MathExtras.RS62.theta_log_683,IntervalArith.RatInterval.log_enclose_full,transcendental-enclosure,"Rat (exact, unbounded)",977,23834,287,"24-term series, ~953 halving steps, argument ~287 decimal digits"
MathExtras.RS62.theta_log_691._native.native_decide.ax_1_1,Rs62Certificates,Rs62Certificates.RS62Theta1420Leaves,MathExtras.RS62.theta_log_691,IntervalArith.RatInterval.log_enclose_full,transcendental-enclosure,"Rat (exact, unbounded)",987,121382,290,"125-term series, ~963 halving steps, argument ~290 decimal digits"
MathExtras.RS62.theta_log_701._native.native_decide.ax_1_1,Rs62Certificates,Rs62Certificates.RS62Theta1420Leaves,MathExtras.RS62.theta_log_701,IntervalArith.RatInterval.log_enclose_full,transcendental-enclosure,"Rat (exact, unbounded)",997,24332,293,"24-term series, ~973 halving steps, argument ~293 decimal digits"
MathExtras.RS62.theta_log_709._native.native_decide.ax_1_1,Rs62Certificates,Rs62Certificates.RS62Theta1420Leaves,MathExtras.RS62.theta_log_709,IntervalArith.RatInterval.log_enclose_full,transcendental-enclosure,"Rat (exact, unbounded)",1007,24582,296,"24-term series, ~983 halving steps, argument ~296 decimal digits"
MathExtras.RS62.theta_log_719._native.native_decide.ax_1_1,Rs62Certificates,Rs62Certificates.RS62Theta1420Leaves,MathExtras.RS62.theta_log_719,IntervalArith.RatInterval.log_enclose_full,transcendental-enclosure,"Rat (exact, unbounded)",1013,24748,298,"24-term series, ~989 halving steps, argument ~298 decimal digits"
MathExtras.RS62.theta_log_727._native.native_decide.ax_1_1,Rs62Certificates,Rs62Certificates.RS62Theta1420Leaves,MathExtras.RS62.theta_log_727,IntervalArith.RatInterval.log_enclose_full,transcendental-enclosure,"Rat (exact, unbounded)",1023,24997,301,"24-term series, ~999 halving steps, argument ~301 decimal digits"
MathExtras.RS62.theta_log_733._native.native_decide.ax_1_1,Rs62Certificates,Rs62Certificates.RS62Theta1420Leaves,MathExtras.RS62.theta_log_733,IntervalArith.RatInterval.log_enclose_full,transcendental-enclosure,"Rat (exact, unbounded)",1033,127242,304,"125-term series, ~1009 halving steps, argument ~304 decimal digits"
MathExtras.RS62.theta_log_739._native.native_decide.ax_1_1,Rs62Certificates,Rs62Certificates.RS62Theta1420Leaves,MathExtras.RS62.theta_log_739,IntervalArith.RatInterval.log_enclose_full,transcendental-enclosure,"Rat (exact, unbounded)",1043,25495,307,"24-term series, ~1019 halving steps, argument ~307 decimal digits"
MathExtras.RS62.theta_log_743._native.native_decide.ax_1_1,Rs62Certificates,Rs62Certificates.RS62Theta1420Leaves,MathExtras.RS62.theta_log_743,IntervalArith.RatInterval.log_enclose_full,transcendental-enclosure,"Rat (exact, unbounded)",1053,129753,310,"125-term series, ~1029 halving steps, argument ~310 decimal digits"
MathExtras.RS62.theta_log_751._native.native_decide.ax_1_1,Rs62Certificates,Rs62Certificates.RS62Theta1420Leaves,MathExtras.RS62.theta_log_751,IntervalArith.RatInterval.log_enclose_full,transcendental-enclosure,"Rat (exact, unbounded)",1063,25993,313,"24-term series, ~1039 halving steps, argument ~313 decimal digits"
MathExtras.RS62.theta_log_757._native.native_decide.ax_1_1,Rs62Certificates,Rs62Certificates.RS62Theta1420Leaves,MathExtras.RS62.theta_log_757,IntervalArith.RatInterval.log_enclose_full,transcendental-enclosure,"Rat (exact, unbounded)",1073,26243,316,"24-term series, ~1049 halving steps, argument ~316 decimal digits"
MathExtras.RS62.theta_log_761._native.native_decide.ax_1_1,Rs62Certificates,Rs62Certificates.RS62Theta1420Leaves,MathExtras.RS62.theta_log_761,IntervalArith.RatInterval.log_enclose_full,transcendental-enclosure,"Rat (exact, unbounded)",1083,54043,319,"50-term series, ~1059 halving steps, argument ~319 decimal digits"
MathExtras.RS62.theta_log_769._native.native_decide.ax_1_1,Rs62Certificates,Rs62Certificates.RS62Theta1420Leaves,MathExtras.RS62.theta_log_769,IntervalArith.RatInterval.log_enclose_full,transcendental-enclosure,"Rat (exact, unbounded)",1090,26658,321,"24-term series, ~1066 halving steps, argument ~321 decimal digits"
MathExtras.RS62.theta_log_773._native.native_decide.ax_1_1,Rs62Certificates,Rs62Certificates.RS62Theta1420Leaves,MathExtras.RS62.theta_log_773,IntervalArith.RatInterval.log_enclose_full,transcendental-enclosure,"Rat (exact, unbounded)",1100,26907,324,"24-term series, ~1076 halving steps, argument ~324 decimal digits"
MathExtras.RS62.theta_log_787._native.native_decide.ax_1_1,Rs62Certificates,Rs62Certificates.RS62Theta1420Leaves,MathExtras.RS62.theta_log_787,IntervalArith.RatInterval.log_enclose_full,transcendental-enclosure,"Rat (exact, unbounded)",1110,27156,327,"24-term series, ~1086 halving steps, argument ~327 decimal digits"
MathExtras.RS62.theta_log_797._native.native_decide.ax_1_1,Rs62Certificates,Rs62Certificates.RS62Theta1420Leaves,MathExtras.RS62.theta_log_797,IntervalArith.RatInterval.log_enclose_full,transcendental-enclosure,"Rat (exact, unbounded)",1120,27405,330,"24-term series, ~1096 halving steps, argument ~330 decimal digits"
MathExtras.RS62.theta_log_809._native.native_decide.ax_1_1,Rs62Certificates,Rs62Certificates.RS62Theta1420Leaves,MathExtras.RS62.theta_log_809,IntervalArith.RatInterval.log_enclose_full,transcendental-enclosure,"Rat (exact, unbounded)",1130,27654,333,"24-term series, ~1106 halving steps, argument ~333 decimal digits"
MathExtras.RS62.theta_log_811._native.native_decide.ax_1_1,Rs62Certificates,Rs62Certificates.RS62Theta1420Leaves,MathExtras.RS62.theta_log_811,IntervalArith.RatInterval.log_enclose_full,transcendental-enclosure,"Rat (exact, unbounded)",1140,27903,336,"24-term series, ~1116 halving steps, argument ~336 decimal digits"
MathExtras.RS62.theta_log_821._native.native_decide.ax_1_1,Rs62Certificates,Rs62Certificates.RS62Theta1420Leaves,MathExtras.RS62.theta_log_821,IntervalArith.RatInterval.log_enclose_full,transcendental-enclosure,"Rat (exact, unbounded)",1150,28153,339,"24-term series, ~1126 halving steps, argument ~339 decimal digits"
MathExtras.RS62.theta_log_823._native.native_decide.ax_1_1,Rs62Certificates,Rs62Certificates.RS62Theta1420Leaves,MathExtras.RS62.theta_log_823,IntervalArith.RatInterval.log_enclose_full,transcendental-enclosure,"Rat (exact, unbounded)",1160,28402,342,"24-term series, ~1136 halving steps, argument ~342 decimal digits"
MathExtras.RS62.theta_log_827._native.native_decide.ax_1_1,Rs62Certificates,Rs62Certificates.RS62Theta1420Leaves,MathExtras.RS62.theta_log_827,IntervalArith.RatInterval.log_enclose_full,transcendental-enclosure,"Rat (exact, unbounded)",1170,144402,345,"125-term series, ~1146 halving steps, argument ~345 decimal digits"
MathExtras.RS62.theta_log_829._native.native_decide.ax_1_1,Rs62Certificates,Rs62Certificates.RS62Theta1420Leaves,MathExtras.RS62.theta_log_829,IntervalArith.RatInterval.log_enclose_full,transcendental-enclosure,"Rat (exact, unbounded)",1180,116758,348,"100-term series, ~1156 halving steps, argument ~348 decimal digits"
MathExtras.RS62.theta_log_839._native.native_decide.ax_1_1,Rs62Certificates,Rs62Certificates.RS62Theta1420Leaves,MathExtras.RS62.theta_log_839,IntervalArith.RatInterval.log_enclose_full,transcendental-enclosure,"Rat (exact, unbounded)",1189,29149,351,"24-term series, ~1165 halving steps, argument ~351 decimal digits"
MathExtras.RS62.theta_log_853._native.native_decide.ax_1_1,Rs62Certificates,Rs62Certificates.RS62Theta1420Leaves,MathExtras.RS62.theta_log_853,IntervalArith.RatInterval.log_enclose_full,transcendental-enclosure,"Rat (exact, unbounded)",1199,29398,354,"24-term series, ~1175 halving steps, argument ~354 decimal digits"
MathExtras.RS62.theta_log_857._native.native_decide.ax_1_1,Rs62Certificates,Rs62Certificates.RS62Theta1420Leaves,MathExtras.RS62.theta_log_857,IntervalArith.RatInterval.log_enclose_full,transcendental-enclosure,"Rat (exact, unbounded)",1206,149007,356,"125-term series, ~1182 halving steps, argument ~356 decimal digits"
MathExtras.RS62.theta_log_859._native.native_decide.ax_1_1,Rs62Certificates,Rs62Certificates.RS62Theta1420Leaves,MathExtras.RS62.theta_log_859,IntervalArith.RatInterval.log_enclose_full,transcendental-enclosure,"Rat (exact, unbounded)",1216,150262,359,"125-term series, ~1192 halving steps, argument ~359 decimal digits"
MathExtras.RS62.theta_log_863._native.native_decide.ax_1_1,Rs62Certificates,Rs62Certificates.RS62Theta1420Leaves,MathExtras.RS62.theta_log_863,IntervalArith.RatInterval.log_enclose_full,transcendental-enclosure,"Rat (exact, unbounded)",1226,30063,362,"24-term series, ~1202 halving steps, argument ~362 decimal digits"
MathExtras.RS62.theta_log_877._native.native_decide.ax_1_1,Rs62Certificates,Rs62Certificates.RS62Theta1420Leaves,MathExtras.RS62.theta_log_877,IntervalArith.RatInterval.log_enclose_full,transcendental-enclosure,"Rat (exact, unbounded)",1236,30312,365,"24-term series, ~1212 halving steps, argument ~365 decimal digits"
MathExtras.RS62.theta_log_881._native.native_decide.ax_1_1,Rs62Certificates,Rs62Certificates.RS62Theta1420Leaves,MathExtras.RS62.theta_log_881,IntervalArith.RatInterval.log_enclose_full,transcendental-enclosure,"Rat (exact, unbounded)",1246,123468,368,"100-term series, ~1222 halving steps, argument ~368 decimal digits"
MathExtras.RS62.theta_log_883._native.native_decide.ax_1_1,Rs62Certificates,Rs62Certificates.RS62Theta1420Leaves,MathExtras.RS62.theta_log_883,IntervalArith.RatInterval.log_enclose_full,transcendental-enclosure,"Rat (exact, unbounded)",1256,30810,371,"24-term series, ~1232 halving steps, argument ~371 decimal digits"
MathExtras.RS62.theta_log_887._native.native_decide.ax_1_1,Rs62Certificates,Rs62Certificates.RS62Theta1420Leaves,MathExtras.RS62.theta_log_887,IntervalArith.RatInterval.log_enclose_full,transcendental-enclosure,"Rat (exact, unbounded)",1266,156541,374,"125-term series, ~1242 halving steps, argument ~374 decimal digits"
MathExtras.RS62.theta_log_907._native.native_decide.ax_1_1,Rs62Certificates,Rs62Certificates.RS62Theta1420Leaves,MathExtras.RS62.theta_log_907,IntervalArith.RatInterval.log_enclose_full,transcendental-enclosure,"Rat (exact, unbounded)",1276,31308,377,"24-term series, ~1252 halving steps, argument ~377 decimal digits"
MathExtras.RS62.theta_log_911._native.native_decide.ax_1_1,Rs62Certificates,Rs62Certificates.RS62Theta1420Leaves,MathExtras.RS62.theta_log_911,IntervalArith.RatInterval.log_enclose_full,transcendental-enclosure,"Rat (exact, unbounded)",1286,127494,380,"100-term series, ~1262 halving steps, argument ~380 decimal digits"
MathExtras.RS62.theta_log_919._native.native_decide.ax_1_1,Rs62Certificates,Rs62Certificates.RS62Theta1420Leaves,MathExtras.RS62.theta_log_919,IntervalArith.RatInterval.log_enclose_full,transcendental-enclosure,"Rat (exact, unbounded)",1296,31807,383,"24-term series, ~1272 halving steps, argument ~383 decimal digits"
MathExtras.RS62.theta_log_929._native.native_decide.ax_1_1,Rs62Certificates,Rs62Certificates.RS62Theta1420Leaves,MathExtras.RS62.theta_log_929,IntervalArith.RatInterval.log_enclose_full,transcendental-enclosure,"Rat (exact, unbounded)",1306,65394,386,"50-term series, ~1282 halving steps, argument ~386 decimal digits"
MathExtras.RS62.theta_log_937._native.native_decide.ax_1_1,Rs62Certificates,Rs62Certificates.RS62Theta1420Leaves,MathExtras.RS62.theta_log_937,IntervalArith.RatInterval.log_enclose_full,transcendental-enclosure,"Rat (exact, unbounded)",1316,27136,389,"20-term series, ~1292 halving steps, argument ~389 decimal digits"
MathExtras.RS62.theta_log_941._native.native_decide.ax_1_1,Rs62Certificates,Rs62Certificates.RS62Theta1420Leaves,MathExtras.RS62.theta_log_941,IntervalArith.RatInterval.log_enclose_full,transcendental-enclosure,"Rat (exact, unbounded)",1326,32554,392,"24-term series, ~1302 halving steps, argument ~392 decimal digits"
MathExtras.RS62.theta_log_947._native.native_decide.ax_1_1,Rs62Certificates,Rs62Certificates.RS62Theta1420Leaves,MathExtras.RS62.theta_log_947,IntervalArith.RatInterval.log_enclose_full,transcendental-enclosure,"Rat (exact, unbounded)",1336,66919,395,"50-term series, ~1312 halving steps, argument ~395 decimal digits"
MathExtras.RS62.theta_log_953._native.native_decide.ax_1_1,Rs62Certificates,Rs62Certificates.RS62Theta1420Leaves,MathExtras.RS62.theta_log_953,IntervalArith.RatInterval.log_enclose_full,transcendental-enclosure,"Rat (exact, unbounded)",1346,166586,398,"125-term series, ~1322 halving steps, argument ~398 decimal digits"
MathExtras.RS62.theta_log_967._native.native_decide.ax_1_1,Rs62Certificates,Rs62Certificates.RS62Theta1420Leaves,MathExtras.RS62.theta_log_967,IntervalArith.RatInterval.log_enclose_full,transcendental-enclosure,"Rat (exact, unbounded)",1356,34634,401,"25-term series, ~1332 halving steps, argument ~401 decimal digits"
MathExtras.RS62.theta_log_971._native.native_decide.ax_1_1,Rs62Certificates,Rs62Certificates.RS62Theta1420Leaves,MathExtras.RS62.theta_log_971,IntervalArith.RatInterval.log_enclose_full,transcendental-enclosure,"Rat (exact, unbounded)",1366,169097,404,"125-term series, ~1342 halving steps, argument ~404 decimal digits"
MathExtras.RS62.theta_log_977._native.native_decide.ax_1_1,Rs62Certificates,Rs62Certificates.RS62Theta1420Leaves,MathExtras.RS62.theta_log_977,IntervalArith.RatInterval.log_enclose_full,transcendental-enclosure,"Rat (exact, unbounded)",1376,170353,407,"125-term series, ~1352 halving steps, argument ~407 decimal digits"
MathExtras.RS62.theta_log_983._native.native_decide.ax_1_1,Rs62Certificates,Rs62Certificates.RS62Theta1420Leaves,MathExtras.RS62.theta_log_983,IntervalArith.RatInterval.log_enclose_full,transcendental-enclosure,"Rat (exact, unbounded)",1385,35411,410,"25-term series, ~1361 halving steps, argument ~410 decimal digits"
MathExtras.RS62.theta_log_991._native.native_decide.ax_1_1,Rs62Certificates,Rs62Certificates.RS62Theta1420Leaves,MathExtras.RS62.theta_log_991,IntervalArith.RatInterval.log_enclose_full,transcendental-enclosure,"Rat (exact, unbounded)",1395,28810,413,"20-term series, ~1371 halving steps, argument ~413 decimal digits"
MathExtras.RS62.theta_log_997._native.native_decide.ax_1_1,Rs62Certificates,Rs62Certificates.RS62Theta1420Leaves,MathExtras.RS62.theta_log_997,IntervalArith.RatInterval.log_enclose_full,transcendental-enclosure,"Rat (exact, unbounded)",1405,174120,416,"125-term series, ~1381 halving steps, argument ~416 decimal digits"
MathExtras.RS62Ladder.anchor_prodD._native.native_decide.ax_1_1,Rs62Certificates,Rs62Certificates.RS62AnchorSeeds,MathExtras.RS62Ladder.anchor_prodD,(named constants only),fixed-expression,Rat/RatInterval,1,,36,constant-depth comparison of named constants
MathExtras.RS62Ladder.anchor_prodN._native.native_decide.ax_1_1,Rs62Certificates,Rs62Certificates.RS62AnchorSeeds,MathExtras.RS62Ladder.anchor_prodN,(named constants only),fixed-expression,Rat/RatInterval,1,,37,constant-depth comparison of named constants
MathExtras.RS62Ladder.c314_00._native.native_decide.ax_1_1,Rs62Certificates,Rs62Certificates.RS62Ladder314Leaves,MathExtras.RS62Ladder.c314_00,MathExtras.RS62Ladder.loop314,linear-fold-sieve,Nat (2^48 fixed point),4997997,,22,"exact fuel from the atom: 4,997,997 iterations"
MathExtras.RS62Ladder.c314_01._native.native_decide.ax_1_1,Rs62Certificates,Rs62Certificates.RS62Ladder314Leaves,MathExtras.RS62Ladder.c314_01,MathExtras.RS62Ladder.loop314,linear-fold-sieve,Nat (2^48 fixed point),5000000,,22,"exact fuel from the atom: 5,000,000 iterations"
MathExtras.RS62Ladder.c314_02._native.native_decide.ax_1_1,Rs62Certificates,Rs62Certificates.RS62Ladder314Leaves,MathExtras.RS62Ladder.c314_02,MathExtras.RS62Ladder.loop314,linear-fold-sieve,Nat (2^48 fixed point),4500001,,22,"exact fuel from the atom: 4,500,001 iterations"
MathExtras.RS62Ladder.c410_00._native.native_decide.ax_1_1,Rs62Certificates,Rs62Certificates.RS62Ladder410LeavesA,MathExtras.RS62Ladder.c410_00,MathExtras.RS62Ladder.loop410,linear-fold-sieve,Nat (2^48 fixed point),5000000,,16,"exact fuel from the atom: 5,000,000 iterations"
MathExtras.RS62Ladder.c410_01._native.native_decide.ax_1_1,Rs62Certificates,Rs62Certificates.RS62Ladder410LeavesA,MathExtras.RS62Ladder.c410_01,MathExtras.RS62Ladder.loop410,linear-fold-sieve,Nat (2^48 fixed point),5000000,,16,"exact fuel from the atom: 5,000,000 iterations"
MathExtras.RS62Ladder.c410_02._native.native_decide.ax_1_1,Rs62Certificates,Rs62Certificates.RS62Ladder410LeavesA,MathExtras.RS62Ladder.c410_02,MathExtras.RS62Ladder.loop410,linear-fold-sieve,Nat (2^48 fixed point),5000000,,16,"exact fuel from the atom: 5,000,000 iterations"
MathExtras.RS62Ladder.c410_03._native.native_decide.ax_1_1,Rs62Certificates,Rs62Certificates.RS62Ladder410LeavesA,MathExtras.RS62Ladder.c410_03,MathExtras.RS62Ladder.loop410,linear-fold-sieve,Nat (2^48 fixed point),5000000,,16,"exact fuel from the atom: 5,000,000 iterations"
MathExtras.RS62Ladder.c410_04._native.native_decide.ax_1_1,Rs62Certificates,Rs62Certificates.RS62Ladder410LeavesB,MathExtras.RS62Ladder.c410_04,MathExtras.RS62Ladder.loop410,linear-fold-sieve,Nat (2^48 fixed point),5000000,,16,"exact fuel from the atom: 5,000,000 iterations"
MathExtras.RS62Ladder.c410_05._native.native_decide.ax_1_1,Rs62Certificates,Rs62Certificates.RS62Ladder410LeavesB,MathExtras.RS62Ladder.c410_05,MathExtras.RS62Ladder.loop410,linear-fold-sieve,Nat (2^48 fixed point),5000000,,16,"exact fuel from the atom: 5,000,000 iterations"
MathExtras.RS62Ladder.c410_06._native.native_decide.ax_1_1,Rs62Certificates,Rs62Certificates.RS62Ladder410LeavesB,MathExtras.RS62Ladder.c410_06,MathExtras.RS62Ladder.loop410,linear-fold-sieve,Nat (2^48 fixed point),5000000,,16,"exact fuel from the atom: 5,000,000 iterations"
MathExtras.RS62Ladder.c410_07._native.native_decide.ax_1_1,Rs62Certificates,Rs62Certificates.RS62Ladder410LeavesB,MathExtras.RS62Ladder.c410_07,MathExtras.RS62Ladder.loop410,linear-fold-sieve,Nat (2^48 fixed point),5000000,,16,"exact fuel from the atom: 5,000,000 iterations"
MathExtras.RS62Ladder.c410_08._native.native_decide.ax_1_1,Rs62Certificates,Rs62Certificates.RS62Ladder410LeavesC,MathExtras.RS62Ladder.c410_08,MathExtras.RS62Ladder.loop410,linear-fold-sieve,Nat (2^48 fixed point),5000000,,16,"exact fuel from the atom: 5,000,000 iterations"
MathExtras.RS62Ladder.c410_09._native.native_decide.ax_1_1,Rs62Certificates,Rs62Certificates.RS62Ladder410LeavesC,MathExtras.RS62Ladder.c410_09,MathExtras.RS62Ladder.loop410,linear-fold-sieve,Nat (2^48 fixed point),5000000,,16,"exact fuel from the atom: 5,000,000 iterations"
MathExtras.RS62Ladder.c410_10._native.native_decide.ax_1_1,Rs62Certificates,Rs62Certificates.RS62Ladder410LeavesC,MathExtras.RS62Ladder.c410_10,MathExtras.RS62Ladder.loop410,linear-fold-sieve,Nat (2^48 fixed point),5000000,,16,"exact fuel from the atom: 5,000,000 iterations"
MathExtras.RS62Ladder.c410_11._native.native_decide.ax_1_1,Rs62Certificates,Rs62Certificates.RS62Ladder410LeavesC,MathExtras.RS62Ladder.c410_11,MathExtras.RS62Ladder.loop410,linear-fold-sieve,Nat (2^48 fixed point),5000000,,16,"exact fuel from the atom: 5,000,000 iterations"
MathExtras.RS62Ladder.c410_12._native.native_decide.ax_1_1,Rs62Certificates,Rs62Certificates.RS62Ladder410LeavesD,MathExtras.RS62Ladder.c410_12,MathExtras.RS62Ladder.loop410,linear-fold-sieve,Nat (2^48 fixed point),5000000,,16,"exact fuel from the atom: 5,000,000 iterations"
MathExtras.RS62Ladder.c410_13._native.native_decide.ax_1_1,Rs62Certificates,Rs62Certificates.RS62Ladder410LeavesD,MathExtras.RS62Ladder.c410_13,MathExtras.RS62Ladder.loop410,linear-fold-sieve,Nat (2^48 fixed point),5000000,,16,"exact fuel from the atom: 5,000,000 iterations"
MathExtras.RS62Ladder.c410_14._native.native_decide.ax_1_1,Rs62Certificates,Rs62Certificates.RS62Ladder410LeavesD,MathExtras.RS62Ladder.c410_14,MathExtras.RS62Ladder.loop410,linear-fold-sieve,Nat (2^48 fixed point),5000000,,16,"exact fuel from the atom: 5,000,000 iterations"
MathExtras.RS62Ladder.c410_15._native.native_decide.ax_1_1,Rs62Certificates,Rs62Certificates.RS62Ladder410LeavesD,MathExtras.RS62Ladder.c410_15,MathExtras.RS62Ladder.loop410,linear-fold-sieve,Nat (2^48 fixed point),5000000,,16,"exact fuel from the atom: 5,000,000 iterations"
MathExtras.RS62Ladder.c410_16._native.native_decide.ax_1_1,Rs62Certificates,Rs62Certificates.RS62Ladder410LeavesE,MathExtras.RS62Ladder.c410_16,MathExtras.RS62Ladder.loop410,linear-fold-sieve,Nat (2^48 fixed point),5000000,,16,"exact fuel from the atom: 5,000,000 iterations"
MathExtras.RS62Ladder.c410_17._native.native_decide.ax_1_1,Rs62Certificates,Rs62Certificates.RS62Ladder410LeavesE,MathExtras.RS62Ladder.c410_17,MathExtras.RS62Ladder.loop410,linear-fold-sieve,Nat (2^48 fixed point),5000000,,16,"exact fuel from the atom: 5,000,000 iterations"
MathExtras.RS62Ladder.c410_18._native.native_decide.ax_1_1,Rs62Certificates,Rs62Certificates.RS62Ladder410LeavesE,MathExtras.RS62Ladder.c410_18,MathExtras.RS62Ladder.loop410,linear-fold-sieve,Nat (2^48 fixed point),5000000,,16,"exact fuel from the atom: 5,000,000 iterations"
MathExtras.RS62Ladder.c410_19._native.native_decide.ax_1_1,Rs62Certificates,Rs62Certificates.RS62Ladder410LeavesE,MathExtras.RS62Ladder.c410_19,MathExtras.RS62Ladder.loop410,linear-fold-sieve,Nat (2^48 fixed point),4900010,,16,"exact fuel from the atom: 4,900,010 iterations"
MathExtras.RS62Ladder.cE_00._native.native_decide.ax_1_1,Rs62Certificates,Rs62Certificates.RS62AnchorLeavesA,MathExtras.RS62Ladder.cE_00,MathExtras.RS62Ladder.loopE,linear-fold-sieve,Nat (<= 2^63 fixed point),4999900,,15,"exact fuel from the atom: 4,999,900 iterations"
MathExtras.RS62Ladder.cE_01._native.native_decide.ax_1_1,Rs62Certificates,Rs62Certificates.RS62AnchorLeavesA,MathExtras.RS62Ladder.cE_01,MathExtras.RS62Ladder.loopE,linear-fold-sieve,Nat (<= 2^63 fixed point),5000000,,15,"exact fuel from the atom: 5,000,000 iterations"
MathExtras.RS62Ladder.cE_02._native.native_decide.ax_1_1,Rs62Certificates,Rs62Certificates.RS62AnchorLeavesA,MathExtras.RS62Ladder.cE_02,MathExtras.RS62Ladder.loopE,linear-fold-sieve,Nat (<= 2^63 fixed point),5000000,,15,"exact fuel from the atom: 5,000,000 iterations"
MathExtras.RS62Ladder.cE_03._native.native_decide.ax_1_1,Rs62Certificates,Rs62Certificates.RS62AnchorLeavesA,MathExtras.RS62Ladder.cE_03,MathExtras.RS62Ladder.loopE,linear-fold-sieve,Nat (<= 2^63 fixed point),5000000,,15,"exact fuel from the atom: 5,000,000 iterations"
MathExtras.RS62Ladder.cE_04._native.native_decide.ax_1_1,Rs62Certificates,Rs62Certificates.RS62AnchorLeavesB,MathExtras.RS62Ladder.cE_04,MathExtras.RS62Ladder.loopE,linear-fold-sieve,Nat (<= 2^63 fixed point),5000000,,15,"exact fuel from the atom: 5,000,000 iterations"
MathExtras.RS62Ladder.cE_05._native.native_decide.ax_1_1,Rs62Certificates,Rs62Certificates.RS62AnchorLeavesB,MathExtras.RS62Ladder.cE_05,MathExtras.RS62Ladder.loopE,linear-fold-sieve,Nat (<= 2^63 fixed point),5000000,,15,"exact fuel from the atom: 5,000,000 iterations"
MathExtras.RS62Ladder.cE_06._native.native_decide.ax_1_1,Rs62Certificates,Rs62Certificates.RS62AnchorLeavesB,MathExtras.RS62Ladder.cE_06,MathExtras.RS62Ladder.loopE,linear-fold-sieve,Nat (<= 2^63 fixed point),5000000,,15,"exact fuel from the atom: 5,000,000 iterations"
MathExtras.RS62Ladder.cE_07._native.native_decide.ax_1_1,Rs62Certificates,Rs62Certificates.RS62AnchorLeavesB,MathExtras.RS62Ladder.cE_07,MathExtras.RS62Ladder.loopE,linear-fold-sieve,Nat (<= 2^63 fixed point),5000000,,15,"exact fuel from the atom: 5,000,000 iterations"
MathExtras.RS62Ladder.cE_08._native.native_decide.ax_1_1,Rs62Certificates,Rs62Certificates.RS62AnchorLeavesC,MathExtras.RS62Ladder.cE_08,MathExtras.RS62Ladder.loopE,linear-fold-sieve,Nat (<= 2^63 fixed point),5000000,,15,"exact fuel from the atom: 5,000,000 iterations"
MathExtras.RS62Ladder.cE_09._native.native_decide.ax_1_1,Rs62Certificates,Rs62Certificates.RS62AnchorLeavesC,MathExtras.RS62Ladder.cE_09,MathExtras.RS62Ladder.loopE,linear-fold-sieve,Nat (<= 2^63 fixed point),5000000,,15,"exact fuel from the atom: 5,000,000 iterations"
MathExtras.RS62Ladder.cE_10._native.native_decide.ax_1_1,Rs62Certificates,Rs62Certificates.RS62AnchorLeavesC,MathExtras.RS62Ladder.cE_10,MathExtras.RS62Ladder.loopE,linear-fold-sieve,Nat (<= 2^63 fixed point),5000000,,15,"exact fuel from the atom: 5,000,000 iterations"
MathExtras.RS62Ladder.cE_11._native.native_decide.ax_1_1,Rs62Certificates,Rs62Certificates.RS62AnchorLeavesC,MathExtras.RS62Ladder.cE_11,MathExtras.RS62Ladder.loopE,linear-fold-sieve,Nat (<= 2^63 fixed point),5000000,,15,"exact fuel from the atom: 5,000,000 iterations"
MathExtras.RS62Ladder.cE_12._native.native_decide.ax_1_1,Rs62Certificates,Rs62Certificates.RS62AnchorLeavesD,MathExtras.RS62Ladder.cE_12,MathExtras.RS62Ladder.loopE,linear-fold-sieve,Nat (<= 2^63 fixed point),5000000,,15,"exact fuel from the atom: 5,000,000 iterations"
MathExtras.RS62Ladder.cE_13._native.native_decide.ax_1_1,Rs62Certificates,Rs62Certificates.RS62AnchorLeavesD,MathExtras.RS62Ladder.cE_13,MathExtras.RS62Ladder.loopE,linear-fold-sieve,Nat (<= 2^63 fixed point),5000000,,15,"exact fuel from the atom: 5,000,000 iterations"
MathExtras.RS62Ladder.cE_14._native.native_decide.ax_1_1,Rs62Certificates,Rs62Certificates.RS62AnchorLeavesD,MathExtras.RS62Ladder.cE_14,MathExtras.RS62Ladder.loopE,linear-fold-sieve,Nat (<= 2^63 fixed point),5000000,,15,"exact fuel from the atom: 5,000,000 iterations"
MathExtras.RS62Ladder.cE_15._native.native_decide.ax_1_1,Rs62Certificates,Rs62Certificates.RS62AnchorLeavesD,MathExtras.RS62Ladder.cE_15,MathExtras.RS62Ladder.loopE,linear-fold-sieve,Nat (<= 2^63 fixed point),5000000,,15,"exact fuel from the atom: 5,000,000 iterations"
MathExtras.RS62Ladder.cE_16._native.native_decide.ax_1_1,Rs62Certificates,Rs62Certificates.RS62AnchorLeavesE,MathExtras.RS62Ladder.cE_16,MathExtras.RS62Ladder.loopE,linear-fold-sieve,Nat (<= 2^63 fixed point),5000000,,15,"exact fuel from the atom: 5,000,000 iterations"
MathExtras.RS62Ladder.cE_17._native.native_decide.ax_1_1,Rs62Certificates,Rs62Certificates.RS62AnchorLeavesE,MathExtras.RS62Ladder.cE_17,MathExtras.RS62Ladder.loopE,linear-fold-sieve,Nat (<= 2^63 fixed point),5000000,,15,"exact fuel from the atom: 5,000,000 iterations"
MathExtras.RS62Ladder.cE_18._native.native_decide.ax_1_1,Rs62Certificates,Rs62Certificates.RS62AnchorLeavesE,MathExtras.RS62Ladder.cE_18,MathExtras.RS62Ladder.loopE,linear-fold-sieve,Nat (<= 2^63 fixed point),5000000,,15,"exact fuel from the atom: 5,000,000 iterations"
MathExtras.RS62Ladder.cE_19._native.native_decide.ax_1_1,Rs62Certificates,Rs62Certificates.RS62AnchorLeavesE,MathExtras.RS62Ladder.cE_19,MathExtras.RS62Ladder.loopE,linear-fold-sieve,Nat (<= 2^63 fixed point),5000000,,15,"exact fuel from the atom: 5,000,000 iterations"
MathExtras.RS62Ladder.cR_000._native.native_decide.ax_1_1,Rs62Certificates,Rs62Certificates.RS62LadderRangeLeavesA,MathExtras.RS62Ladder.cR_000,MathExtras.RS62Ladder.loopE,linear-fold-sieve,Nat (<= 2^63 fixed point),984459,,15,"exact fuel from the atom: 984,459 iterations"
MathExtras.RS62Ladder.cR_001._native.native_decide.ax_1_1,Rs62Certificates,Rs62Certificates.RS62LadderRangeLeavesA,MathExtras.RS62Ladder.cR_001,MathExtras.RS62Ladder.loopE,linear-fold-sieve,Nat (<= 2^63 fixed point),994150,,15,"exact fuel from the atom: 994,150 iterations"
MathExtras.RS62Ladder.cR_002._native.native_decide.ax_1_1,Rs62Certificates,Rs62Certificates.RS62LadderRangeLeavesA,MathExtras.RS62Ladder.cR_002,MathExtras.RS62Ladder.loopE,linear-fold-sieve,Nat (<= 2^63 fixed point),1003937,,15,"exact fuel from the atom: 1,003,937 iterations"
MathExtras.RS62Ladder.cR_003._native.native_decide.ax_1_1,Rs62Certificates,Rs62Certificates.RS62LadderRangeLeavesA,MathExtras.RS62Ladder.cR_003,MathExtras.RS62Ladder.loopE,linear-fold-sieve,Nat (<= 2^63 fixed point),1013821,,15,"exact fuel from the atom: 1,013,821 iterations"
MathExtras.RS62Ladder.cR_004._native.native_decide.ax_1_1,Rs62Certificates,Rs62Certificates.RS62LadderRangeLeavesA,MathExtras.RS62Ladder.cR_004,MathExtras.RS62Ladder.loopE,linear-fold-sieve,Nat (<= 2^63 fixed point),1023801,,15,"exact fuel from the atom: 1,023,801 iterations"
MathExtras.RS62Ladder.cR_005._native.native_decide.ax_1_1,Rs62Certificates,Rs62Certificates.RS62LadderRangeLeavesA,MathExtras.RS62Ladder.cR_005,MathExtras.RS62Ladder.loopE,linear-fold-sieve,Nat (<= 2^63 fixed point),1033880,,15,"exact fuel from the atom: 1,033,880 iterations"
MathExtras.RS62Ladder.cR_006._native.native_decide.ax_1_1,Rs62Certificates,Rs62Certificates.RS62LadderRangeLeavesA,MathExtras.RS62Ladder.cR_006,MathExtras.RS62Ladder.loopE,linear-fold-sieve,Nat (<= 2^63 fixed point),1044058,,15,"exact fuel from the atom: 1,044,058 iterations"
MathExtras.RS62Ladder.cR_007._native.native_decide.ax_1_1,Rs62Certificates,Rs62Certificates.RS62LadderRangeLeavesA,MathExtras.RS62Ladder.cR_007,MathExtras.RS62Ladder.loopE,linear-fold-sieve,Nat (<= 2^63 fixed point),1054337,,15,"exact fuel from the atom: 1,054,337 iterations"
MathExtras.RS62Ladder.cR_008._native.native_decide.ax_1_1,Rs62Certificates,Rs62Certificates.RS62LadderRangeLeavesA,MathExtras.RS62Ladder.cR_008,MathExtras.RS62Ladder.loopE,linear-fold-sieve,Nat (<= 2^63 fixed point),1064716,,15,"exact fuel from the atom: 1,064,716 iterations"
MathExtras.RS62Ladder.cR_009._native.native_decide.ax_1_1,Rs62Certificates,Rs62Certificates.RS62LadderRangeLeavesA,MathExtras.RS62Ladder.cR_009,MathExtras.RS62Ladder.loopE,linear-fold-sieve,Nat (<= 2^63 fixed point),1075198,,15,"exact fuel from the atom: 1,075,198 iterations"
MathExtras.RS62Ladder.cR_010._native.native_decide.ax_1_1,Rs62Certificates,Rs62Certificates.RS62LadderRangeLeavesA,MathExtras.RS62Ladder.cR_010,MathExtras.RS62Ladder.loopE,linear-fold-sieve,Nat (<= 2^63 fixed point),1085783,,15,"exact fuel from the atom: 1,085,783 iterations"
MathExtras.RS62Ladder.cR_011._native.native_decide.ax_1_1,Rs62Certificates,Rs62Certificates.RS62LadderRangeLeavesA,MathExtras.RS62Ladder.cR_011,MathExtras.RS62Ladder.loopE,linear-fold-sieve,Nat (<= 2^63 fixed point),1096471,,15,"exact fuel from the atom: 1,096,471 iterations"
MathExtras.RS62Ladder.cR_012._native.native_decide.ax_1_1,Rs62Certificates,Rs62Certificates.RS62LadderRangeLeavesB,MathExtras.RS62Ladder.cR_012,MathExtras.RS62Ladder.loopE,linear-fold-sieve,Nat (<= 2^63 fixed point),1107266,,15,"exact fuel from the atom: 1,107,266 iterations"
MathExtras.RS62Ladder.cR_013._native.native_decide.ax_1_1,Rs62Certificates,Rs62Certificates.RS62LadderRangeLeavesB,MathExtras.RS62Ladder.cR_013,MathExtras.RS62Ladder.loopE,linear-fold-sieve,Nat (<= 2^63 fixed point),1118167,,15,"exact fuel from the atom: 1,118,167 iterations"
MathExtras.RS62Ladder.cR_014._native.native_decide.ax_1_1,Rs62Certificates,Rs62Certificates.RS62LadderRangeLeavesB,MathExtras.RS62Ladder.cR_014,MathExtras.RS62Ladder.loopE,linear-fold-sieve,Nat (<= 2^63 fixed point),1129175,,15,"exact fuel from the atom: 1,129,175 iterations"
MathExtras.RS62Ladder.cR_015._native.native_decide.ax_1_1,Rs62Certificates,Rs62Certificates.RS62LadderRangeLeavesB,MathExtras.RS62Ladder.cR_015,MathExtras.RS62Ladder.loopE,linear-fold-sieve,Nat (<= 2^63 fixed point),1140290,,15,"exact fuel from the atom: 1,140,290 iterations"
MathExtras.RS62Ladder.cR_016._native.native_decide.ax_1_1,Rs62Certificates,Rs62Certificates.RS62LadderRangeLeavesB,MathExtras.RS62Ladder.cR_016,MathExtras.RS62Ladder.loopE,linear-fold-sieve,Nat (<= 2^63 fixed point),1151517,,15,"exact fuel from the atom: 1,151,517 iterations"
MathExtras.RS62Ladder.cR_017._native.native_decide.ax_1_1,Rs62Certificates,Rs62Certificates.RS62LadderRangeLeavesB,MathExtras.RS62Ladder.cR_017,MathExtras.RS62Ladder.loopE,linear-fold-sieve,Nat (<= 2^63 fixed point),1162852,,15,"exact fuel from the atom: 1,162,852 iterations"
MathExtras.RS62Ladder.cR_018._native.native_decide.ax_1_1,Rs62Certificates,Rs62Certificates.RS62LadderRangeLeavesB,MathExtras.RS62Ladder.cR_018,MathExtras.RS62Ladder.loopE,linear-fold-sieve,Nat (<= 2^63 fixed point),1174301,,15,"exact fuel from the atom: 1,174,301 iterations"
MathExtras.RS62Ladder.cR_019._native.native_decide.ax_1_1,Rs62Certificates,Rs62Certificates.RS62LadderRangeLeavesB,MathExtras.RS62Ladder.cR_019,MathExtras.RS62Ladder.loopE,linear-fold-sieve,Nat (<= 2^63 fixed point),1185861,,15,"exact fuel from the atom: 1,185,861 iterations"
MathExtras.RS62Ladder.cR_020._native.native_decide.ax_1_1,Rs62Certificates,Rs62Certificates.RS62LadderRangeLeavesB,MathExtras.RS62Ladder.cR_020,MathExtras.RS62Ladder.loopE,linear-fold-sieve,Nat (<= 2^63 fixed point),1197535,,15,"exact fuel from the atom: 1,197,535 iterations"
MathExtras.RS62Ladder.cR_021._native.native_decide.ax_1_1,Rs62Certificates,Rs62Certificates.RS62LadderRangeLeavesB,MathExtras.RS62Ladder.cR_021,MathExtras.RS62Ladder.loopE,linear-fold-sieve,Nat (<= 2^63 fixed point),1209325,,15,"exact fuel from the atom: 1,209,325 iterations"
MathExtras.RS62Ladder.cR_022._native.native_decide.ax_1_1,Rs62Certificates,Rs62Certificates.RS62LadderRangeLeavesB,MathExtras.RS62Ladder.cR_022,MathExtras.RS62Ladder.loopE,linear-fold-sieve,Nat (<= 2^63 fixed point),1221230,,15,"exact fuel from the atom: 1,221,230 iterations"
MathExtras.RS62Ladder.cR_023._native.native_decide.ax_1_1,Rs62Certificates,Rs62Certificates.RS62LadderRangeLeavesB,MathExtras.RS62Ladder.cR_023,MathExtras.RS62Ladder.loopE,linear-fold-sieve,Nat (<= 2^63 fixed point),1233252,,15,"exact fuel from the atom: 1,233,252 iterations"
MathExtras.RS62Ladder.cR_024._native.native_decide.ax_1_1,Rs62Certificates,Rs62Certificates.RS62LadderRangeLeavesC,MathExtras.RS62Ladder.cR_024,MathExtras.RS62Ladder.loopE,linear-fold-sieve,Nat (<= 2^63 fixed point),1245393,,15,"exact fuel from the atom: 1,245,393 iterations"
MathExtras.RS62Ladder.cR_025._native.native_decide.ax_1_1,Rs62Certificates,Rs62Certificates.RS62LadderRangeLeavesC,MathExtras.RS62Ladder.cR_025,MathExtras.RS62Ladder.loopE,linear-fold-sieve,Nat (<= 2^63 fixed point),1257654,,15,"exact fuel from the atom: 1,257,654 iterations"
MathExtras.RS62Ladder.cR_026._native.native_decide.ax_1_1,Rs62Certificates,Rs62Certificates.RS62LadderRangeLeavesC,MathExtras.RS62Ladder.cR_026,MathExtras.RS62Ladder.loopE,linear-fold-sieve,Nat (<= 2^63 fixed point),1270034,,15,"exact fuel from the atom: 1,270,034 iterations"
MathExtras.RS62Ladder.cR_027._native.native_decide.ax_1_1,Rs62Certificates,Rs62Certificates.RS62LadderRangeLeavesC,MathExtras.RS62Ladder.cR_027,MathExtras.RS62Ladder.loopE,linear-fold-sieve,Nat (<= 2^63 fixed point),1282538,,15,"exact fuel from the atom: 1,282,538 iterations"
MathExtras.RS62Ladder.cR_028._native.native_decide.ax_1_1,Rs62Certificates,Rs62Certificates.RS62LadderRangeLeavesC,MathExtras.RS62Ladder.cR_028,MathExtras.RS62Ladder.loopE,linear-fold-sieve,Nat (<= 2^63 fixed point),1295164,,15,"exact fuel from the atom: 1,295,164 iterations"
MathExtras.RS62Ladder.cR_029._native.native_decide.ax_1_1,Rs62Certificates,Rs62Certificates.RS62LadderRangeLeavesC,MathExtras.RS62Ladder.cR_029,MathExtras.RS62Ladder.loopE,linear-fold-sieve,Nat (<= 2^63 fixed point),1307914,,15,"exact fuel from the atom: 1,307,914 iterations"
MathExtras.RS62Ladder.cR_030._native.native_decide.ax_1_1,Rs62Certificates,Rs62Certificates.RS62LadderRangeLeavesC,MathExtras.RS62Ladder.cR_030,MathExtras.RS62Ladder.loopE,linear-fold-sieve,Nat (<= 2^63 fixed point),1320790,,15,"exact fuel from the atom: 1,320,790 iterations"
MathExtras.RS62Ladder.cR_031._native.native_decide.ax_1_1,Rs62Certificates,Rs62Certificates.RS62LadderRangeLeavesC,MathExtras.RS62Ladder.cR_031,MathExtras.RS62Ladder.loopE,linear-fold-sieve,Nat (<= 2^63 fixed point),1333792,,15,"exact fuel from the atom: 1,333,792 iterations"
MathExtras.RS62Ladder.cR_032._native.native_decide.ax_1_1,Rs62Certificates,Rs62Certificates.RS62LadderRangeLeavesC,MathExtras.RS62Ladder.cR_032,MathExtras.RS62Ladder.loopE,linear-fold-sieve,Nat (<= 2^63 fixed point),1346923,,15,"exact fuel from the atom: 1,346,923 iterations"
MathExtras.RS62Ladder.cR_033._native.native_decide.ax_1_1,Rs62Certificates,Rs62Certificates.RS62LadderRangeLeavesC,MathExtras.RS62Ladder.cR_033,MathExtras.RS62Ladder.loopE,linear-fold-sieve,Nat (<= 2^63 fixed point),1360183,,15,"exact fuel from the atom: 1,360,183 iterations"
MathExtras.RS62Ladder.cR_034._native.native_decide.ax_1_1,Rs62Certificates,Rs62Certificates.RS62LadderRangeLeavesC,MathExtras.RS62Ladder.cR_034,MathExtras.RS62Ladder.loopE,linear-fold-sieve,Nat (<= 2^63 fixed point),1373574,,15,"exact fuel from the atom: 1,373,574 iterations"
MathExtras.RS62Ladder.cR_035._native.native_decide.ax_1_1,Rs62Certificates,Rs62Certificates.RS62LadderRangeLeavesC,MathExtras.RS62Ladder.cR_035,MathExtras.RS62Ladder.loopE,linear-fold-sieve,Nat (<= 2^63 fixed point),1387096,,15,"exact fuel from the atom: 1,387,096 iterations"
MathExtras.RS62Ladder.cR_036._native.native_decide.ax_1_1,Rs62Certificates,Rs62Certificates.RS62LadderRangeLeavesD,MathExtras.RS62Ladder.cR_036,MathExtras.RS62Ladder.loopE,linear-fold-sieve,Nat (<= 2^63 fixed point),1400751,,15,"exact fuel from the atom: 1,400,751 iterations"
MathExtras.RS62Ladder.cR_037._native.native_decide.ax_1_1,Rs62Certificates,Rs62Certificates.RS62LadderRangeLeavesD,MathExtras.RS62Ladder.cR_037,MathExtras.RS62Ladder.loopE,linear-fold-sieve,Nat (<= 2^63 fixed point),1414541,,15,"exact fuel from the atom: 1,414,541 iterations"
MathExtras.RS62Ladder.cR_038._native.native_decide.ax_1_1,Rs62Certificates,Rs62Certificates.RS62LadderRangeLeavesD,MathExtras.RS62Ladder.cR_038,MathExtras.RS62Ladder.loopE,linear-fold-sieve,Nat (<= 2^63 fixed point),1428466,,15,"exact fuel from the atom: 1,428,466 iterations"
MathExtras.RS62Ladder.cR_039._native.native_decide.ax_1_1,Rs62Certificates,Rs62Certificates.RS62LadderRangeLeavesD,MathExtras.RS62Ladder.cR_039,MathExtras.RS62Ladder.loopE,linear-fold-sieve,Nat (<= 2^63 fixed point),1442529,,15,"exact fuel from the atom: 1,442,529 iterations"
MathExtras.RS62Ladder.cR_040._native.native_decide.ax_1_1,Rs62Certificates,Rs62Certificates.RS62LadderRangeLeavesD,MathExtras.RS62Ladder.cR_040,MathExtras.RS62Ladder.loopE,linear-fold-sieve,Nat (<= 2^63 fixed point),1456731,,15,"exact fuel from the atom: 1,456,731 iterations"
MathExtras.RS62Ladder.cR_041._native.native_decide.ax_1_1,Rs62Certificates,Rs62Certificates.RS62LadderRangeLeavesD,MathExtras.RS62Ladder.cR_041,MathExtras.RS62Ladder.loopE,linear-fold-sieve,Nat (<= 2^63 fixed point),1471071,,15,"exact fuel from the atom: 1,471,071 iterations"
MathExtras.RS62Ladder.cR_042._native.native_decide.ax_1_1,Rs62Certificates,Rs62Certificates.RS62LadderRangeLeavesD,MathExtras.RS62Ladder.cR_042,MathExtras.RS62Ladder.loopE,linear-fold-sieve,Nat (<= 2^63 fixed point),1485553,,15,"exact fuel from the atom: 1,485,553 iterations"
MathExtras.RS62Ladder.cR_043._native.native_decide.ax_1_1,Rs62Certificates,Rs62Certificates.RS62LadderRangeLeavesD,MathExtras.RS62Ladder.cR_043,MathExtras.RS62Ladder.loopE,linear-fold-sieve,Nat (<= 2^63 fixed point),1500178,,15,"exact fuel from the atom: 1,500,178 iterations"
MathExtras.RS62Ladder.cR_044._native.native_decide.ax_1_1,Rs62Certificates,Rs62Certificates.RS62LadderRangeLeavesD,MathExtras.RS62Ladder.cR_044,MathExtras.RS62Ladder.loopE,linear-fold-sieve,Nat (<= 2^63 fixed point),1514947,,15,"exact fuel from the atom: 1,514,947 iterations"
MathExtras.RS62Ladder.cR_045._native.native_decide.ax_1_1,Rs62Certificates,Rs62Certificates.RS62LadderRangeLeavesD,MathExtras.RS62Ladder.cR_045,MathExtras.RS62Ladder.loopE,linear-fold-sieve,Nat (<= 2^63 fixed point),1529860,,15,"exact fuel from the atom: 1,529,860 iterations"
MathExtras.RS62Ladder.cR_046._native.native_decide.ax_1_1,Rs62Certificates,Rs62Certificates.RS62LadderRangeLeavesD,MathExtras.RS62Ladder.cR_046,MathExtras.RS62Ladder.loopE,linear-fold-sieve,Nat (<= 2^63 fixed point),1544922,,15,"exact fuel from the atom: 1,544,922 iterations"
MathExtras.RS62Ladder.cR_047._native.native_decide.ax_1_1,Rs62Certificates,Rs62Certificates.RS62LadderRangeLeavesD,MathExtras.RS62Ladder.cR_047,MathExtras.RS62Ladder.loopE,linear-fold-sieve,Nat (<= 2^63 fixed point),1560131,,15,"exact fuel from the atom: 1,560,131 iterations"
MathExtras.RS62Ladder.cR_048._native.native_decide.ax_1_1,Rs62Certificates,Rs62Certificates.RS62LadderRangeLeavesE,MathExtras.RS62Ladder.cR_048,MathExtras.RS62Ladder.loopE,linear-fold-sieve,Nat (<= 2^63 fixed point),1575489,,15,"exact fuel from the atom: 1,575,489 iterations"
MathExtras.RS62Ladder.cR_049._native.native_decide.ax_1_1,Rs62Certificates,Rs62Certificates.RS62LadderRangeLeavesE,MathExtras.RS62Ladder.cR_049,MathExtras.RS62Ladder.loopE,linear-fold-sieve,Nat (<= 2^63 fixed point),1590999,,15,"exact fuel from the atom: 1,590,999 iterations"
MathExtras.RS62Ladder.cR_050._native.native_decide.ax_1_1,Rs62Certificates,Rs62Certificates.RS62LadderRangeLeavesE,MathExtras.RS62Ladder.cR_050,MathExtras.RS62Ladder.loopE,linear-fold-sieve,Nat (<= 2^63 fixed point),1606663,,15,"exact fuel from the atom: 1,606,663 iterations"
MathExtras.RS62Ladder.cR_051._native.native_decide.ax_1_1,Rs62Certificates,Rs62Certificates.RS62LadderRangeLeavesE,MathExtras.RS62Ladder.cR_051,MathExtras.RS62Ladder.loopE,linear-fold-sieve,Nat (<= 2^63 fixed point),1622479,,15,"exact fuel from the atom: 1,622,479 iterations"
MathExtras.RS62Ladder.cR_052._native.native_decide.ax_1_1,Rs62Certificates,Rs62Certificates.RS62LadderRangeLeavesE,MathExtras.RS62Ladder.cR_052,MathExtras.RS62Ladder.loopE,linear-fold-sieve,Nat (<= 2^63 fixed point),1638451,,15,"exact fuel from the atom: 1,638,451 iterations"
MathExtras.RS62Ladder.cR_053._native.native_decide.ax_1_1,Rs62Certificates,Rs62Certificates.RS62LadderRangeLeavesE,MathExtras.RS62Ladder.cR_053,MathExtras.RS62Ladder.loopE,linear-fold-sieve,Nat (<= 2^63 fixed point),1654582,,15,"exact fuel from the atom: 1,654,582 iterations"
MathExtras.RS62Ladder.cR_054._native.native_decide.ax_1_1,Rs62Certificates,Rs62Certificates.RS62LadderRangeLeavesE,MathExtras.RS62Ladder.cR_054,MathExtras.RS62Ladder.loopE,linear-fold-sieve,Nat (<= 2^63 fixed point),1670870,,15,"exact fuel from the atom: 1,670,870 iterations"
MathExtras.RS62Ladder.cR_055._native.native_decide.ax_1_1,Rs62Certificates,Rs62Certificates.RS62LadderRangeLeavesE,MathExtras.RS62Ladder.cR_055,MathExtras.RS62Ladder.loopE,linear-fold-sieve,Nat (<= 2^63 fixed point),1687320,,15,"exact fuel from the atom: 1,687,320 iterations"
MathExtras.RS62Ladder.cR_056._native.native_decide.ax_1_1,Rs62Certificates,Rs62Certificates.RS62LadderRangeLeavesE,MathExtras.RS62Ladder.cR_056,MathExtras.RS62Ladder.loopE,linear-fold-sieve,Nat (<= 2^63 fixed point),1703930,,15,"exact fuel from the atom: 1,703,930 iterations"
MathExtras.RS62Ladder.cR_057._native.native_decide.ax_1_1,Rs62Certificates,Rs62Certificates.RS62LadderRangeLeavesE,MathExtras.RS62Ladder.cR_057,MathExtras.RS62Ladder.loopE,linear-fold-sieve,Nat (<= 2^63 fixed point),1720705,,15,"exact fuel from the atom: 1,720,705 iterations"
MathExtras.RS62Ladder.cR_058._native.native_decide.ax_1_1,Rs62Certificates,Rs62Certificates.RS62LadderRangeLeavesE,MathExtras.RS62Ladder.cR_058,MathExtras.RS62Ladder.loopE,linear-fold-sieve,Nat (<= 2^63 fixed point),1737644,,15,"exact fuel from the atom: 1,737,644 iterations"
MathExtras.RS62Ladder.cR_059._native.native_decide.ax_1_1,Rs62Certificates,Rs62Certificates.RS62LadderRangeLeavesE,MathExtras.RS62Ladder.cR_059,MathExtras.RS62Ladder.loopE,linear-fold-sieve,Nat (<= 2^63 fixed point),1754751,,15,"exact fuel from the atom: 1,754,751 iterations"
MathExtras.RS62Ladder.cR_060._native.native_decide.ax_1_1,Rs62Certificates,Rs62Certificates.RS62LadderRangeLeavesF,MathExtras.RS62Ladder.cR_060,MathExtras.RS62Ladder.loopE,linear-fold-sieve,Nat (<= 2^63 fixed point),1772026,,15,"exact fuel from the atom: 1,772,026 iterations"
MathExtras.RS62Ladder.cR_061._native.native_decide.ax_1_1,Rs62Certificates,Rs62Certificates.RS62LadderRangeLeavesF,MathExtras.RS62Ladder.cR_061,MathExtras.RS62Ladder.loopE,linear-fold-sieve,Nat (<= 2^63 fixed point),1789470,,15,"exact fuel from the atom: 1,789,470 iterations"
MathExtras.RS62Ladder.cR_062._native.native_decide.ax_1_1,Rs62Certificates,Rs62Certificates.RS62LadderRangeLeavesF,MathExtras.RS62Ladder.cR_062,MathExtras.RS62Ladder.loopE,linear-fold-sieve,Nat (<= 2^63 fixed point),1807087,,15,"exact fuel from the atom: 1,807,087 iterations"
MathExtras.RS62Ladder.cR_063._native.native_decide.ax_1_1,Rs62Certificates,Rs62Certificates.RS62LadderRangeLeavesF,MathExtras.RS62Ladder.cR_063,MathExtras.RS62Ladder.loopE,linear-fold-sieve,Nat (<= 2^63 fixed point),1824877,,15,"exact fuel from the atom: 1,824,877 iterations"
MathExtras.RS62Ladder.cR_064._native.native_decide.ax_1_1,Rs62Certificates,Rs62Certificates.RS62LadderRangeLeavesF,MathExtras.RS62Ladder.cR_064,MathExtras.RS62Ladder.loopE,linear-fold-sieve,Nat (<= 2^63 fixed point),1842842,,15,"exact fuel from the atom: 1,842,842 iterations"
MathExtras.RS62Ladder.cR_065._native.native_decide.ax_1_1,Rs62Certificates,Rs62Certificates.RS62LadderRangeLeavesF,MathExtras.RS62Ladder.cR_065,MathExtras.RS62Ladder.loopE,linear-fold-sieve,Nat (<= 2^63 fixed point),1860985,,15,"exact fuel from the atom: 1,860,985 iterations"
MathExtras.RS62Ladder.cR_066._native.native_decide.ax_1_1,Rs62Certificates,Rs62Certificates.RS62LadderRangeLeavesF,MathExtras.RS62Ladder.cR_066,MathExtras.RS62Ladder.loopE,linear-fold-sieve,Nat (<= 2^63 fixed point),1879305,,15,"exact fuel from the atom: 1,879,305 iterations"
MathExtras.RS62Ladder.cR_067._native.native_decide.ax_1_1,Rs62Certificates,Rs62Certificates.RS62LadderRangeLeavesF,MathExtras.RS62Ladder.cR_067,MathExtras.RS62Ladder.loopE,linear-fold-sieve,Nat (<= 2^63 fixed point),1897805,,15,"exact fuel from the atom: 1,897,805 iterations"
MathExtras.RS62Ladder.cR_068._native.native_decide.ax_1_1,Rs62Certificates,Rs62Certificates.RS62LadderRangeLeavesF,MathExtras.RS62Ladder.cR_068,MathExtras.RS62Ladder.loopE,linear-fold-sieve,Nat (<= 2^63 fixed point),1916489,,15,"exact fuel from the atom: 1,916,489 iterations"
MathExtras.RS62Ladder.cR_069._native.native_decide.ax_1_1,Rs62Certificates,Rs62Certificates.RS62LadderRangeLeavesF,MathExtras.RS62Ladder.cR_069,MathExtras.RS62Ladder.loopE,linear-fold-sieve,Nat (<= 2^63 fixed point),1935356,,15,"exact fuel from the atom: 1,935,356 iterations"
MathExtras.RS62Ladder.cR_070._native.native_decide.ax_1_1,Rs62Certificates,Rs62Certificates.RS62LadderRangeLeavesF,MathExtras.RS62Ladder.cR_070,MathExtras.RS62Ladder.loopE,linear-fold-sieve,Nat (<= 2^63 fixed point),1954409,,15,"exact fuel from the atom: 1,954,409 iterations"
MathExtras.RS62Ladder.cR_071._native.native_decide.ax_1_1,Rs62Certificates,Rs62Certificates.RS62LadderRangeLeavesF,MathExtras.RS62Ladder.cR_071,MathExtras.RS62Ladder.loopE,linear-fold-sieve,Nat (<= 2^63 fixed point),1973649,,15,"exact fuel from the atom: 1,973,649 iterations"
MathExtras.RS62Ladder.cR_072._native.native_decide.ax_1_1,Rs62Certificates,Rs62Certificates.RS62LadderRangeLeavesG,MathExtras.RS62Ladder.cR_072,MathExtras.RS62Ladder.loopE,linear-fold-sieve,Nat (<= 2^63 fixed point),1993079,,15,"exact fuel from the atom: 1,993,079 iterations"
MathExtras.RS62Ladder.cR_073._native.native_decide.ax_1_1,Rs62Certificates,Rs62Certificates.RS62LadderRangeLeavesG,MathExtras.RS62Ladder.cR_073,MathExtras.RS62Ladder.loopE,linear-fold-sieve,Nat (<= 2^63 fixed point),2012700,,15,"exact fuel from the atom: 2,012,700 iterations"
MathExtras.RS62Ladder.cR_074._native.native_decide.ax_1_1,Rs62Certificates,Rs62Certificates.RS62LadderRangeLeavesG,MathExtras.RS62Ladder.cR_074,MathExtras.RS62Ladder.loopE,linear-fold-sieve,Nat (<= 2^63 fixed point),2032514,,15,"exact fuel from the atom: 2,032,514 iterations"
MathExtras.RS62Ladder.cR_075._native.native_decide.ax_1_1,Rs62Certificates,Rs62Certificates.RS62LadderRangeLeavesG,MathExtras.RS62Ladder.cR_075,MathExtras.RS62Ladder.loopE,linear-fold-sieve,Nat (<= 2^63 fixed point),2052524,,15,"exact fuel from the atom: 2,052,524 iterations"
MathExtras.RS62Ladder.cR_076._native.native_decide.ax_1_1,Rs62Certificates,Rs62Certificates.RS62LadderRangeLeavesG,MathExtras.RS62Ladder.cR_076,MathExtras.RS62Ladder.loopE,linear-fold-sieve,Nat (<= 2^63 fixed point),2072729,,15,"exact fuel from the atom: 2,072,729 iterations"
MathExtras.RS62Ladder.cR_077._native.native_decide.ax_1_1,Rs62Certificates,Rs62Certificates.RS62LadderRangeLeavesG,MathExtras.RS62Ladder.cR_077,MathExtras.RS62Ladder.loopE,linear-fold-sieve,Nat (<= 2^63 fixed point),2093135,,15,"exact fuel from the atom: 2,093,135 iterations"
MathExtras.RS62Ladder.cR_078._native.native_decide.ax_1_1,Rs62Certificates,Rs62Certificates.RS62LadderRangeLeavesG,MathExtras.RS62Ladder.cR_078,MathExtras.RS62Ladder.loopE,linear-fold-sieve,Nat (<= 2^63 fixed point),2113741,,15,"exact fuel from the atom: 2,113,741 iterations"
MathExtras.RS62Ladder.cR_079._native.native_decide.ax_1_1,Rs62Certificates,Rs62Certificates.RS62LadderRangeLeavesG,MathExtras.RS62Ladder.cR_079,MathExtras.RS62Ladder.loopE,linear-fold-sieve,Nat (<= 2^63 fixed point),2134550,,15,"exact fuel from the atom: 2,134,550 iterations"
MathExtras.RS62Ladder.cR_080._native.native_decide.ax_1_1,Rs62Certificates,Rs62Certificates.RS62LadderRangeLeavesG,MathExtras.RS62Ladder.cR_080,MathExtras.RS62Ladder.loopE,linear-fold-sieve,Nat (<= 2^63 fixed point),2155563,,15,"exact fuel from the atom: 2,155,563 iterations"
MathExtras.RS62Ladder.cR_081._native.native_decide.ax_1_1,Rs62Certificates,Rs62Certificates.RS62LadderRangeLeavesG,MathExtras.RS62Ladder.cR_081,MathExtras.RS62Ladder.loopE,linear-fold-sieve,Nat (<= 2^63 fixed point),2176785,,15,"exact fuel from the atom: 2,176,785 iterations"
MathExtras.RS62Ladder.cR_082._native.native_decide.ax_1_1,Rs62Certificates,Rs62Certificates.RS62LadderRangeLeavesG,MathExtras.RS62Ladder.cR_082,MathExtras.RS62Ladder.loopE,linear-fold-sieve,Nat (<= 2^63 fixed point),2198213,,15,"exact fuel from the atom: 2,198,213 iterations"
MathExtras.RS62Ladder.cR_083._native.native_decide.ax_1_1,Rs62Certificates,Rs62Certificates.RS62LadderRangeLeavesG,MathExtras.RS62Ladder.cR_083,MathExtras.RS62Ladder.loopE,linear-fold-sieve,Nat (<= 2^63 fixed point),2219854,,15,"exact fuel from the atom: 2,219,854 iterations"
MathExtras.RS62Ladder.cR_084._native.native_decide.ax_1_1,Rs62Certificates,Rs62Certificates.RS62LadderRangeLeavesH,MathExtras.RS62Ladder.cR_084,MathExtras.RS62Ladder.loopE,linear-fold-sieve,Nat (<= 2^63 fixed point),2241708,,15,"exact fuel from the atom: 2,241,708 iterations"
MathExtras.RS62Ladder.cR_085._native.native_decide.ax_1_1,Rs62Certificates,Rs62Certificates.RS62LadderRangeLeavesH,MathExtras.RS62Ladder.cR_085,MathExtras.RS62Ladder.loopE,linear-fold-sieve,Nat (<= 2^63 fixed point),2263777,,15,"exact fuel from the atom: 2,263,777 iterations"
MathExtras.RS62Ladder.cR_086._native.native_decide.ax_1_1,Rs62Certificates,Rs62Certificates.RS62LadderRangeLeavesH,MathExtras.RS62Ladder.cR_086,MathExtras.RS62Ladder.loopE,linear-fold-sieve,Nat (<= 2^63 fixed point),2286062,,15,"exact fuel from the atom: 2,286,062 iterations"
MathExtras.RS62Ladder.cR_087._native.native_decide.ax_1_1,Rs62Certificates,Rs62Certificates.RS62LadderRangeLeavesH,MathExtras.RS62Ladder.cR_087,MathExtras.RS62Ladder.loopE,linear-fold-sieve,Nat (<= 2^63 fixed point),2308568,,15,"exact fuel from the atom: 2,308,568 iterations"
MathExtras.RS62Ladder.cR_088._native.native_decide.ax_1_1,Rs62Certificates,Rs62Certificates.RS62LadderRangeLeavesH,MathExtras.RS62Ladder.cR_088,MathExtras.RS62Ladder.loopE,linear-fold-sieve,Nat (<= 2^63 fixed point),2331294,,15,"exact fuel from the atom: 2,331,294 iterations"
MathExtras.RS62Ladder.cR_089._native.native_decide.ax_1_1,Rs62Certificates,Rs62Certificates.RS62LadderRangeLeavesH,MathExtras.RS62Ladder.cR_089,MathExtras.RS62Ladder.loopE,linear-fold-sieve,Nat (<= 2^63 fixed point),2354246,,15,"exact fuel from the atom: 2,354,246 iterations"
MathExtras.RS62Ladder.cR_090._native.native_decide.ax_1_1,Rs62Certificates,Rs62Certificates.RS62LadderRangeLeavesH,MathExtras.RS62Ladder.cR_090,MathExtras.RS62Ladder.loopE,linear-fold-sieve,Nat (<= 2^63 fixed point),2377421,,15,"exact fuel from the atom: 2,377,421 iterations"
MathExtras.RS62Ladder.cR_091._native.native_decide.ax_1_1,Rs62Certificates,Rs62Certificates.RS62LadderRangeLeavesH,MathExtras.RS62Ladder.cR_091,MathExtras.RS62Ladder.loopE,linear-fold-sieve,Nat (<= 2^63 fixed point),2400827,,15,"exact fuel from the atom: 2,400,827 iterations"
MathExtras.RS62Ladder.cR_092._native.native_decide.ax_1_1,Rs62Certificates,Rs62Certificates.RS62LadderRangeLeavesH,MathExtras.RS62Ladder.cR_092,MathExtras.RS62Ladder.loopE,linear-fold-sieve,Nat (<= 2^63 fixed point),2424462,,15,"exact fuel from the atom: 2,424,462 iterations"
MathExtras.RS62Ladder.cR_093._native.native_decide.ax_1_1,Rs62Certificates,Rs62Certificates.RS62LadderRangeLeavesH,MathExtras.RS62Ladder.cR_093,MathExtras.RS62Ladder.loopE,linear-fold-sieve,Nat (<= 2^63 fixed point),2448329,,15,"exact fuel from the atom: 2,448,329 iterations"
MathExtras.RS62Ladder.cR_094._native.native_decide.ax_1_1,Rs62Certificates,Rs62Certificates.RS62LadderRangeLeavesH,MathExtras.RS62Ladder.cR_094,MathExtras.RS62Ladder.loopE,linear-fold-sieve,Nat (<= 2^63 fixed point),2472432,,15,"exact fuel from the atom: 2,472,432 iterations"
MathExtras.RS62Ladder.cR_095._native.native_decide.ax_1_1,Rs62Certificates,Rs62Certificates.RS62LadderRangeLeavesH,MathExtras.RS62Ladder.cR_095,MathExtras.RS62Ladder.loopE,linear-fold-sieve,Nat (<= 2^63 fixed point),2496773,,15,"exact fuel from the atom: 2,496,773 iterations"
MathExtras.RS62Ladder.cR_096._native.native_decide.ax_1_1,Rs62Certificates,Rs62Certificates.RS62LadderRangeLeavesI,MathExtras.RS62Ladder.cR_096,MathExtras.RS62Ladder.loopE,linear-fold-sieve,Nat (<= 2^63 fixed point),2521352,,15,"exact fuel from the atom: 2,521,352 iterations"
MathExtras.RS62Ladder.cR_097._native.native_decide.ax_1_1,Rs62Certificates,Rs62Certificates.RS62LadderRangeLeavesI,MathExtras.RS62Ladder.cR_097,MathExtras.RS62Ladder.loopE,linear-fold-sieve,Nat (<= 2^63 fixed point),2546174,,15,"exact fuel from the atom: 2,546,174 iterations"
MathExtras.RS62Ladder.cR_098._native.native_decide.ax_1_1,Rs62Certificates,Rs62Certificates.RS62LadderRangeLeavesI,MathExtras.RS62Ladder.cR_098,MathExtras.RS62Ladder.loopE,linear-fold-sieve,Nat (<= 2^63 fixed point),2571239,,15,"exact fuel from the atom: 2,571,239 iterations"
MathExtras.RS62Ladder.cR_099._native.native_decide.ax_1_1,Rs62Certificates,Rs62Certificates.RS62LadderRangeLeavesI,MathExtras.RS62Ladder.cR_099,MathExtras.RS62Ladder.loopE,linear-fold-sieve,Nat (<= 2^63 fixed point),2596553,,15,"exact fuel from the atom: 2,596,553 iterations"
MathExtras.RS62Ladder.cR_100._native.native_decide.ax_1_1,Rs62Certificates,Rs62Certificates.RS62LadderRangeLeavesI,MathExtras.RS62Ladder.cR_100,MathExtras.RS62Ladder.loopE,linear-fold-sieve,Nat (<= 2^63 fixed point),2622115,,15,"exact fuel from the atom: 2,622,115 iterations"
MathExtras.RS62Ladder.cR_101._native.native_decide.ax_1_1,Rs62Certificates,Rs62Certificates.RS62LadderRangeLeavesI,MathExtras.RS62Ladder.cR_101,MathExtras.RS62Ladder.loopE,linear-fold-sieve,Nat (<= 2^63 fixed point),2647928,,15,"exact fuel from the atom: 2,647,928 iterations"
MathExtras.RS62Ladder.cR_102._native.native_decide.ax_1_1,Rs62Certificates,Rs62Certificates.RS62LadderRangeLeavesI,MathExtras.RS62Ladder.cR_102,MathExtras.RS62Ladder.loopE,linear-fold-sieve,Nat (<= 2^63 fixed point),2673996,,15,"exact fuel from the atom: 2,673,996 iterations"
MathExtras.RS62Ladder.cR_103._native.native_decide.ax_1_1,Rs62Certificates,Rs62Certificates.RS62LadderRangeLeavesI,MathExtras.RS62Ladder.cR_103,MathExtras.RS62Ladder.loopE,linear-fold-sieve,Nat (<= 2^63 fixed point),2700320,,15,"exact fuel from the atom: 2,700,320 iterations"
MathExtras.RS62Ladder.cR_104._native.native_decide.ax_1_1,Rs62Certificates,Rs62Certificates.RS62LadderRangeLeavesI,MathExtras.RS62Ladder.cR_104,MathExtras.RS62Ladder.loopE,linear-fold-sieve,Nat (<= 2^63 fixed point),2726904,,15,"exact fuel from the atom: 2,726,904 iterations"
MathExtras.RS62Ladder.cR_105._native.native_decide.ax_1_1,Rs62Certificates,Rs62Certificates.RS62LadderRangeLeavesI,MathExtras.RS62Ladder.cR_105,MathExtras.RS62Ladder.loopE,linear-fold-sieve,Nat (<= 2^63 fixed point),2753749,,15,"exact fuel from the atom: 2,753,749 iterations"
MathExtras.RS62Ladder.cR_106._native.native_decide.ax_1_1,Rs62Certificates,Rs62Certificates.RS62LadderRangeLeavesI,MathExtras.RS62Ladder.cR_106,MathExtras.RS62Ladder.loopE,linear-fold-sieve,Nat (<= 2^63 fixed point),2780859,,15,"exact fuel from the atom: 2,780,859 iterations"
MathExtras.RS62Ladder.cR_107._native.native_decide.ax_1_1,Rs62Certificates,Rs62Certificates.RS62LadderRangeLeavesI,MathExtras.RS62Ladder.cR_107,MathExtras.RS62Ladder.loopE,linear-fold-sieve,Nat (<= 2^63 fixed point),2808235,,15,"exact fuel from the atom: 2,808,235 iterations"
MathExtras.RS62Ladder.cR_108._native.native_decide.ax_1_1,Rs62Certificates,Rs62Certificates.RS62LadderRangeLeavesJ,MathExtras.RS62Ladder.cR_108,MathExtras.RS62Ladder.loopE,linear-fold-sieve,Nat (<= 2^63 fixed point),2835881,,15,"exact fuel from the atom: 2,835,881 iterations"
MathExtras.RS62Ladder.cR_109._native.native_decide.ax_1_1,Rs62Certificates,Rs62Certificates.RS62LadderRangeLeavesJ,MathExtras.RS62Ladder.cR_109,MathExtras.RS62Ladder.loopE,linear-fold-sieve,Nat (<= 2^63 fixed point),2863799,,15,"exact fuel from the atom: 2,863,799 iterations"
MathExtras.RS62Ladder.cR_110._native.native_decide.ax_1_1,Rs62Certificates,Rs62Certificates.RS62LadderRangeLeavesJ,MathExtras.RS62Ladder.cR_110,MathExtras.RS62Ladder.loopE,linear-fold-sieve,Nat (<= 2^63 fixed point),2891992,,15,"exact fuel from the atom: 2,891,992 iterations"
MathExtras.RS62Ladder.cR_111._native.native_decide.ax_1_1,Rs62Certificates,Rs62Certificates.RS62LadderRangeLeavesJ,MathExtras.RS62Ladder.cR_111,MathExtras.RS62Ladder.loopE,linear-fold-sieve,Nat (<= 2^63 fixed point),2920462,,15,"exact fuel from the atom: 2,920,462 iterations"
MathExtras.RS62Ladder.cR_112._native.native_decide.ax_1_1,Rs62Certificates,Rs62Certificates.RS62LadderRangeLeavesJ,MathExtras.RS62Ladder.cR_112,MathExtras.RS62Ladder.loopE,linear-fold-sieve,Nat (<= 2^63 fixed point),2949213,,15,"exact fuel from the atom: 2,949,213 iterations"
MathExtras.RS62Ladder.cR_113._native.native_decide.ax_1_1,Rs62Certificates,Rs62Certificates.RS62LadderRangeLeavesJ,MathExtras.RS62Ladder.cR_113,MathExtras.RS62Ladder.loopE,linear-fold-sieve,Nat (<= 2^63 fixed point),2978247,,15,"exact fuel from the atom: 2,978,247 iterations"
MathExtras.RS62Ladder.cR_114._native.native_decide.ax_1_1,Rs62Certificates,Rs62Certificates.RS62LadderRangeLeavesJ,MathExtras.RS62Ladder.cR_114,MathExtras.RS62Ladder.loopE,linear-fold-sieve,Nat (<= 2^63 fixed point),3007567,,15,"exact fuel from the atom: 3,007,567 iterations"
MathExtras.RS62Ladder.cR_115._native.native_decide.ax_1_1,Rs62Certificates,Rs62Certificates.RS62LadderRangeLeavesJ,MathExtras.RS62Ladder.cR_115,MathExtras.RS62Ladder.loopE,linear-fold-sieve,Nat (<= 2^63 fixed point),3037174,,15,"exact fuel from the atom: 3,037,174 iterations"
MathExtras.RS62Ladder.cR_116._native.native_decide.ax_1_1,Rs62Certificates,Rs62Certificates.RS62LadderRangeLeavesJ,MathExtras.RS62Ladder.cR_116,MathExtras.RS62Ladder.loopE,linear-fold-sieve,Nat (<= 2^63 fixed point),3067075,,15,"exact fuel from the atom: 3,067,075 iterations"
MathExtras.RS62Ladder.cR_117._native.native_decide.ax_1_1,Rs62Certificates,Rs62Certificates.RS62LadderRangeLeavesJ,MathExtras.RS62Ladder.cR_117,MathExtras.RS62Ladder.loopE,linear-fold-sieve,Nat (<= 2^63 fixed point),3097269,,15,"exact fuel from the atom: 3,097,269 iterations"
MathExtras.RS62Ladder.cR_118._native.native_decide.ax_1_1,Rs62Certificates,Rs62Certificates.RS62LadderRangeLeavesJ,MathExtras.RS62Ladder.cR_118,MathExtras.RS62Ladder.loopE,linear-fold-sieve,Nat (<= 2^63 fixed point),3127760,,15,"exact fuel from the atom: 3,127,760 iterations"
MathExtras.RS62Ladder.cR_119._native.native_decide.ax_1_1,Rs62Certificates,Rs62Certificates.RS62LadderRangeLeavesJ,MathExtras.RS62Ladder.cR_119,MathExtras.RS62Ladder.loopE,linear-fold-sieve,Nat (<= 2^63 fixed point),3158551,,15,"exact fuel from the atom: 3,158,551 iterations"
MathExtras.RS62Ladder.lr_la_lb_000._native.native_decide.ax_1_1,Rs62Certificates,Rs62Certificates.RS62LadderRangeLogLeavesA,MathExtras.RS62Ladder.lr_la_lb_000,IntervalArith.RatInterval.log_enclose_full,transcendental-enclosure,"Rat (exact, unbounded)",53,747,9,"24-term series, ~29 halving steps, argument ~9 decimal digits"
MathExtras.RS62Ladder.lr_la_lb_001._native.native_decide.ax_1_1,Rs62Certificates,Rs62Certificates.RS62LadderRangeLogLeavesA,MathExtras.RS62Ladder.lr_la_lb_001,IntervalArith.RatInterval.log_enclose_full,transcendental-enclosure,"Rat (exact, unbounded)",53,747,9,"24-term series, ~29 halving steps, argument ~9 decimal digits"
MathExtras.RS62Ladder.lr_la_lb_002._native.native_decide.ax_1_1,Rs62Certificates,Rs62Certificates.RS62LadderRangeLogLeavesA,MathExtras.RS62Ladder.lr_la_lb_002,IntervalArith.RatInterval.log_enclose_full,transcendental-enclosure,"Rat (exact, unbounded)",53,747,9,"24-term series, ~29 halving steps, argument ~9 decimal digits"
MathExtras.RS62Ladder.lr_la_lb_003._native.native_decide.ax_1_1,Rs62Certificates,Rs62Certificates.RS62LadderRangeLogLeavesA,MathExtras.RS62Ladder.lr_la_lb_003,IntervalArith.RatInterval.log_enclose_full,transcendental-enclosure,"Rat (exact, unbounded)",53,747,9,"24-term series, ~29 halving steps, argument ~9 decimal digits"
MathExtras.RS62Ladder.lr_la_lb_004._native.native_decide.ax_1_1,Rs62Certificates,Rs62Certificates.RS62LadderRangeLogLeavesA,MathExtras.RS62Ladder.lr_la_lb_004,IntervalArith.RatInterval.log_enclose_full,transcendental-enclosure,"Rat (exact, unbounded)",57,830,10,"24-term series, ~33 halving steps, argument ~10 decimal digits"
MathExtras.RS62Ladder.lr_la_lb_005._native.native_decide.ax_1_1,Rs62Certificates,Rs62Certificates.RS62LadderRangeLogLeavesA,MathExtras.RS62Ladder.lr_la_lb_005,IntervalArith.RatInterval.log_enclose_full,transcendental-enclosure,"Rat (exact, unbounded)",57,830,10,"24-term series, ~33 halving steps, argument ~10 decimal digits"
MathExtras.RS62Ladder.lr_la_lb_006._native.native_decide.ax_1_1,Rs62Certificates,Rs62Certificates.RS62LadderRangeLogLeavesA,MathExtras.RS62Ladder.lr_la_lb_006,IntervalArith.RatInterval.log_enclose_full,transcendental-enclosure,"Rat (exact, unbounded)",53,747,9,"24-term series, ~29 halving steps, argument ~9 decimal digits"
MathExtras.RS62Ladder.lr_la_lb_007._native.native_decide.ax_1_1,Rs62Certificates,Rs62Certificates.RS62LadderRangeLogLeavesA,MathExtras.RS62Ladder.lr_la_lb_007,IntervalArith.RatInterval.log_enclose_full,transcendental-enclosure,"Rat (exact, unbounded)",57,830,10,"24-term series, ~33 halving steps, argument ~10 decimal digits"
MathExtras.RS62Ladder.lr_la_lb_008._native.native_decide.ax_1_1,Rs62Certificates,Rs62Certificates.RS62LadderRangeLogLeavesA,MathExtras.RS62Ladder.lr_la_lb_008,IntervalArith.RatInterval.log_enclose_full,transcendental-enclosure,"Rat (exact, unbounded)",57,830,10,"24-term series, ~33 halving steps, argument ~10 decimal digits"
MathExtras.RS62Ladder.lr_la_lb_009._native.native_decide.ax_1_1,Rs62Certificates,Rs62Certificates.RS62LadderRangeLogLeavesA,MathExtras.RS62Ladder.lr_la_lb_009,IntervalArith.RatInterval.log_enclose_full,transcendental-enclosure,"Rat (exact, unbounded)",53,747,9,"24-term series, ~29 halving steps, argument ~9 decimal digits"
MathExtras.RS62Ladder.lr_la_lb_010._native.native_decide.ax_1_1,Rs62Certificates,Rs62Certificates.RS62LadderRangeLogLeavesA,MathExtras.RS62Ladder.lr_la_lb_010,IntervalArith.RatInterval.log_enclose_full,transcendental-enclosure,"Rat (exact, unbounded)",53,747,9,"24-term series, ~29 halving steps, argument ~9 decimal digits"
MathExtras.RS62Ladder.lr_la_lb_011._native.native_decide.ax_1_1,Rs62Certificates,Rs62Certificates.RS62LadderRangeLogLeavesA,MathExtras.RS62Ladder.lr_la_lb_011,IntervalArith.RatInterval.log_enclose_full,transcendental-enclosure,"Rat (exact, unbounded)",57,830,10,"24-term series, ~33 halving steps, argument ~10 decimal digits"
MathExtras.RS62Ladder.lr_la_lb_012._native.native_decide.ax_1_1,Rs62Certificates,Rs62Certificates.RS62LadderRangeLogLeavesA,MathExtras.RS62Ladder.lr_la_lb_012,IntervalArith.RatInterval.log_enclose_full,transcendental-enclosure,"Rat (exact, unbounded)",57,830,10,"24-term series, ~33 halving steps, argument ~10 decimal digits"
MathExtras.RS62Ladder.lr_la_lb_013._native.native_decide.ax_1_1,Rs62Certificates,Rs62Certificates.RS62LadderRangeLogLeavesA,MathExtras.RS62Ladder.lr_la_lb_013,IntervalArith.RatInterval.log_enclose_full,transcendental-enclosure,"Rat (exact, unbounded)",53,747,9,"24-term series, ~29 halving steps, argument ~9 decimal digits"
MathExtras.RS62Ladder.lr_la_lb_014._native.native_decide.ax_1_1,Rs62Certificates,Rs62Certificates.RS62LadderRangeLogLeavesA,MathExtras.RS62Ladder.lr_la_lb_014,IntervalArith.RatInterval.log_enclose_full,transcendental-enclosure,"Rat (exact, unbounded)",53,747,9,"24-term series, ~29 halving steps, argument ~9 decimal digits"
MathExtras.RS62Ladder.lr_la_lb_015._native.native_decide.ax_1_1,Rs62Certificates,Rs62Certificates.RS62LadderRangeLogLeavesA,MathExtras.RS62Ladder.lr_la_lb_015,IntervalArith.RatInterval.log_enclose_full,transcendental-enclosure,"Rat (exact, unbounded)",57,830,10,"24-term series, ~33 halving steps, argument ~10 decimal digits"
MathExtras.RS62Ladder.lr_la_lb_016._native.native_decide.ax_1_1,Rs62Certificates,Rs62Certificates.RS62LadderRangeLogLeavesA,MathExtras.RS62Ladder.lr_la_lb_016,IntervalArith.RatInterval.log_enclose_full,transcendental-enclosure,"Rat (exact, unbounded)",53,747,9,"24-term series, ~29 halving steps, argument ~9 decimal digits"
MathExtras.RS62Ladder.lr_la_lb_017._native.native_decide.ax_1_1,Rs62Certificates,Rs62Certificates.RS62LadderRangeLogLeavesA,MathExtras.RS62Ladder.lr_la_lb_017,IntervalArith.RatInterval.log_enclose_full,transcendental-enclosure,"Rat (exact, unbounded)",53,747,9,"24-term series, ~29 halving steps, argument ~9 decimal digits"
MathExtras.RS62Ladder.lr_la_lb_018._native.native_decide.ax_1_1,Rs62Certificates,Rs62Certificates.RS62LadderRangeLogLeavesA,MathExtras.RS62Ladder.lr_la_lb_018,IntervalArith.RatInterval.log_enclose_full,transcendental-enclosure,"Rat (exact, unbounded)",57,830,10,"24-term series, ~33 halving steps, argument ~10 decimal digits"
MathExtras.RS62Ladder.lr_la_lb_019._native.native_decide.ax_1_1,Rs62Certificates,Rs62Certificates.RS62LadderRangeLogLeavesA,MathExtras.RS62Ladder.lr_la_lb_019,IntervalArith.RatInterval.log_enclose_full,transcendental-enclosure,"Rat (exact, unbounded)",53,747,9,"24-term series, ~29 halving steps, argument ~9 decimal digits"
MathExtras.RS62Ladder.lr_la_lb_020._native.native_decide.ax_1_1,Rs62Certificates,Rs62Certificates.RS62LadderRangeLogLeavesA,MathExtras.RS62Ladder.lr_la_lb_020,IntervalArith.RatInterval.log_enclose_full,transcendental-enclosure,"Rat (exact, unbounded)",53,747,9,"24-term series, ~29 halving steps, argument ~9 decimal digits"
MathExtras.RS62Ladder.lr_la_lb_021._native.native_decide.ax_1_1,Rs62Certificates,Rs62Certificates.RS62LadderRangeLogLeavesA,MathExtras.RS62Ladder.lr_la_lb_021,IntervalArith.RatInterval.log_enclose_full,transcendental-enclosure,"Rat (exact, unbounded)",53,747,9,"24-term series, ~29 halving steps, argument ~9 decimal digits"
MathExtras.RS62Ladder.lr_la_lb_022._native.native_decide.ax_1_1,Rs62Certificates,Rs62Certificates.RS62LadderRangeLogLeavesA,MathExtras.RS62Ladder.lr_la_lb_022,IntervalArith.RatInterval.log_enclose_full,transcendental-enclosure,"Rat (exact, unbounded)",53,747,9,"24-term series, ~29 halving steps, argument ~9 decimal digits"
MathExtras.RS62Ladder.lr_la_lb_023._native.native_decide.ax_1_1,Rs62Certificates,Rs62Certificates.RS62LadderRangeLogLeavesA,MathExtras.RS62Ladder.lr_la_lb_023,IntervalArith.RatInterval.log_enclose_full,transcendental-enclosure,"Rat (exact, unbounded)",53,747,9,"24-term series, ~29 halving steps, argument ~9 decimal digits"
MathExtras.RS62Ladder.lr_la_lb_024._native.native_decide.ax_1_1,Rs62Certificates,Rs62Certificates.RS62LadderRangeLogLeavesA,MathExtras.RS62Ladder.lr_la_lb_024,IntervalArith.RatInterval.log_enclose_full,transcendental-enclosure,"Rat (exact, unbounded)",57,830,10,"24-term series, ~33 halving steps, argument ~10 decimal digits"
MathExtras.RS62Ladder.lr_la_lb_025._native.native_decide.ax_1_1,Rs62Certificates,Rs62Certificates.RS62LadderRangeLogLeavesA,MathExtras.RS62Ladder.lr_la_lb_025,IntervalArith.RatInterval.log_enclose_full,transcendental-enclosure,"Rat (exact, unbounded)",57,830,10,"24-term series, ~33 halving steps, argument ~10 decimal digits"
MathExtras.RS62Ladder.lr_la_lb_026._native.native_decide.ax_1_1,Rs62Certificates,Rs62Certificates.RS62LadderRangeLogLeavesA,MathExtras.RS62Ladder.lr_la_lb_026,IntervalArith.RatInterval.log_enclose_full,transcendental-enclosure,"Rat (exact, unbounded)",57,830,10,"24-term series, ~33 halving steps, argument ~10 decimal digits"
MathExtras.RS62Ladder.lr_la_lb_027._native.native_decide.ax_1_1,Rs62Certificates,Rs62Certificates.RS62LadderRangeLogLeavesA,MathExtras.RS62Ladder.lr_la_lb_027,IntervalArith.RatInterval.log_enclose_full,transcendental-enclosure,"Rat (exact, unbounded)",53,747,9,"24-term series, ~29 halving steps, argument ~9 decimal digits"
MathExtras.RS62Ladder.lr_la_lb_028._native.native_decide.ax_1_1,Rs62Certificates,Rs62Certificates.RS62LadderRangeLogLeavesA,MathExtras.RS62Ladder.lr_la_lb_028,IntervalArith.RatInterval.log_enclose_full,transcendental-enclosure,"Rat (exact, unbounded)",57,830,10,"24-term series, ~33 halving steps, argument ~10 decimal digits"
MathExtras.RS62Ladder.lr_la_lb_029._native.native_decide.ax_1_1,Rs62Certificates,Rs62Certificates.RS62LadderRangeLogLeavesA,MathExtras.RS62Ladder.lr_la_lb_029,IntervalArith.RatInterval.log_enclose_full,transcendental-enclosure,"Rat (exact, unbounded)",57,830,10,"24-term series, ~33 halving steps, argument ~10 decimal digits"
MathExtras.RS62Ladder.lr_la_lb_030._native.native_decide.ax_1_1,Rs62Certificates,Rs62Certificates.RS62LadderRangeLogLeavesA,MathExtras.RS62Ladder.lr_la_lb_030,IntervalArith.RatInterval.log_enclose_full,transcendental-enclosure,"Rat (exact, unbounded)",57,830,10,"24-term series, ~33 halving steps, argument ~10 decimal digits"
MathExtras.RS62Ladder.lr_la_lb_031._native.native_decide.ax_1_1,Rs62Certificates,Rs62Certificates.RS62LadderRangeLogLeavesB,MathExtras.RS62Ladder.lr_la_lb_031,IntervalArith.RatInterval.log_enclose_full,transcendental-enclosure,"Rat (exact, unbounded)",53,747,9,"24-term series, ~29 halving steps, argument ~9 decimal digits"
MathExtras.RS62Ladder.lr_la_lb_032._native.native_decide.ax_1_1,Rs62Certificates,Rs62Certificates.RS62LadderRangeLogLeavesB,MathExtras.RS62Ladder.lr_la_lb_032,IntervalArith.RatInterval.log_enclose_full,transcendental-enclosure,"Rat (exact, unbounded)",53,747,9,"24-term series, ~29 halving steps, argument ~9 decimal digits"
MathExtras.RS62Ladder.lr_la_lb_033._native.native_decide.ax_1_1,Rs62Certificates,Rs62Certificates.RS62LadderRangeLogLeavesB,MathExtras.RS62Ladder.lr_la_lb_033,IntervalArith.RatInterval.log_enclose_full,transcendental-enclosure,"Rat (exact, unbounded)",53,747,9,"24-term series, ~29 halving steps, argument ~9 decimal digits"
MathExtras.RS62Ladder.lr_la_lb_034._native.native_decide.ax_1_1,Rs62Certificates,Rs62Certificates.RS62LadderRangeLogLeavesB,MathExtras.RS62Ladder.lr_la_lb_034,IntervalArith.RatInterval.log_enclose_full,transcendental-enclosure,"Rat (exact, unbounded)",53,747,9,"24-term series, ~29 halving steps, argument ~9 decimal digits"
MathExtras.RS62Ladder.lr_la_lb_035._native.native_decide.ax_1_1,Rs62Certificates,Rs62Certificates.RS62LadderRangeLogLeavesB,MathExtras.RS62Ladder.lr_la_lb_035,IntervalArith.RatInterval.log_enclose_full,transcendental-enclosure,"Rat (exact, unbounded)",53,747,9,"24-term series, ~29 halving steps, argument ~9 decimal digits"
MathExtras.RS62Ladder.lr_la_lb_036._native.native_decide.ax_1_1,Rs62Certificates,Rs62Certificates.RS62LadderRangeLogLeavesB,MathExtras.RS62Ladder.lr_la_lb_036,IntervalArith.RatInterval.log_enclose_full,transcendental-enclosure,"Rat (exact, unbounded)",53,747,9,"24-term series, ~29 halving steps, argument ~9 decimal digits"
MathExtras.RS62Ladder.lr_la_lb_037._native.native_decide.ax_1_1,Rs62Certificates,Rs62Certificates.RS62LadderRangeLogLeavesB,MathExtras.RS62Ladder.lr_la_lb_037,IntervalArith.RatInterval.log_enclose_full,transcendental-enclosure,"Rat (exact, unbounded)",57,830,10,"24-term series, ~33 halving steps, argument ~10 decimal digits"
MathExtras.RS62Ladder.lr_la_lb_038._native.native_decide.ax_1_1,Rs62Certificates,Rs62Certificates.RS62LadderRangeLogLeavesB,MathExtras.RS62Ladder.lr_la_lb_038,IntervalArith.RatInterval.log_enclose_full,transcendental-enclosure,"Rat (exact, unbounded)",53,747,9,"24-term series, ~29 halving steps, argument ~9 decimal digits"
MathExtras.RS62Ladder.lr_la_lb_039._native.native_decide.ax_1_1,Rs62Certificates,Rs62Certificates.RS62LadderRangeLogLeavesB,MathExtras.RS62Ladder.lr_la_lb_039,IntervalArith.RatInterval.log_enclose_full,transcendental-enclosure,"Rat (exact, unbounded)",53,747,9,"24-term series, ~29 halving steps, argument ~9 decimal digits"
MathExtras.RS62Ladder.lr_la_lb_040._native.native_decide.ax_1_1,Rs62Certificates,Rs62Certificates.RS62LadderRangeLogLeavesB,MathExtras.RS62Ladder.lr_la_lb_040,IntervalArith.RatInterval.log_enclose_full,transcendental-enclosure,"Rat (exact, unbounded)",53,747,9,"24-term series, ~29 halving steps, argument ~9 decimal digits"
MathExtras.RS62Ladder.lr_la_lb_041._native.native_decide.ax_1_1,Rs62Certificates,Rs62Certificates.RS62LadderRangeLogLeavesB,MathExtras.RS62Ladder.lr_la_lb_041,IntervalArith.RatInterval.log_enclose_full,transcendental-enclosure,"Rat (exact, unbounded)",53,747,9,"24-term series, ~29 halving steps, argument ~9 decimal digits"
MathExtras.RS62Ladder.lr_la_lb_042._native.native_decide.ax_1_1,Rs62Certificates,Rs62Certificates.RS62LadderRangeLogLeavesB,MathExtras.RS62Ladder.lr_la_lb_042,IntervalArith.RatInterval.log_enclose_full,transcendental-enclosure,"Rat (exact, unbounded)",53,747,9,"24-term series, ~29 halving steps, argument ~9 decimal digits"
MathExtras.RS62Ladder.lr_la_lb_043._native.native_decide.ax_1_1,Rs62Certificates,Rs62Certificates.RS62LadderRangeLogLeavesB,MathExtras.RS62Ladder.lr_la_lb_043,IntervalArith.RatInterval.log_enclose_full,transcendental-enclosure,"Rat (exact, unbounded)",53,747,9,"24-term series, ~29 halving steps, argument ~9 decimal digits"
MathExtras.RS62Ladder.lr_la_lb_044._native.native_decide.ax_1_1,Rs62Certificates,Rs62Certificates.RS62LadderRangeLogLeavesB,MathExtras.RS62Ladder.lr_la_lb_044,IntervalArith.RatInterval.log_enclose_full,transcendental-enclosure,"Rat (exact, unbounded)",57,830,10,"24-term series, ~33 halving steps, argument ~10 decimal digits"
MathExtras.RS62Ladder.lr_la_lb_045._native.native_decide.ax_1_1,Rs62Certificates,Rs62Certificates.RS62LadderRangeLogLeavesB,MathExtras.RS62Ladder.lr_la_lb_045,IntervalArith.RatInterval.log_enclose_full,transcendental-enclosure,"Rat (exact, unbounded)",53,747,9,"24-term series, ~29 halving steps, argument ~9 decimal digits"
MathExtras.RS62Ladder.lr_la_lb_046._native.native_decide.ax_1_1,Rs62Certificates,Rs62Certificates.RS62LadderRangeLogLeavesB,MathExtras.RS62Ladder.lr_la_lb_046,IntervalArith.RatInterval.log_enclose_full,transcendental-enclosure,"Rat (exact, unbounded)",53,747,9,"24-term series, ~29 halving steps, argument ~9 decimal digits"
MathExtras.RS62Ladder.lr_la_lb_047._native.native_decide.ax_1_1,Rs62Certificates,Rs62Certificates.RS62LadderRangeLogLeavesB,MathExtras.RS62Ladder.lr_la_lb_047,IntervalArith.RatInterval.log_enclose_full,transcendental-enclosure,"Rat (exact, unbounded)",57,830,10,"24-term series, ~33 halving steps, argument ~10 decimal digits"
MathExtras.RS62Ladder.lr_la_lb_048._native.native_decide.ax_1_1,Rs62Certificates,Rs62Certificates.RS62LadderRangeLogLeavesB,MathExtras.RS62Ladder.lr_la_lb_048,IntervalArith.RatInterval.log_enclose_full,transcendental-enclosure,"Rat (exact, unbounded)",53,747,9,"24-term series, ~29 halving steps, argument ~9 decimal digits"
MathExtras.RS62Ladder.lr_la_lb_049._native.native_decide.ax_1_1,Rs62Certificates,Rs62Certificates.RS62LadderRangeLogLeavesB,MathExtras.RS62Ladder.lr_la_lb_049,IntervalArith.RatInterval.log_enclose_full,transcendental-enclosure,"Rat (exact, unbounded)",57,830,10,"24-term series, ~33 halving steps, argument ~10 decimal digits"
MathExtras.RS62Ladder.lr_la_lb_050._native.native_decide.ax_1_1,Rs62Certificates,Rs62Certificates.RS62LadderRangeLogLeavesB,MathExtras.RS62Ladder.lr_la_lb_050,IntervalArith.RatInterval.log_enclose_full,transcendental-enclosure,"Rat (exact, unbounded)",57,830,10,"24-term series, ~33 halving steps, argument ~10 decimal digits"
MathExtras.RS62Ladder.lr_la_lb_051._native.native_decide.ax_1_1,Rs62Certificates,Rs62Certificates.RS62LadderRangeLogLeavesB,MathExtras.RS62Ladder.lr_la_lb_051,IntervalArith.RatInterval.log_enclose_full,transcendental-enclosure,"Rat (exact, unbounded)",53,747,9,"24-term series, ~29 halving steps, argument ~9 decimal digits"
MathExtras.RS62Ladder.lr_la_lb_052._native.native_decide.ax_1_1,Rs62Certificates,Rs62Certificates.RS62LadderRangeLogLeavesB,MathExtras.RS62Ladder.lr_la_lb_052,IntervalArith.RatInterval.log_enclose_full,transcendental-enclosure,"Rat (exact, unbounded)",53,747,9,"24-term series, ~29 halving steps, argument ~9 decimal digits"
MathExtras.RS62Ladder.lr_la_lb_053._native.native_decide.ax_1_1,Rs62Certificates,Rs62Certificates.RS62LadderRangeLogLeavesB,MathExtras.RS62Ladder.lr_la_lb_053,IntervalArith.RatInterval.log_enclose_full,transcendental-enclosure,"Rat (exact, unbounded)",57,830,10,"24-term series, ~33 halving steps, argument ~10 decimal digits"
MathExtras.RS62Ladder.lr_la_lb_054._native.native_decide.ax_1_1,Rs62Certificates,Rs62Certificates.RS62LadderRangeLogLeavesB,MathExtras.RS62Ladder.lr_la_lb_054,IntervalArith.RatInterval.log_enclose_full,transcendental-enclosure,"Rat (exact, unbounded)",57,830,10,"24-term series, ~33 halving steps, argument ~10 decimal digits"
MathExtras.RS62Ladder.lr_la_lb_055._native.native_decide.ax_1_1,Rs62Certificates,Rs62Certificates.RS62LadderRangeLogLeavesB,MathExtras.RS62Ladder.lr_la_lb_055,IntervalArith.RatInterval.log_enclose_full,transcendental-enclosure,"Rat (exact, unbounded)",57,830,10,"24-term series, ~33 halving steps, argument ~10 decimal digits"
MathExtras.RS62Ladder.lr_la_lb_056._native.native_decide.ax_1_1,Rs62Certificates,Rs62Certificates.RS62LadderRangeLogLeavesB,MathExtras.RS62Ladder.lr_la_lb_056,IntervalArith.RatInterval.log_enclose_full,transcendental-enclosure,"Rat (exact, unbounded)",53,747,9,"24-term series, ~29 halving steps, argument ~9 decimal digits"
MathExtras.RS62Ladder.lr_la_lb_057._native.native_decide.ax_1_1,Rs62Certificates,Rs62Certificates.RS62LadderRangeLogLeavesB,MathExtras.RS62Ladder.lr_la_lb_057,IntervalArith.RatInterval.log_enclose_full,transcendental-enclosure,"Rat (exact, unbounded)",57,830,10,"24-term series, ~33 halving steps, argument ~10 decimal digits"
MathExtras.RS62Ladder.lr_la_lb_058._native.native_decide.ax_1_1,Rs62Certificates,Rs62Certificates.RS62LadderRangeLogLeavesB,MathExtras.RS62Ladder.lr_la_lb_058,IntervalArith.RatInterval.log_enclose_full,transcendental-enclosure,"Rat (exact, unbounded)",53,747,9,"24-term series, ~29 halving steps, argument ~9 decimal digits"
MathExtras.RS62Ladder.lr_la_lb_059._native.native_decide.ax_1_1,Rs62Certificates,Rs62Certificates.RS62LadderRangeLogLeavesB,MathExtras.RS62Ladder.lr_la_lb_059,IntervalArith.RatInterval.log_enclose_full,transcendental-enclosure,"Rat (exact, unbounded)",57,830,10,"24-term series, ~33 halving steps, argument ~10 decimal digits"
MathExtras.RS62Ladder.lr_la_lb_060._native.native_decide.ax_1_1,Rs62Certificates,Rs62Certificates.RS62LadderRangeLogLeavesB,MathExtras.RS62Ladder.lr_la_lb_060,IntervalArith.RatInterval.log_enclose_full,transcendental-enclosure,"Rat (exact, unbounded)",53,747,9,"24-term series, ~29 halving steps, argument ~9 decimal digits"
MathExtras.RS62Ladder.lr_la_lb_061._native.native_decide.ax_1_1,Rs62Certificates,Rs62Certificates.RS62LadderRangeLogLeavesB,MathExtras.RS62Ladder.lr_la_lb_061,IntervalArith.RatInterval.log_enclose_full,transcendental-enclosure,"Rat (exact, unbounded)",53,747,9,"24-term series, ~29 halving steps, argument ~9 decimal digits"
MathExtras.RS62Ladder.lr_la_lb_062._native.native_decide.ax_1_1,Rs62Certificates,Rs62Certificates.RS62LadderRangeLogLeavesC,MathExtras.RS62Ladder.lr_la_lb_062,IntervalArith.RatInterval.log_enclose_full,transcendental-enclosure,"Rat (exact, unbounded)",57,830,10,"24-term series, ~33 halving steps, argument ~10 decimal digits"
MathExtras.RS62Ladder.lr_la_lb_063._native.native_decide.ax_1_1,Rs62Certificates,Rs62Certificates.RS62LadderRangeLogLeavesC,MathExtras.RS62Ladder.lr_la_lb_063,IntervalArith.RatInterval.log_enclose_full,transcendental-enclosure,"Rat (exact, unbounded)",53,747,9,"24-term series, ~29 halving steps, argument ~9 decimal digits"
MathExtras.RS62Ladder.lr_la_lb_064._native.native_decide.ax_1_1,Rs62Certificates,Rs62Certificates.RS62LadderRangeLogLeavesC,MathExtras.RS62Ladder.lr_la_lb_064,IntervalArith.RatInterval.log_enclose_full,transcendental-enclosure,"Rat (exact, unbounded)",57,830,10,"24-term series, ~33 halving steps, argument ~10 decimal digits"
MathExtras.RS62Ladder.lr_la_lb_065._native.native_decide.ax_1_1,Rs62Certificates,Rs62Certificates.RS62LadderRangeLogLeavesC,MathExtras.RS62Ladder.lr_la_lb_065,IntervalArith.RatInterval.log_enclose_full,transcendental-enclosure,"Rat (exact, unbounded)",57,830,10,"24-term series, ~33 halving steps, argument ~10 decimal digits"
MathExtras.RS62Ladder.lr_la_lb_066._native.native_decide.ax_1_1,Rs62Certificates,Rs62Certificates.RS62LadderRangeLogLeavesC,MathExtras.RS62Ladder.lr_la_lb_066,IntervalArith.RatInterval.log_enclose_full,transcendental-enclosure,"Rat (exact, unbounded)",53,747,9,"24-term series, ~29 halving steps, argument ~9 decimal digits"
MathExtras.RS62Ladder.lr_la_lb_067._native.native_decide.ax_1_1,Rs62Certificates,Rs62Certificates.RS62LadderRangeLogLeavesC,MathExtras.RS62Ladder.lr_la_lb_067,IntervalArith.RatInterval.log_enclose_full,transcendental-enclosure,"Rat (exact, unbounded)",53,747,9,"24-term series, ~29 halving steps, argument ~9 decimal digits"
MathExtras.RS62Ladder.lr_la_lb_068._native.native_decide.ax_1_1,Rs62Certificates,Rs62Certificates.RS62LadderRangeLogLeavesC,MathExtras.RS62Ladder.lr_la_lb_068,IntervalArith.RatInterval.log_enclose_full,transcendental-enclosure,"Rat (exact, unbounded)",57,830,10,"24-term series, ~33 halving steps, argument ~10 decimal digits"
MathExtras.RS62Ladder.lr_la_lb_069._native.native_decide.ax_1_1,Rs62Certificates,Rs62Certificates.RS62LadderRangeLogLeavesC,MathExtras.RS62Ladder.lr_la_lb_069,IntervalArith.RatInterval.log_enclose_full,transcendental-enclosure,"Rat (exact, unbounded)",53,747,9,"24-term series, ~29 halving steps, argument ~9 decimal digits"
MathExtras.RS62Ladder.lr_la_lb_070._native.native_decide.ax_1_1,Rs62Certificates,Rs62Certificates.RS62LadderRangeLogLeavesC,MathExtras.RS62Ladder.lr_la_lb_070,IntervalArith.RatInterval.log_enclose_full,transcendental-enclosure,"Rat (exact, unbounded)",57,830,10,"24-term series, ~33 halving steps, argument ~10 decimal digits"
MathExtras.RS62Ladder.lr_la_lb_071._native.native_decide.ax_1_1,Rs62Certificates,Rs62Certificates.RS62LadderRangeLogLeavesC,MathExtras.RS62Ladder.lr_la_lb_071,IntervalArith.RatInterval.log_enclose_full,transcendental-enclosure,"Rat (exact, unbounded)",57,830,10,"24-term series, ~33 halving steps, argument ~10 decimal digits"
MathExtras.RS62Ladder.lr_la_lb_072._native.native_decide.ax_1_1,Rs62Certificates,Rs62Certificates.RS62LadderRangeLogLeavesC,MathExtras.RS62Ladder.lr_la_lb_072,IntervalArith.RatInterval.log_enclose_full,transcendental-enclosure,"Rat (exact, unbounded)",53,747,9,"24-term series, ~29 halving steps, argument ~9 decimal digits"
MathExtras.RS62Ladder.lr_la_lb_073._native.native_decide.ax_1_1,Rs62Certificates,Rs62Certificates.RS62LadderRangeLogLeavesC,MathExtras.RS62Ladder.lr_la_lb_073,IntervalArith.RatInterval.log_enclose_full,transcendental-enclosure,"Rat (exact, unbounded)",53,747,9,"24-term series, ~29 halving steps, argument ~9 decimal digits"
MathExtras.RS62Ladder.lr_la_lb_074._native.native_decide.ax_1_1,Rs62Certificates,Rs62Certificates.RS62LadderRangeLogLeavesC,MathExtras.RS62Ladder.lr_la_lb_074,IntervalArith.RatInterval.log_enclose_full,transcendental-enclosure,"Rat (exact, unbounded)",57,830,10,"24-term series, ~33 halving steps, argument ~10 decimal digits"
MathExtras.RS62Ladder.lr_la_lb_075._native.native_decide.ax_1_1,Rs62Certificates,Rs62Certificates.RS62LadderRangeLogLeavesC,MathExtras.RS62Ladder.lr_la_lb_075,IntervalArith.RatInterval.log_enclose_full,transcendental-enclosure,"Rat (exact, unbounded)",53,747,9,"24-term series, ~29 halving steps, argument ~9 decimal digits"
MathExtras.RS62Ladder.lr_la_lb_076._native.native_decide.ax_1_1,Rs62Certificates,Rs62Certificates.RS62LadderRangeLogLeavesC,MathExtras.RS62Ladder.lr_la_lb_076,IntervalArith.RatInterval.log_enclose_full,transcendental-enclosure,"Rat (exact, unbounded)",57,830,10,"24-term series, ~33 halving steps, argument ~10 decimal digits"
MathExtras.RS62Ladder.lr_la_lb_077._native.native_decide.ax_1_1,Rs62Certificates,Rs62Certificates.RS62LadderRangeLogLeavesC,MathExtras.RS62Ladder.lr_la_lb_077,IntervalArith.RatInterval.log_enclose_full,transcendental-enclosure,"Rat (exact, unbounded)",53,747,9,"24-term series, ~29 halving steps, argument ~9 decimal digits"
MathExtras.RS62Ladder.lr_la_lb_078._native.native_decide.ax_1_1,Rs62Certificates,Rs62Certificates.RS62LadderRangeLogLeavesC,MathExtras.RS62Ladder.lr_la_lb_078,IntervalArith.RatInterval.log_enclose_full,transcendental-enclosure,"Rat (exact, unbounded)",57,830,10,"24-term series, ~33 halving steps, argument ~10 decimal digits"
MathExtras.RS62Ladder.lr_la_lb_079._native.native_decide.ax_1_1,Rs62Certificates,Rs62Certificates.RS62LadderRangeLogLeavesC,MathExtras.RS62Ladder.lr_la_lb_079,IntervalArith.RatInterval.log_enclose_full,transcendental-enclosure,"Rat (exact, unbounded)",57,830,10,"24-term series, ~33 halving steps, argument ~10 decimal digits"
MathExtras.RS62Ladder.lr_la_lb_080._native.native_decide.ax_1_1,Rs62Certificates,Rs62Certificates.RS62LadderRangeLogLeavesC,MathExtras.RS62Ladder.lr_la_lb_080,IntervalArith.RatInterval.log_enclose_full,transcendental-enclosure,"Rat (exact, unbounded)",57,830,10,"24-term series, ~33 halving steps, argument ~10 decimal digits"
MathExtras.RS62Ladder.lr_la_lb_081._native.native_decide.ax_1_1,Rs62Certificates,Rs62Certificates.RS62LadderRangeLogLeavesC,MathExtras.RS62Ladder.lr_la_lb_081,IntervalArith.RatInterval.log_enclose_full,transcendental-enclosure,"Rat (exact, unbounded)",53,747,9,"24-term series, ~29 halving steps, argument ~9 decimal digits"
MathExtras.RS62Ladder.lr_la_lb_082._native.native_decide.ax_1_1,Rs62Certificates,Rs62Certificates.RS62LadderRangeLogLeavesC,MathExtras.RS62Ladder.lr_la_lb_082,IntervalArith.RatInterval.log_enclose_full,transcendental-enclosure,"Rat (exact, unbounded)",53,747,9,"24-term series, ~29 halving steps, argument ~9 decimal digits"
MathExtras.RS62Ladder.lr_la_lb_083._native.native_decide.ax_1_1,Rs62Certificates,Rs62Certificates.RS62LadderRangeLogLeavesC,MathExtras.RS62Ladder.lr_la_lb_083,IntervalArith.RatInterval.log_enclose_full,transcendental-enclosure,"Rat (exact, unbounded)",57,830,10,"24-term series, ~33 halving steps, argument ~10 decimal digits"
MathExtras.RS62Ladder.lr_la_lb_084._native.native_decide.ax_1_1,Rs62Certificates,Rs62Certificates.RS62LadderRangeLogLeavesC,MathExtras.RS62Ladder.lr_la_lb_084,IntervalArith.RatInterval.log_enclose_full,transcendental-enclosure,"Rat (exact, unbounded)",57,830,10,"24-term series, ~33 halving steps, argument ~10 decimal digits"
MathExtras.RS62Ladder.lr_la_lb_085._native.native_decide.ax_1_1,Rs62Certificates,Rs62Certificates.RS62LadderRangeLogLeavesC,MathExtras.RS62Ladder.lr_la_lb_085,IntervalArith.RatInterval.log_enclose_full,transcendental-enclosure,"Rat (exact, unbounded)",53,747,9,"24-term series, ~29 halving steps, argument ~9 decimal digits"
MathExtras.RS62Ladder.lr_la_lb_086._native.native_decide.ax_1_1,Rs62Certificates,Rs62Certificates.RS62LadderRangeLogLeavesC,MathExtras.RS62Ladder.lr_la_lb_086,IntervalArith.RatInterval.log_enclose_full,transcendental-enclosure,"Rat (exact, unbounded)",57,830,10,"24-term series, ~33 halving steps, argument ~10 decimal digits"
MathExtras.RS62Ladder.lr_la_lb_087._native.native_decide.ax_1_1,Rs62Certificates,Rs62Certificates.RS62LadderRangeLogLeavesC,MathExtras.RS62Ladder.lr_la_lb_087,IntervalArith.RatInterval.log_enclose_full,transcendental-enclosure,"Rat (exact, unbounded)",53,747,9,"24-term series, ~29 halving steps, argument ~9 decimal digits"
MathExtras.RS62Ladder.lr_la_lb_088._native.native_decide.ax_1_1,Rs62Certificates,Rs62Certificates.RS62LadderRangeLogLeavesC,MathExtras.RS62Ladder.lr_la_lb_088,IntervalArith.RatInterval.log_enclose_full,transcendental-enclosure,"Rat (exact, unbounded)",57,830,10,"24-term series, ~33 halving steps, argument ~10 decimal digits"
MathExtras.RS62Ladder.lr_la_lb_089._native.native_decide.ax_1_1,Rs62Certificates,Rs62Certificates.RS62LadderRangeLogLeavesC,MathExtras.RS62Ladder.lr_la_lb_089,IntervalArith.RatInterval.log_enclose_full,transcendental-enclosure,"Rat (exact, unbounded)",53,747,9,"24-term series, ~29 halving steps, argument ~9 decimal digits"
MathExtras.RS62Ladder.lr_la_lb_090._native.native_decide.ax_1_1,Rs62Certificates,Rs62Certificates.RS62LadderRangeLogLeavesC,MathExtras.RS62Ladder.lr_la_lb_090,IntervalArith.RatInterval.log_enclose_full,transcendental-enclosure,"Rat (exact, unbounded)",53,747,9,"24-term series, ~29 halving steps, argument ~9 decimal digits"
MathExtras.RS62Ladder.lr_la_lb_091._native.native_decide.ax_1_1,Rs62Certificates,Rs62Certificates.RS62LadderRangeLogLeavesC,MathExtras.RS62Ladder.lr_la_lb_091,IntervalArith.RatInterval.log_enclose_full,transcendental-enclosure,"Rat (exact, unbounded)",57,830,10,"24-term series, ~33 halving steps, argument ~10 decimal digits"
MathExtras.RS62Ladder.lr_la_lb_092._native.native_decide.ax_1_1,Rs62Certificates,Rs62Certificates.RS62LadderRangeLogLeavesD,MathExtras.RS62Ladder.lr_la_lb_092,IntervalArith.RatInterval.log_enclose_full,transcendental-enclosure,"Rat (exact, unbounded)",57,830,10,"24-term series, ~33 halving steps, argument ~10 decimal digits"
MathExtras.RS62Ladder.lr_la_lb_093._native.native_decide.ax_1_1,Rs62Certificates,Rs62Certificates.RS62LadderRangeLogLeavesD,MathExtras.RS62Ladder.lr_la_lb_093,IntervalArith.RatInterval.log_enclose_full,transcendental-enclosure,"Rat (exact, unbounded)",57,830,10,"24-term series, ~33 halving steps, argument ~10 decimal digits"
MathExtras.RS62Ladder.lr_la_lb_094._native.native_decide.ax_1_1,Rs62Certificates,Rs62Certificates.RS62LadderRangeLogLeavesD,MathExtras.RS62Ladder.lr_la_lb_094,IntervalArith.RatInterval.log_enclose_full,transcendental-enclosure,"Rat (exact, unbounded)",53,747,9,"24-term series, ~29 halving steps, argument ~9 decimal digits"
MathExtras.RS62Ladder.lr_la_lb_095._native.native_decide.ax_1_1,Rs62Certificates,Rs62Certificates.RS62LadderRangeLogLeavesD,MathExtras.RS62Ladder.lr_la_lb_095,IntervalArith.RatInterval.log_enclose_full,transcendental-enclosure,"Rat (exact, unbounded)",57,830,10,"24-term series, ~33 halving steps, argument ~10 decimal digits"
MathExtras.RS62Ladder.lr_la_lb_096._native.native_decide.ax_1_1,Rs62Certificates,Rs62Certificates.RS62LadderRangeLogLeavesD,MathExtras.RS62Ladder.lr_la_lb_096,IntervalArith.RatInterval.log_enclose_full,transcendental-enclosure,"Rat (exact, unbounded)",53,747,9,"24-term series, ~29 halving steps, argument ~9 decimal digits"
MathExtras.RS62Ladder.lr_la_lb_097._native.native_decide.ax_1_1,Rs62Certificates,Rs62Certificates.RS62LadderRangeLogLeavesD,MathExtras.RS62Ladder.lr_la_lb_097,IntervalArith.RatInterval.log_enclose_full,transcendental-enclosure,"Rat (exact, unbounded)",53,747,9,"24-term series, ~29 halving steps, argument ~9 decimal digits"
MathExtras.RS62Ladder.lr_la_lb_098._native.native_decide.ax_1_1,Rs62Certificates,Rs62Certificates.RS62LadderRangeLogLeavesD,MathExtras.RS62Ladder.lr_la_lb_098,IntervalArith.RatInterval.log_enclose_full,transcendental-enclosure,"Rat (exact, unbounded)",53,747,9,"24-term series, ~29 halving steps, argument ~9 decimal digits"
MathExtras.RS62Ladder.lr_la_lb_099._native.native_decide.ax_1_1,Rs62Certificates,Rs62Certificates.RS62LadderRangeLogLeavesD,MathExtras.RS62Ladder.lr_la_lb_099,IntervalArith.RatInterval.log_enclose_full,transcendental-enclosure,"Rat (exact, unbounded)",57,830,10,"24-term series, ~33 halving steps, argument ~10 decimal digits"
MathExtras.RS62Ladder.lr_la_lb_100._native.native_decide.ax_1_1,Rs62Certificates,Rs62Certificates.RS62LadderRangeLogLeavesD,MathExtras.RS62Ladder.lr_la_lb_100,IntervalArith.RatInterval.log_enclose_full,transcendental-enclosure,"Rat (exact, unbounded)",57,830,10,"24-term series, ~33 halving steps, argument ~10 decimal digits"
MathExtras.RS62Ladder.lr_la_lb_101._native.native_decide.ax_1_1,Rs62Certificates,Rs62Certificates.RS62LadderRangeLogLeavesD,MathExtras.RS62Ladder.lr_la_lb_101,IntervalArith.RatInterval.log_enclose_full,transcendental-enclosure,"Rat (exact, unbounded)",53,747,9,"24-term series, ~29 halving steps, argument ~9 decimal digits"
MathExtras.RS62Ladder.lr_la_lb_102._native.native_decide.ax_1_1,Rs62Certificates,Rs62Certificates.RS62LadderRangeLogLeavesD,MathExtras.RS62Ladder.lr_la_lb_102,IntervalArith.RatInterval.log_enclose_full,transcendental-enclosure,"Rat (exact, unbounded)",57,830,10,"24-term series, ~33 halving steps, argument ~10 decimal digits"
MathExtras.RS62Ladder.lr_la_lb_103._native.native_decide.ax_1_1,Rs62Certificates,Rs62Certificates.RS62LadderRangeLogLeavesD,MathExtras.RS62Ladder.lr_la_lb_103,IntervalArith.RatInterval.log_enclose_full,transcendental-enclosure,"Rat (exact, unbounded)",53,747,9,"24-term series, ~29 halving steps, argument ~9 decimal digits"
MathExtras.RS62Ladder.lr_la_lb_104._native.native_decide.ax_1_1,Rs62Certificates,Rs62Certificates.RS62LadderRangeLogLeavesD,MathExtras.RS62Ladder.lr_la_lb_104,IntervalArith.RatInterval.log_enclose_full,transcendental-enclosure,"Rat (exact, unbounded)",57,830,10,"24-term series, ~33 halving steps, argument ~10 decimal digits"
MathExtras.RS62Ladder.lr_la_lb_105._native.native_decide.ax_1_1,Rs62Certificates,Rs62Certificates.RS62LadderRangeLogLeavesD,MathExtras.RS62Ladder.lr_la_lb_105,IntervalArith.RatInterval.log_enclose_full,transcendental-enclosure,"Rat (exact, unbounded)",53,747,9,"24-term series, ~29 halving steps, argument ~9 decimal digits"
MathExtras.RS62Ladder.lr_la_lb_106._native.native_decide.ax_1_1,Rs62Certificates,Rs62Certificates.RS62LadderRangeLogLeavesD,MathExtras.RS62Ladder.lr_la_lb_106,IntervalArith.RatInterval.log_enclose_full,transcendental-enclosure,"Rat (exact, unbounded)",57,830,10,"24-term series, ~33 halving steps, argument ~10 decimal digits"
MathExtras.RS62Ladder.lr_la_lb_107._native.native_decide.ax_1_1,Rs62Certificates,Rs62Certificates.RS62LadderRangeLogLeavesD,MathExtras.RS62Ladder.lr_la_lb_107,IntervalArith.RatInterval.log_enclose_full,transcendental-enclosure,"Rat (exact, unbounded)",53,747,9,"24-term series, ~29 halving steps, argument ~9 decimal digits"
MathExtras.RS62Ladder.lr_la_lb_108._native.native_decide.ax_1_1,Rs62Certificates,Rs62Certificates.RS62LadderRangeLogLeavesD,MathExtras.RS62Ladder.lr_la_lb_108,IntervalArith.RatInterval.log_enclose_full,transcendental-enclosure,"Rat (exact, unbounded)",53,747,9,"24-term series, ~29 halving steps, argument ~9 decimal digits"
MathExtras.RS62Ladder.lr_la_lb_109._native.native_decide.ax_1_1,Rs62Certificates,Rs62Certificates.RS62LadderRangeLogLeavesD,MathExtras.RS62Ladder.lr_la_lb_109,IntervalArith.RatInterval.log_enclose_full,transcendental-enclosure,"Rat (exact, unbounded)",53,747,9,"24-term series, ~29 halving steps, argument ~9 decimal digits"
MathExtras.RS62Ladder.lr_la_lb_110._native.native_decide.ax_1_1,Rs62Certificates,Rs62Certificates.RS62LadderRangeLogLeavesD,MathExtras.RS62Ladder.lr_la_lb_110,IntervalArith.RatInterval.log_enclose_full,transcendental-enclosure,"Rat (exact, unbounded)",53,747,9,"24-term series, ~29 halving steps, argument ~9 decimal digits"
MathExtras.RS62Ladder.lr_la_lb_111._native.native_decide.ax_1_1,Rs62Certificates,Rs62Certificates.RS62LadderRangeLogLeavesD,MathExtras.RS62Ladder.lr_la_lb_111,IntervalArith.RatInterval.log_enclose_full,transcendental-enclosure,"Rat (exact, unbounded)",53,747,9,"24-term series, ~29 halving steps, argument ~9 decimal digits"
MathExtras.RS62Ladder.lr_la_lb_112._native.native_decide.ax_1_1,Rs62Certificates,Rs62Certificates.RS62LadderRangeLogLeavesD,MathExtras.RS62Ladder.lr_la_lb_112,IntervalArith.RatInterval.log_enclose_full,transcendental-enclosure,"Rat (exact, unbounded)",57,830,10,"24-term series, ~33 halving steps, argument ~10 decimal digits"
MathExtras.RS62Ladder.lr_la_lb_113._native.native_decide.ax_1_1,Rs62Certificates,Rs62Certificates.RS62LadderRangeLogLeavesD,MathExtras.RS62Ladder.lr_la_lb_113,IntervalArith.RatInterval.log_enclose_full,transcendental-enclosure,"Rat (exact, unbounded)",53,747,9,"24-term series, ~29 halving steps, argument ~9 decimal digits"
MathExtras.RS62Ladder.lr_la_lb_114._native.native_decide.ax_1_1,Rs62Certificates,Rs62Certificates.RS62LadderRangeLogLeavesD,MathExtras.RS62Ladder.lr_la_lb_114,IntervalArith.RatInterval.log_enclose_full,transcendental-enclosure,"Rat (exact, unbounded)",57,830,10,"24-term series, ~33 halving steps, argument ~10 decimal digits"
MathExtras.RS62Ladder.lr_la_lb_115._native.native_decide.ax_1_1,Rs62Certificates,Rs62Certificates.RS62LadderRangeLogLeavesD,MathExtras.RS62Ladder.lr_la_lb_115,IntervalArith.RatInterval.log_enclose_full,transcendental-enclosure,"Rat (exact, unbounded)",53,747,9,"24-term series, ~29 halving steps, argument ~9 decimal digits"
MathExtras.RS62Ladder.lr_la_lb_116._native.native_decide.ax_1_1,Rs62Certificates,Rs62Certificates.RS62LadderRangeLogLeavesD,MathExtras.RS62Ladder.lr_la_lb_116,IntervalArith.RatInterval.log_enclose_full,transcendental-enclosure,"Rat (exact, unbounded)",53,747,9,"24-term series, ~29 halving steps, argument ~9 decimal digits"
MathExtras.RS62Ladder.lr_la_lb_117._native.native_decide.ax_1_1,Rs62Certificates,Rs62Certificates.RS62LadderRangeLogLeavesD,MathExtras.RS62Ladder.lr_la_lb_117,IntervalArith.RatInterval.log_enclose_full,transcendental-enclosure,"Rat (exact, unbounded)",53,747,9,"24-term series, ~29 halving steps, argument ~9 decimal digits"
MathExtras.RS62Ladder.lr_la_lb_118._native.native_decide.ax_1_1,Rs62Certificates,Rs62Certificates.RS62LadderRangeLogLeavesD,MathExtras.RS62Ladder.lr_la_lb_118,IntervalArith.RatInterval.log_enclose_full,transcendental-enclosure,"Rat (exact, unbounded)",57,830,10,"24-term series, ~33 halving steps, argument ~10 decimal digits"
MathExtras.RS62Ladder.lr_la_lb_119._native.native_decide.ax_1_1,Rs62Certificates,Rs62Certificates.RS62LadderRangeLogLeavesD,MathExtras.RS62Ladder.lr_la_lb_119,IntervalArith.RatInterval.log_enclose_full,transcendental-enclosure,"Rat (exact, unbounded)",53,747,9,"24-term series, ~29 halving steps, argument ~9 decimal digits"
MathExtras.RS62Ladder.lr_lb_ub_001._native.native_decide.ax_1_1,Rs62Certificates,Rs62Certificates.RS62LadderRangeLogLeavesA,MathExtras.RS62Ladder.lr_lb_ub_001,IntervalArith.RatInterval.log_enclose_full,transcendental-enclosure,"Rat (exact, unbounded)",53,747,9,"24-term series, ~29 halving steps, argument ~9 decimal digits"
MathExtras.RS62Ladder.lr_lb_ub_002._native.native_decide.ax_1_1,Rs62Certificates,Rs62Certificates.RS62LadderRangeLogLeavesA,MathExtras.RS62Ladder.lr_lb_ub_002,IntervalArith.RatInterval.log_enclose_full,transcendental-enclosure,"Rat (exact, unbounded)",57,830,10,"24-term series, ~33 halving steps, argument ~10 decimal digits"
MathExtras.RS62Ladder.lr_lb_ub_003._native.native_decide.ax_1_1,Rs62Certificates,Rs62Certificates.RS62LadderRangeLogLeavesA,MathExtras.RS62Ladder.lr_lb_ub_003,IntervalArith.RatInterval.log_enclose_full,transcendental-enclosure,"Rat (exact, unbounded)",53,747,9,"24-term series, ~29 halving steps, argument ~9 decimal digits"
MathExtras.RS62Ladder.lr_lb_ub_004._native.native_decide.ax_1_1,Rs62Certificates,Rs62Certificates.RS62LadderRangeLogLeavesA,MathExtras.RS62Ladder.lr_lb_ub_004,IntervalArith.RatInterval.log_enclose_full,transcendental-enclosure,"Rat (exact, unbounded)",57,830,10,"24-term series, ~33 halving steps, argument ~10 decimal digits"
MathExtras.RS62Ladder.lr_lb_ub_005._native.native_decide.ax_1_1,Rs62Certificates,Rs62Certificates.RS62LadderRangeLogLeavesA,MathExtras.RS62Ladder.lr_lb_ub_005,IntervalArith.RatInterval.log_enclose_full,transcendental-enclosure,"Rat (exact, unbounded)",53,747,9,"24-term series, ~29 halving steps, argument ~9 decimal digits"
MathExtras.RS62Ladder.lr_lb_ub_006._native.native_decide.ax_1_1,Rs62Certificates,Rs62Certificates.RS62LadderRangeLogLeavesA,MathExtras.RS62Ladder.lr_lb_ub_006,IntervalArith.RatInterval.log_enclose_full,transcendental-enclosure,"Rat (exact, unbounded)",57,830,10,"24-term series, ~33 halving steps, argument ~10 decimal digits"
MathExtras.RS62Ladder.lr_lb_ub_007._native.native_decide.ax_1_1,Rs62Certificates,Rs62Certificates.RS62LadderRangeLogLeavesA,MathExtras.RS62Ladder.lr_lb_ub_007,IntervalArith.RatInterval.log_enclose_full,transcendental-enclosure,"Rat (exact, unbounded)",57,830,10,"24-term series, ~33 halving steps, argument ~10 decimal digits"
MathExtras.RS62Ladder.lr_lb_ub_008._native.native_decide.ax_1_1,Rs62Certificates,Rs62Certificates.RS62LadderRangeLogLeavesA,MathExtras.RS62Ladder.lr_lb_ub_008,IntervalArith.RatInterval.log_enclose_full,transcendental-enclosure,"Rat (exact, unbounded)",53,747,9,"24-term series, ~29 halving steps, argument ~9 decimal digits"
MathExtras.RS62Ladder.lr_lb_ub_009._native.native_decide.ax_1_1,Rs62Certificates,Rs62Certificates.RS62LadderRangeLogLeavesA,MathExtras.RS62Ladder.lr_lb_ub_009,IntervalArith.RatInterval.log_enclose_full,transcendental-enclosure,"Rat (exact, unbounded)",53,747,9,"24-term series, ~29 halving steps, argument ~9 decimal digits"
MathExtras.RS62Ladder.lr_lb_ub_010._native.native_decide.ax_1_1,Rs62Certificates,Rs62Certificates.RS62LadderRangeLogLeavesA,MathExtras.RS62Ladder.lr_lb_ub_010,IntervalArith.RatInterval.log_enclose_full,transcendental-enclosure,"Rat (exact, unbounded)",53,747,9,"24-term series, ~29 halving steps, argument ~9 decimal digits"
MathExtras.RS62Ladder.lr_lb_ub_011._native.native_decide.ax_1_1,Rs62Certificates,Rs62Certificates.RS62LadderRangeLogLeavesA,MathExtras.RS62Ladder.lr_lb_ub_011,IntervalArith.RatInterval.log_enclose_full,transcendental-enclosure,"Rat (exact, unbounded)",53,747,9,"24-term series, ~29 halving steps, argument ~9 decimal digits"
MathExtras.RS62Ladder.lr_lb_ub_012._native.native_decide.ax_1_1,Rs62Certificates,Rs62Certificates.RS62LadderRangeLogLeavesA,MathExtras.RS62Ladder.lr_lb_ub_012,IntervalArith.RatInterval.log_enclose_full,transcendental-enclosure,"Rat (exact, unbounded)",57,830,10,"24-term series, ~33 halving steps, argument ~10 decimal digits"
MathExtras.RS62Ladder.lr_lb_ub_013._native.native_decide.ax_1_1,Rs62Certificates,Rs62Certificates.RS62LadderRangeLogLeavesA,MathExtras.RS62Ladder.lr_lb_ub_013,IntervalArith.RatInterval.log_enclose_full,transcendental-enclosure,"Rat (exact, unbounded)",53,747,9,"24-term series, ~29 halving steps, argument ~9 decimal digits"
MathExtras.RS62Ladder.lr_lb_ub_014._native.native_decide.ax_1_1,Rs62Certificates,Rs62Certificates.RS62LadderRangeLogLeavesA,MathExtras.RS62Ladder.lr_lb_ub_014,IntervalArith.RatInterval.log_enclose_full,transcendental-enclosure,"Rat (exact, unbounded)",57,830,10,"24-term series, ~33 halving steps, argument ~10 decimal digits"
MathExtras.RS62Ladder.lr_lb_ub_015._native.native_decide.ax_1_1,Rs62Certificates,Rs62Certificates.RS62LadderRangeLogLeavesA,MathExtras.RS62Ladder.lr_lb_ub_015,IntervalArith.RatInterval.log_enclose_full,transcendental-enclosure,"Rat (exact, unbounded)",53,747,9,"24-term series, ~29 halving steps, argument ~9 decimal digits"
MathExtras.RS62Ladder.lr_lb_ub_016._native.native_decide.ax_1_1,Rs62Certificates,Rs62Certificates.RS62LadderRangeLogLeavesA,MathExtras.RS62Ladder.lr_lb_ub_016,IntervalArith.RatInterval.log_enclose_full,transcendental-enclosure,"Rat (exact, unbounded)",57,830,10,"24-term series, ~33 halving steps, argument ~10 decimal digits"
MathExtras.RS62Ladder.lr_lb_ub_017._native.native_decide.ax_1_1,Rs62Certificates,Rs62Certificates.RS62LadderRangeLogLeavesA,MathExtras.RS62Ladder.lr_lb_ub_017,IntervalArith.RatInterval.log_enclose_full,transcendental-enclosure,"Rat (exact, unbounded)",53,747,9,"24-term series, ~29 halving steps, argument ~9 decimal digits"
MathExtras.RS62Ladder.lr_lb_ub_018._native.native_decide.ax_1_1,Rs62Certificates,Rs62Certificates.RS62LadderRangeLogLeavesA,MathExtras.RS62Ladder.lr_lb_ub_018,IntervalArith.RatInterval.log_enclose_full,transcendental-enclosure,"Rat (exact, unbounded)",57,830,10,"24-term series, ~33 halving steps, argument ~10 decimal digits"
MathExtras.RS62Ladder.lr_lb_ub_019._native.native_decide.ax_1_1,Rs62Certificates,Rs62Certificates.RS62LadderRangeLogLeavesA,MathExtras.RS62Ladder.lr_lb_ub_019,IntervalArith.RatInterval.log_enclose_full,transcendental-enclosure,"Rat (exact, unbounded)",57,830,10,"24-term series, ~33 halving steps, argument ~10 decimal digits"
MathExtras.RS62Ladder.lr_lb_ub_020._native.native_decide.ax_1_1,Rs62Certificates,Rs62Certificates.RS62LadderRangeLogLeavesA,MathExtras.RS62Ladder.lr_lb_ub_020,IntervalArith.RatInterval.log_enclose_full,transcendental-enclosure,"Rat (exact, unbounded)",57,830,10,"24-term series, ~33 halving steps, argument ~10 decimal digits"
MathExtras.RS62Ladder.lr_lb_ub_021._native.native_decide.ax_1_1,Rs62Certificates,Rs62Certificates.RS62LadderRangeLogLeavesA,MathExtras.RS62Ladder.lr_lb_ub_021,IntervalArith.RatInterval.log_enclose_full,transcendental-enclosure,"Rat (exact, unbounded)",57,830,10,"24-term series, ~33 halving steps, argument ~10 decimal digits"
MathExtras.RS62Ladder.lr_lb_ub_022._native.native_decide.ax_1_1,Rs62Certificates,Rs62Certificates.RS62LadderRangeLogLeavesA,MathExtras.RS62Ladder.lr_lb_ub_022,IntervalArith.RatInterval.log_enclose_full,transcendental-enclosure,"Rat (exact, unbounded)",53,747,9,"24-term series, ~29 halving steps, argument ~9 decimal digits"
MathExtras.RS62Ladder.lr_lb_ub_023._native.native_decide.ax_1_1,Rs62Certificates,Rs62Certificates.RS62LadderRangeLogLeavesA,MathExtras.RS62Ladder.lr_lb_ub_023,IntervalArith.RatInterval.log_enclose_full,transcendental-enclosure,"Rat (exact, unbounded)",53,747,9,"24-term series, ~29 halving steps, argument ~9 decimal digits"
MathExtras.RS62Ladder.lr_lb_ub_024._native.native_decide.ax_1_1,Rs62Certificates,Rs62Certificates.RS62LadderRangeLogLeavesA,MathExtras.RS62Ladder.lr_lb_ub_024,IntervalArith.RatInterval.log_enclose_full,transcendental-enclosure,"Rat (exact, unbounded)",53,747,9,"24-term series, ~29 halving steps, argument ~9 decimal digits"
MathExtras.RS62Ladder.lr_lb_ub_025._native.native_decide.ax_1_1,Rs62Certificates,Rs62Certificates.RS62LadderRangeLogLeavesA,MathExtras.RS62Ladder.lr_lb_ub_025,IntervalArith.RatInterval.log_enclose_full,transcendental-enclosure,"Rat (exact, unbounded)",57,830,10,"24-term series, ~33 halving steps, argument ~10 decimal digits"
MathExtras.RS62Ladder.lr_lb_ub_026._native.native_decide.ax_1_1,Rs62Certificates,Rs62Certificates.RS62LadderRangeLogLeavesA,MathExtras.RS62Ladder.lr_lb_ub_026,IntervalArith.RatInterval.log_enclose_full,transcendental-enclosure,"Rat (exact, unbounded)",53,747,9,"24-term series, ~29 halving steps, argument ~9 decimal digits"
MathExtras.RS62Ladder.lr_lb_ub_027._native.native_decide.ax_1_1,Rs62Certificates,Rs62Certificates.RS62LadderRangeLogLeavesA,MathExtras.RS62Ladder.lr_lb_ub_027,IntervalArith.RatInterval.log_enclose_full,transcendental-enclosure,"Rat (exact, unbounded)",53,747,9,"24-term series, ~29 halving steps, argument ~9 decimal digits"
MathExtras.RS62Ladder.lr_lb_ub_028._native.native_decide.ax_1_1,Rs62Certificates,Rs62Certificates.RS62LadderRangeLogLeavesA,MathExtras.RS62Ladder.lr_lb_ub_028,IntervalArith.RatInterval.log_enclose_full,transcendental-enclosure,"Rat (exact, unbounded)",57,830,10,"24-term series, ~33 halving steps, argument ~10 decimal digits"
MathExtras.RS62Ladder.lr_lb_ub_029._native.native_decide.ax_1_1,Rs62Certificates,Rs62Certificates.RS62LadderRangeLogLeavesA,MathExtras.RS62Ladder.lr_lb_ub_029,IntervalArith.RatInterval.log_enclose_full,transcendental-enclosure,"Rat (exact, unbounded)",57,830,10,"24-term series, ~33 halving steps, argument ~10 decimal digits"
MathExtras.RS62Ladder.lr_lb_ub_030._native.native_decide.ax_1_1,Rs62Certificates,Rs62Certificates.RS62LadderRangeLogLeavesA,MathExtras.RS62Ladder.lr_lb_ub_030,IntervalArith.RatInterval.log_enclose_full,transcendental-enclosure,"Rat (exact, unbounded)",53,747,9,"24-term series, ~29 halving steps, argument ~9 decimal digits"
MathExtras.RS62Ladder.lr_lb_ub_031._native.native_decide.ax_1_1,Rs62Certificates,Rs62Certificates.RS62LadderRangeLogLeavesB,MathExtras.RS62Ladder.lr_lb_ub_031,IntervalArith.RatInterval.log_enclose_full,transcendental-enclosure,"Rat (exact, unbounded)",57,830,10,"24-term series, ~33 halving steps, argument ~10 decimal digits"
MathExtras.RS62Ladder.lr_lb_ub_032._native.native_decide.ax_1_1,Rs62Certificates,Rs62Certificates.RS62LadderRangeLogLeavesB,MathExtras.RS62Ladder.lr_lb_ub_032,IntervalArith.RatInterval.log_enclose_full,transcendental-enclosure,"Rat (exact, unbounded)",53,747,9,"24-term series, ~29 halving steps, argument ~9 decimal digits"
MathExtras.RS62Ladder.lr_lb_ub_033._native.native_decide.ax_1_1,Rs62Certificates,Rs62Certificates.RS62LadderRangeLogLeavesB,MathExtras.RS62Ladder.lr_lb_ub_033,IntervalArith.RatInterval.log_enclose_full,transcendental-enclosure,"Rat (exact, unbounded)",57,830,10,"24-term series, ~33 halving steps, argument ~10 decimal digits"
MathExtras.RS62Ladder.lr_lb_ub_034._native.native_decide.ax_1_1,Rs62Certificates,Rs62Certificates.RS62LadderRangeLogLeavesB,MathExtras.RS62Ladder.lr_lb_ub_034,IntervalArith.RatInterval.log_enclose_full,transcendental-enclosure,"Rat (exact, unbounded)",57,830,10,"24-term series, ~33 halving steps, argument ~10 decimal digits"
MathExtras.RS62Ladder.lr_lb_ub_035._native.native_decide.ax_1_1,Rs62Certificates,Rs62Certificates.RS62LadderRangeLogLeavesB,MathExtras.RS62Ladder.lr_lb_ub_035,IntervalArith.RatInterval.log_enclose_full,transcendental-enclosure,"Rat (exact, unbounded)",57,830,10,"24-term series, ~33 halving steps, argument ~10 decimal digits"
MathExtras.RS62Ladder.lr_lb_ub_036._native.native_decide.ax_1_1,Rs62Certificates,Rs62Certificates.RS62LadderRangeLogLeavesB,MathExtras.RS62Ladder.lr_lb_ub_036,IntervalArith.RatInterval.log_enclose_full,transcendental-enclosure,"Rat (exact, unbounded)",57,830,10,"24-term series, ~33 halving steps, argument ~10 decimal digits"
MathExtras.RS62Ladder.lr_lb_ub_037._native.native_decide.ax_1_1,Rs62Certificates,Rs62Certificates.RS62LadderRangeLogLeavesB,MathExtras.RS62Ladder.lr_lb_ub_037,IntervalArith.RatInterval.log_enclose_full,transcendental-enclosure,"Rat (exact, unbounded)",53,747,9,"24-term series, ~29 halving steps, argument ~9 decimal digits"
MathExtras.RS62Ladder.lr_lb_ub_038._native.native_decide.ax_1_1,Rs62Certificates,Rs62Certificates.RS62LadderRangeLogLeavesB,MathExtras.RS62Ladder.lr_lb_ub_038,IntervalArith.RatInterval.log_enclose_full,transcendental-enclosure,"Rat (exact, unbounded)",53,747,9,"24-term series, ~29 halving steps, argument ~9 decimal digits"
MathExtras.RS62Ladder.lr_lb_ub_039._native.native_decide.ax_1_1,Rs62Certificates,Rs62Certificates.RS62LadderRangeLogLeavesB,MathExtras.RS62Ladder.lr_lb_ub_039,IntervalArith.RatInterval.log_enclose_full,transcendental-enclosure,"Rat (exact, unbounded)",57,830,10,"24-term series, ~33 halving steps, argument ~10 decimal digits"
MathExtras.RS62Ladder.lr_lb_ub_040._native.native_decide.ax_1_1,Rs62Certificates,Rs62Certificates.RS62LadderRangeLogLeavesB,MathExtras.RS62Ladder.lr_lb_ub_040,IntervalArith.RatInterval.log_enclose_full,transcendental-enclosure,"Rat (exact, unbounded)",57,830,10,"24-term series, ~33 halving steps, argument ~10 decimal digits"
MathExtras.RS62Ladder.lr_lb_ub_041._native.native_decide.ax_1_1,Rs62Certificates,Rs62Certificates.RS62LadderRangeLogLeavesB,MathExtras.RS62Ladder.lr_lb_ub_041,IntervalArith.RatInterval.log_enclose_full,transcendental-enclosure,"Rat (exact, unbounded)",57,830,10,"24-term series, ~33 halving steps, argument ~10 decimal digits"
MathExtras.RS62Ladder.lr_lb_ub_042._native.native_decide.ax_1_1,Rs62Certificates,Rs62Certificates.RS62LadderRangeLogLeavesB,MathExtras.RS62Ladder.lr_lb_ub_042,IntervalArith.RatInterval.log_enclose_full,transcendental-enclosure,"Rat (exact, unbounded)",53,747,9,"24-term series, ~29 halving steps, argument ~9 decimal digits"
MathExtras.RS62Ladder.lr_lb_ub_043._native.native_decide.ax_1_1,Rs62Certificates,Rs62Certificates.RS62LadderRangeLogLeavesB,MathExtras.RS62Ladder.lr_lb_ub_043,IntervalArith.RatInterval.log_enclose_full,transcendental-enclosure,"Rat (exact, unbounded)",57,830,10,"24-term series, ~33 halving steps, argument ~10 decimal digits"
MathExtras.RS62Ladder.lr_lb_ub_044._native.native_decide.ax_1_1,Rs62Certificates,Rs62Certificates.RS62LadderRangeLogLeavesB,MathExtras.RS62Ladder.lr_lb_ub_044,IntervalArith.RatInterval.log_enclose_full,transcendental-enclosure,"Rat (exact, unbounded)",53,747,9,"24-term series, ~29 halving steps, argument ~9 decimal digits"
MathExtras.RS62Ladder.lr_lb_ub_045._native.native_decide.ax_1_1,Rs62Certificates,Rs62Certificates.RS62LadderRangeLogLeavesB,MathExtras.RS62Ladder.lr_lb_ub_045,IntervalArith.RatInterval.log_enclose_full,transcendental-enclosure,"Rat (exact, unbounded)",53,747,9,"24-term series, ~29 halving steps, argument ~9 decimal digits"
MathExtras.RS62Ladder.lr_lb_ub_046._native.native_decide.ax_1_1,Rs62Certificates,Rs62Certificates.RS62LadderRangeLogLeavesB,MathExtras.RS62Ladder.lr_lb_ub_046,IntervalArith.RatInterval.log_enclose_full,transcendental-enclosure,"Rat (exact, unbounded)",57,830,10,"24-term series, ~33 halving steps, argument ~10 decimal digits"
MathExtras.RS62Ladder.lr_lb_ub_047._native.native_decide.ax_1_1,Rs62Certificates,Rs62Certificates.RS62LadderRangeLogLeavesB,MathExtras.RS62Ladder.lr_lb_ub_047,IntervalArith.RatInterval.log_enclose_full,transcendental-enclosure,"Rat (exact, unbounded)",53,747,9,"24-term series, ~29 halving steps, argument ~9 decimal digits"
MathExtras.RS62Ladder.lr_lb_ub_048._native.native_decide.ax_1_1,Rs62Certificates,Rs62Certificates.RS62LadderRangeLogLeavesB,MathExtras.RS62Ladder.lr_lb_ub_048,IntervalArith.RatInterval.log_enclose_full,transcendental-enclosure,"Rat (exact, unbounded)",57,830,10,"24-term series, ~33 halving steps, argument ~10 decimal digits"
MathExtras.RS62Ladder.lr_lb_ub_049._native.native_decide.ax_1_1,Rs62Certificates,Rs62Certificates.RS62LadderRangeLogLeavesB,MathExtras.RS62Ladder.lr_lb_ub_049,IntervalArith.RatInterval.log_enclose_full,transcendental-enclosure,"Rat (exact, unbounded)",53,747,9,"24-term series, ~29 halving steps, argument ~9 decimal digits"
MathExtras.RS62Ladder.lr_lb_ub_050._native.native_decide.ax_1_1,Rs62Certificates,Rs62Certificates.RS62LadderRangeLogLeavesB,MathExtras.RS62Ladder.lr_lb_ub_050,IntervalArith.RatInterval.log_enclose_full,transcendental-enclosure,"Rat (exact, unbounded)",57,830,10,"24-term series, ~33 halving steps, argument ~10 decimal digits"
MathExtras.RS62Ladder.lr_lb_ub_051._native.native_decide.ax_1_1,Rs62Certificates,Rs62Certificates.RS62LadderRangeLogLeavesB,MathExtras.RS62Ladder.lr_lb_ub_051,IntervalArith.RatInterval.log_enclose_full,transcendental-enclosure,"Rat (exact, unbounded)",53,747,9,"24-term series, ~29 halving steps, argument ~9 decimal digits"
MathExtras.RS62Ladder.lr_lb_ub_052._native.native_decide.ax_1_1,Rs62Certificates,Rs62Certificates.RS62LadderRangeLogLeavesB,MathExtras.RS62Ladder.lr_lb_ub_052,IntervalArith.RatInterval.log_enclose_full,transcendental-enclosure,"Rat (exact, unbounded)",53,747,9,"24-term series, ~29 halving steps, argument ~9 decimal digits"
MathExtras.RS62Ladder.lr_lb_ub_053._native.native_decide.ax_1_1,Rs62Certificates,Rs62Certificates.RS62LadderRangeLogLeavesB,MathExtras.RS62Ladder.lr_lb_ub_053,IntervalArith.RatInterval.log_enclose_full,transcendental-enclosure,"Rat (exact, unbounded)",57,830,10,"24-term series, ~33 halving steps, argument ~10 decimal digits"
MathExtras.RS62Ladder.lr_lb_ub_054._native.native_decide.ax_1_1,Rs62Certificates,Rs62Certificates.RS62LadderRangeLogLeavesB,MathExtras.RS62Ladder.lr_lb_ub_054,IntervalArith.RatInterval.log_enclose_full,transcendental-enclosure,"Rat (exact, unbounded)",53,747,9,"24-term series, ~29 halving steps, argument ~9 decimal digits"
MathExtras.RS62Ladder.lr_lb_ub_055._native.native_decide.ax_1_1,Rs62Certificates,Rs62Certificates.RS62LadderRangeLogLeavesB,MathExtras.RS62Ladder.lr_lb_ub_055,IntervalArith.RatInterval.log_enclose_full,transcendental-enclosure,"Rat (exact, unbounded)",53,747,9,"24-term series, ~29 halving steps, argument ~9 decimal digits"
MathExtras.RS62Ladder.lr_lb_ub_056._native.native_decide.ax_1_1,Rs62Certificates,Rs62Certificates.RS62LadderRangeLogLeavesB,MathExtras.RS62Ladder.lr_lb_ub_056,IntervalArith.RatInterval.log_enclose_full,transcendental-enclosure,"Rat (exact, unbounded)",57,830,10,"24-term series, ~33 halving steps, argument ~10 decimal digits"
MathExtras.RS62Ladder.lr_lb_ub_057._native.native_decide.ax_1_1,Rs62Certificates,Rs62Certificates.RS62LadderRangeLogLeavesB,MathExtras.RS62Ladder.lr_lb_ub_057,IntervalArith.RatInterval.log_enclose_full,transcendental-enclosure,"Rat (exact, unbounded)",57,830,10,"24-term series, ~33 halving steps, argument ~10 decimal digits"
MathExtras.RS62Ladder.lr_lb_ub_058._native.native_decide.ax_1_1,Rs62Certificates,Rs62Certificates.RS62LadderRangeLogLeavesB,MathExtras.RS62Ladder.lr_lb_ub_058,IntervalArith.RatInterval.log_enclose_full,transcendental-enclosure,"Rat (exact, unbounded)",57,830,10,"24-term series, ~33 halving steps, argument ~10 decimal digits"
MathExtras.RS62Ladder.lr_lb_ub_059._native.native_decide.ax_1_1,Rs62Certificates,Rs62Certificates.RS62LadderRangeLogLeavesB,MathExtras.RS62Ladder.lr_lb_ub_059,IntervalArith.RatInterval.log_enclose_full,transcendental-enclosure,"Rat (exact, unbounded)",53,747,9,"24-term series, ~29 halving steps, argument ~9 decimal digits"
MathExtras.RS62Ladder.lr_lb_ub_060._native.native_decide.ax_1_1,Rs62Certificates,Rs62Certificates.RS62LadderRangeLogLeavesB,MathExtras.RS62Ladder.lr_lb_ub_060,IntervalArith.RatInterval.log_enclose_full,transcendental-enclosure,"Rat (exact, unbounded)",53,747,9,"24-term series, ~29 halving steps, argument ~9 decimal digits"
MathExtras.RS62Ladder.lr_lb_ub_061._native.native_decide.ax_1_1,Rs62Certificates,Rs62Certificates.RS62LadderRangeLogLeavesB,MathExtras.RS62Ladder.lr_lb_ub_061,IntervalArith.RatInterval.log_enclose_full,transcendental-enclosure,"Rat (exact, unbounded)",57,830,10,"24-term series, ~33 halving steps, argument ~10 decimal digits"
MathExtras.RS62Ladder.lr_lb_ub_062._native.native_decide.ax_1_1,Rs62Certificates,Rs62Certificates.RS62LadderRangeLogLeavesC,MathExtras.RS62Ladder.lr_lb_ub_062,IntervalArith.RatInterval.log_enclose_full,transcendental-enclosure,"Rat (exact, unbounded)",53,747,9,"24-term series, ~29 halving steps, argument ~9 decimal digits"
MathExtras.RS62Ladder.lr_lb_ub_063._native.native_decide.ax_1_1,Rs62Certificates,Rs62Certificates.RS62LadderRangeLogLeavesC,MathExtras.RS62Ladder.lr_lb_ub_063,IntervalArith.RatInterval.log_enclose_full,transcendental-enclosure,"Rat (exact, unbounded)",57,830,10,"24-term series, ~33 halving steps, argument ~10 decimal digits"
MathExtras.RS62Ladder.lr_lb_ub_064._native.native_decide.ax_1_1,Rs62Certificates,Rs62Certificates.RS62LadderRangeLogLeavesC,MathExtras.RS62Ladder.lr_lb_ub_064,IntervalArith.RatInterval.log_enclose_full,transcendental-enclosure,"Rat (exact, unbounded)",57,830,10,"24-term series, ~33 halving steps, argument ~10 decimal digits"
MathExtras.RS62Ladder.lr_lb_ub_065._native.native_decide.ax_1_1,Rs62Certificates,Rs62Certificates.RS62LadderRangeLogLeavesC,MathExtras.RS62Ladder.lr_lb_ub_065,IntervalArith.RatInterval.log_enclose_full,transcendental-enclosure,"Rat (exact, unbounded)",53,747,9,"24-term series, ~29 halving steps, argument ~9 decimal digits"
MathExtras.RS62Ladder.lr_lb_ub_066._native.native_decide.ax_1_1,Rs62Certificates,Rs62Certificates.RS62LadderRangeLogLeavesC,MathExtras.RS62Ladder.lr_lb_ub_066,IntervalArith.RatInterval.log_enclose_full,transcendental-enclosure,"Rat (exact, unbounded)",57,830,10,"24-term series, ~33 halving steps, argument ~10 decimal digits"
MathExtras.RS62Ladder.lr_lb_ub_067._native.native_decide.ax_1_1,Rs62Certificates,Rs62Certificates.RS62LadderRangeLogLeavesC,MathExtras.RS62Ladder.lr_lb_ub_067,IntervalArith.RatInterval.log_enclose_full,transcendental-enclosure,"Rat (exact, unbounded)",57,830,10,"24-term series, ~33 halving steps, argument ~10 decimal digits"
MathExtras.RS62Ladder.lr_lb_ub_068._native.native_decide.ax_1_1,Rs62Certificates,Rs62Certificates.RS62LadderRangeLogLeavesC,MathExtras.RS62Ladder.lr_lb_ub_068,IntervalArith.RatInterval.log_enclose_full,transcendental-enclosure,"Rat (exact, unbounded)",53,747,9,"24-term series, ~29 halving steps, argument ~9 decimal digits"
MathExtras.RS62Ladder.lr_lb_ub_069._native.native_decide.ax_1_1,Rs62Certificates,Rs62Certificates.RS62LadderRangeLogLeavesC,MathExtras.RS62Ladder.lr_lb_ub_069,IntervalArith.RatInterval.log_enclose_full,transcendental-enclosure,"Rat (exact, unbounded)",53,747,9,"24-term series, ~29 halving steps, argument ~9 decimal digits"
MathExtras.RS62Ladder.lr_lb_ub_070._native.native_decide.ax_1_1,Rs62Certificates,Rs62Certificates.RS62LadderRangeLogLeavesC,MathExtras.RS62Ladder.lr_lb_ub_070,IntervalArith.RatInterval.log_enclose_full,transcendental-enclosure,"Rat (exact, unbounded)",53,747,9,"24-term series, ~29 halving steps, argument ~9 decimal digits"
MathExtras.RS62Ladder.lr_lb_ub_071._native.native_decide.ax_1_1,Rs62Certificates,Rs62Certificates.RS62LadderRangeLogLeavesC,MathExtras.RS62Ladder.lr_lb_ub_071,IntervalArith.RatInterval.log_enclose_full,transcendental-enclosure,"Rat (exact, unbounded)",57,830,10,"24-term series, ~33 halving steps, argument ~10 decimal digits"
MathExtras.RS62Ladder.lr_lb_ub_072._native.native_decide.ax_1_1,Rs62Certificates,Rs62Certificates.RS62LadderRangeLogLeavesC,MathExtras.RS62Ladder.lr_lb_ub_072,IntervalArith.RatInterval.log_enclose_full,transcendental-enclosure,"Rat (exact, unbounded)",57,830,10,"24-term series, ~33 halving steps, argument ~10 decimal digits"
MathExtras.RS62Ladder.lr_lb_ub_073._native.native_decide.ax_1_1,Rs62Certificates,Rs62Certificates.RS62LadderRangeLogLeavesC,MathExtras.RS62Ladder.lr_lb_ub_073,IntervalArith.RatInterval.log_enclose_full,transcendental-enclosure,"Rat (exact, unbounded)",53,747,9,"24-term series, ~29 halving steps, argument ~9 decimal digits"
MathExtras.RS62Ladder.lr_lb_ub_074._native.native_decide.ax_1_1,Rs62Certificates,Rs62Certificates.RS62LadderRangeLogLeavesC,MathExtras.RS62Ladder.lr_lb_ub_074,IntervalArith.RatInterval.log_enclose_full,transcendental-enclosure,"Rat (exact, unbounded)",53,747,9,"24-term series, ~29 halving steps, argument ~9 decimal digits"
MathExtras.RS62Ladder.lr_lb_ub_075._native.native_decide.ax_1_1,Rs62Certificates,Rs62Certificates.RS62LadderRangeLogLeavesC,MathExtras.RS62Ladder.lr_lb_ub_075,IntervalArith.RatInterval.log_enclose_full,transcendental-enclosure,"Rat (exact, unbounded)",57,830,10,"24-term series, ~33 halving steps, argument ~10 decimal digits"
MathExtras.RS62Ladder.lr_lb_ub_076._native.native_decide.ax_1_1,Rs62Certificates,Rs62Certificates.RS62LadderRangeLogLeavesC,MathExtras.RS62Ladder.lr_lb_ub_076,IntervalArith.RatInterval.log_enclose_full,transcendental-enclosure,"Rat (exact, unbounded)",53,747,9,"24-term series, ~29 halving steps, argument ~9 decimal digits"
MathExtras.RS62Ladder.lr_lb_ub_077._native.native_decide.ax_1_1,Rs62Certificates,Rs62Certificates.RS62LadderRangeLogLeavesC,MathExtras.RS62Ladder.lr_lb_ub_077,IntervalArith.RatInterval.log_enclose_full,transcendental-enclosure,"Rat (exact, unbounded)",53,747,9,"24-term series, ~29 halving steps, argument ~9 decimal digits"
MathExtras.RS62Ladder.lr_lb_ub_078._native.native_decide.ax_1_1,Rs62Certificates,Rs62Certificates.RS62LadderRangeLogLeavesC,MathExtras.RS62Ladder.lr_lb_ub_078,IntervalArith.RatInterval.log_enclose_full,transcendental-enclosure,"Rat (exact, unbounded)",57,830,10,"24-term series, ~33 halving steps, argument ~10 decimal digits"
MathExtras.RS62Ladder.lr_lb_ub_079._native.native_decide.ax_1_1,Rs62Certificates,Rs62Certificates.RS62LadderRangeLogLeavesC,MathExtras.RS62Ladder.lr_lb_ub_079,IntervalArith.RatInterval.log_enclose_full,transcendental-enclosure,"Rat (exact, unbounded)",53,747,9,"24-term series, ~29 halving steps, argument ~9 decimal digits"
MathExtras.RS62Ladder.lr_lb_ub_080._native.native_decide.ax_1_1,Rs62Certificates,Rs62Certificates.RS62LadderRangeLogLeavesC,MathExtras.RS62Ladder.lr_lb_ub_080,IntervalArith.RatInterval.log_enclose_full,transcendental-enclosure,"Rat (exact, unbounded)",53,747,9,"24-term series, ~29 halving steps, argument ~9 decimal digits"
MathExtras.RS62Ladder.lr_lb_ub_081._native.native_decide.ax_1_1,Rs62Certificates,Rs62Certificates.RS62LadderRangeLogLeavesC,MathExtras.RS62Ladder.lr_lb_ub_081,IntervalArith.RatInterval.log_enclose_full,transcendental-enclosure,"Rat (exact, unbounded)",57,830,10,"24-term series, ~33 halving steps, argument ~10 decimal digits"
MathExtras.RS62Ladder.lr_lb_ub_082._native.native_decide.ax_1_1,Rs62Certificates,Rs62Certificates.RS62LadderRangeLogLeavesC,MathExtras.RS62Ladder.lr_lb_ub_082,IntervalArith.RatInterval.log_enclose_full,transcendental-enclosure,"Rat (exact, unbounded)",53,747,9,"24-term series, ~29 halving steps, argument ~9 decimal digits"
MathExtras.RS62Ladder.lr_lb_ub_083._native.native_decide.ax_1_1,Rs62Certificates,Rs62Certificates.RS62LadderRangeLogLeavesC,MathExtras.RS62Ladder.lr_lb_ub_083,IntervalArith.RatInterval.log_enclose_full,transcendental-enclosure,"Rat (exact, unbounded)",53,747,9,"24-term series, ~29 halving steps, argument ~9 decimal digits"
MathExtras.RS62Ladder.lr_lb_ub_084._native.native_decide.ax_1_1,Rs62Certificates,Rs62Certificates.RS62LadderRangeLogLeavesC,MathExtras.RS62Ladder.lr_lb_ub_084,IntervalArith.RatInterval.log_enclose_full,transcendental-enclosure,"Rat (exact, unbounded)",53,747,9,"24-term series, ~29 halving steps, argument ~9 decimal digits"
MathExtras.RS62Ladder.lr_lb_ub_085._native.native_decide.ax_1_1,Rs62Certificates,Rs62Certificates.RS62LadderRangeLogLeavesC,MathExtras.RS62Ladder.lr_lb_ub_085,IntervalArith.RatInterval.log_enclose_full,transcendental-enclosure,"Rat (exact, unbounded)",57,830,10,"24-term series, ~33 halving steps, argument ~10 decimal digits"
MathExtras.RS62Ladder.lr_lb_ub_086._native.native_decide.ax_1_1,Rs62Certificates,Rs62Certificates.RS62LadderRangeLogLeavesC,MathExtras.RS62Ladder.lr_lb_ub_086,IntervalArith.RatInterval.log_enclose_full,transcendental-enclosure,"Rat (exact, unbounded)",53,747,9,"24-term series, ~29 halving steps, argument ~9 decimal digits"
MathExtras.RS62Ladder.lr_lb_ub_087._native.native_decide.ax_1_1,Rs62Certificates,Rs62Certificates.RS62LadderRangeLogLeavesC,MathExtras.RS62Ladder.lr_lb_ub_087,IntervalArith.RatInterval.log_enclose_full,transcendental-enclosure,"Rat (exact, unbounded)",57,830,10,"24-term series, ~33 halving steps, argument ~10 decimal digits"
MathExtras.RS62Ladder.lr_lb_ub_088._native.native_decide.ax_1_1,Rs62Certificates,Rs62Certificates.RS62LadderRangeLogLeavesC,MathExtras.RS62Ladder.lr_lb_ub_088,IntervalArith.RatInterval.log_enclose_full,transcendental-enclosure,"Rat (exact, unbounded)",53,747,9,"24-term series, ~29 halving steps, argument ~9 decimal digits"
MathExtras.RS62Ladder.lr_lb_ub_089._native.native_decide.ax_1_1,Rs62Certificates,Rs62Certificates.RS62LadderRangeLogLeavesC,MathExtras.RS62Ladder.lr_lb_ub_089,IntervalArith.RatInterval.log_enclose_full,transcendental-enclosure,"Rat (exact, unbounded)",53,747,9,"24-term series, ~29 halving steps, argument ~9 decimal digits"
MathExtras.RS62Ladder.lr_lb_ub_090._native.native_decide.ax_1_1,Rs62Certificates,Rs62Certificates.RS62LadderRangeLogLeavesC,MathExtras.RS62Ladder.lr_lb_ub_090,IntervalArith.RatInterval.log_enclose_full,transcendental-enclosure,"Rat (exact, unbounded)",53,747,9,"24-term series, ~29 halving steps, argument ~9 decimal digits"
MathExtras.RS62Ladder.lr_lb_ub_091._native.native_decide.ax_1_1,Rs62Certificates,Rs62Certificates.RS62LadderRangeLogLeavesC,MathExtras.RS62Ladder.lr_lb_ub_091,IntervalArith.RatInterval.log_enclose_full,transcendental-enclosure,"Rat (exact, unbounded)",53,747,9,"24-term series, ~29 halving steps, argument ~9 decimal digits"
MathExtras.RS62Ladder.lr_lb_ub_092._native.native_decide.ax_1_1,Rs62Certificates,Rs62Certificates.RS62LadderRangeLogLeavesD,MathExtras.RS62Ladder.lr_lb_ub_092,IntervalArith.RatInterval.log_enclose_full,transcendental-enclosure,"Rat (exact, unbounded)",53,747,9,"24-term series, ~29 halving steps, argument ~9 decimal digits"
MathExtras.RS62Ladder.lr_lb_ub_093._native.native_decide.ax_1_1,Rs62Certificates,Rs62Certificates.RS62LadderRangeLogLeavesD,MathExtras.RS62Ladder.lr_lb_ub_093,IntervalArith.RatInterval.log_enclose_full,transcendental-enclosure,"Rat (exact, unbounded)",53,747,9,"24-term series, ~29 halving steps, argument ~9 decimal digits"
MathExtras.RS62Ladder.lr_lb_ub_094._native.native_decide.ax_1_1,Rs62Certificates,Rs62Certificates.RS62LadderRangeLogLeavesD,MathExtras.RS62Ladder.lr_lb_ub_094,IntervalArith.RatInterval.log_enclose_full,transcendental-enclosure,"Rat (exact, unbounded)",57,830,10,"24-term series, ~33 halving steps, argument ~10 decimal digits"
MathExtras.RS62Ladder.lr_lb_ub_095._native.native_decide.ax_1_1,Rs62Certificates,Rs62Certificates.RS62LadderRangeLogLeavesD,MathExtras.RS62Ladder.lr_lb_ub_095,IntervalArith.RatInterval.log_enclose_full,transcendental-enclosure,"Rat (exact, unbounded)",57,830,10,"24-term series, ~33 halving steps, argument ~10 decimal digits"
MathExtras.RS62Ladder.lr_lb_ub_096._native.native_decide.ax_1_1,Rs62Certificates,Rs62Certificates.RS62LadderRangeLogLeavesD,MathExtras.RS62Ladder.lr_lb_ub_096,IntervalArith.RatInterval.log_enclose_full,transcendental-enclosure,"Rat (exact, unbounded)",53,747,9,"24-term series, ~29 halving steps, argument ~9 decimal digits"
MathExtras.RS62Ladder.lr_lb_ub_097._native.native_decide.ax_1_1,Rs62Certificates,Rs62Certificates.RS62LadderRangeLogLeavesD,MathExtras.RS62Ladder.lr_lb_ub_097,IntervalArith.RatInterval.log_enclose_full,transcendental-enclosure,"Rat (exact, unbounded)",53,747,9,"24-term series, ~29 halving steps, argument ~9 decimal digits"
MathExtras.RS62Ladder.lr_lb_ub_098._native.native_decide.ax_1_1,Rs62Certificates,Rs62Certificates.RS62LadderRangeLogLeavesD,MathExtras.RS62Ladder.lr_lb_ub_098,IntervalArith.RatInterval.log_enclose_full,transcendental-enclosure,"Rat (exact, unbounded)",53,747,9,"24-term series, ~29 halving steps, argument ~9 decimal digits"
MathExtras.RS62Ladder.lr_lb_ub_099._native.native_decide.ax_1_1,Rs62Certificates,Rs62Certificates.RS62LadderRangeLogLeavesD,MathExtras.RS62Ladder.lr_lb_ub_099,IntervalArith.RatInterval.log_enclose_full,transcendental-enclosure,"Rat (exact, unbounded)",53,747,9,"24-term series, ~29 halving steps, argument ~9 decimal digits"
MathExtras.RS62Ladder.lr_lb_ub_100._native.native_decide.ax_1_1,Rs62Certificates,Rs62Certificates.RS62LadderRangeLogLeavesD,MathExtras.RS62Ladder.lr_lb_ub_100,IntervalArith.RatInterval.log_enclose_full,transcendental-enclosure,"Rat (exact, unbounded)",53,747,9,"24-term series, ~29 halving steps, argument ~9 decimal digits"
MathExtras.RS62Ladder.lr_lb_ub_101._native.native_decide.ax_1_1,Rs62Certificates,Rs62Certificates.RS62LadderRangeLogLeavesD,MathExtras.RS62Ladder.lr_lb_ub_101,IntervalArith.RatInterval.log_enclose_full,transcendental-enclosure,"Rat (exact, unbounded)",53,747,9,"24-term series, ~29 halving steps, argument ~9 decimal digits"
MathExtras.RS62Ladder.lr_lb_ub_102._native.native_decide.ax_1_1,Rs62Certificates,Rs62Certificates.RS62LadderRangeLogLeavesD,MathExtras.RS62Ladder.lr_lb_ub_102,IntervalArith.RatInterval.log_enclose_full,transcendental-enclosure,"Rat (exact, unbounded)",53,747,9,"24-term series, ~29 halving steps, argument ~9 decimal digits"
MathExtras.RS62Ladder.lr_lb_ub_103._native.native_decide.ax_1_1,Rs62Certificates,Rs62Certificates.RS62LadderRangeLogLeavesD,MathExtras.RS62Ladder.lr_lb_ub_103,IntervalArith.RatInterval.log_enclose_full,transcendental-enclosure,"Rat (exact, unbounded)",57,830,10,"24-term series, ~33 halving steps, argument ~10 decimal digits"
MathExtras.RS62Ladder.lr_lb_ub_104._native.native_decide.ax_1_1,Rs62Certificates,Rs62Certificates.RS62LadderRangeLogLeavesD,MathExtras.RS62Ladder.lr_lb_ub_104,IntervalArith.RatInterval.log_enclose_full,transcendental-enclosure,"Rat (exact, unbounded)",53,747,9,"24-term series, ~29 halving steps, argument ~9 decimal digits"
MathExtras.RS62Ladder.lr_lb_ub_105._native.native_decide.ax_1_1,Rs62Certificates,Rs62Certificates.RS62LadderRangeLogLeavesD,MathExtras.RS62Ladder.lr_lb_ub_105,IntervalArith.RatInterval.log_enclose_full,transcendental-enclosure,"Rat (exact, unbounded)",53,747,9,"24-term series, ~29 halving steps, argument ~9 decimal digits"
MathExtras.RS62Ladder.lr_lb_ub_106._native.native_decide.ax_1_1,Rs62Certificates,Rs62Certificates.RS62LadderRangeLogLeavesD,MathExtras.RS62Ladder.lr_lb_ub_106,IntervalArith.RatInterval.log_enclose_full,transcendental-enclosure,"Rat (exact, unbounded)",53,747,9,"24-term series, ~29 halving steps, argument ~9 decimal digits"
MathExtras.RS62Ladder.lr_lb_ub_107._native.native_decide.ax_1_1,Rs62Certificates,Rs62Certificates.RS62LadderRangeLogLeavesD,MathExtras.RS62Ladder.lr_lb_ub_107,IntervalArith.RatInterval.log_enclose_full,transcendental-enclosure,"Rat (exact, unbounded)",53,747,9,"24-term series, ~29 halving steps, argument ~9 decimal digits"
MathExtras.RS62Ladder.lr_lb_ub_108._native.native_decide.ax_1_1,Rs62Certificates,Rs62Certificates.RS62LadderRangeLogLeavesD,MathExtras.RS62Ladder.lr_lb_ub_108,IntervalArith.RatInterval.log_enclose_full,transcendental-enclosure,"Rat (exact, unbounded)",57,830,10,"24-term series, ~33 halving steps, argument ~10 decimal digits"
MathExtras.RS62Ladder.lr_lb_ub_109._native.native_decide.ax_1_1,Rs62Certificates,Rs62Certificates.RS62LadderRangeLogLeavesD,MathExtras.RS62Ladder.lr_lb_ub_109,IntervalArith.RatInterval.log_enclose_full,transcendental-enclosure,"Rat (exact, unbounded)",57,830,10,"24-term series, ~33 halving steps, argument ~10 decimal digits"
MathExtras.RS62Ladder.lr_lb_ub_110._native.native_decide.ax_1_1,Rs62Certificates,Rs62Certificates.RS62LadderRangeLogLeavesD,MathExtras.RS62Ladder.lr_lb_ub_110,IntervalArith.RatInterval.log_enclose_full,transcendental-enclosure,"Rat (exact, unbounded)",57,830,10,"24-term series, ~33 halving steps, argument ~10 decimal digits"
MathExtras.RS62Ladder.lr_lb_ub_111._native.native_decide.ax_1_1,Rs62Certificates,Rs62Certificates.RS62LadderRangeLogLeavesD,MathExtras.RS62Ladder.lr_lb_ub_111,IntervalArith.RatInterval.log_enclose_full,transcendental-enclosure,"Rat (exact, unbounded)",53,747,9,"24-term series, ~29 halving steps, argument ~9 decimal digits"
MathExtras.RS62Ladder.lr_lb_ub_112._native.native_decide.ax_1_1,Rs62Certificates,Rs62Certificates.RS62LadderRangeLogLeavesD,MathExtras.RS62Ladder.lr_lb_ub_112,IntervalArith.RatInterval.log_enclose_full,transcendental-enclosure,"Rat (exact, unbounded)",57,830,10,"24-term series, ~33 halving steps, argument ~10 decimal digits"
MathExtras.RS62Ladder.lr_lb_ub_113._native.native_decide.ax_1_1,Rs62Certificates,Rs62Certificates.RS62LadderRangeLogLeavesD,MathExtras.RS62Ladder.lr_lb_ub_113,IntervalArith.RatInterval.log_enclose_full,transcendental-enclosure,"Rat (exact, unbounded)",57,830,10,"24-term series, ~33 halving steps, argument ~10 decimal digits"
MathExtras.RS62Ladder.lr_lb_ub_114._native.native_decide.ax_1_1,Rs62Certificates,Rs62Certificates.RS62LadderRangeLogLeavesD,MathExtras.RS62Ladder.lr_lb_ub_114,IntervalArith.RatInterval.log_enclose_full,transcendental-enclosure,"Rat (exact, unbounded)",53,747,9,"24-term series, ~29 halving steps, argument ~9 decimal digits"
MathExtras.RS62Ladder.lr_lb_ub_115._native.native_decide.ax_1_1,Rs62Certificates,Rs62Certificates.RS62LadderRangeLogLeavesD,MathExtras.RS62Ladder.lr_lb_ub_115,IntervalArith.RatInterval.log_enclose_full,transcendental-enclosure,"Rat (exact, unbounded)",53,747,9,"24-term series, ~29 halving steps, argument ~9 decimal digits"
MathExtras.RS62Ladder.lr_lb_ub_116._native.native_decide.ax_1_1,Rs62Certificates,Rs62Certificates.RS62LadderRangeLogLeavesD,MathExtras.RS62Ladder.lr_lb_ub_116,IntervalArith.RatInterval.log_enclose_full,transcendental-enclosure,"Rat (exact, unbounded)",53,747,9,"24-term series, ~29 halving steps, argument ~9 decimal digits"
MathExtras.RS62Ladder.lr_lb_ub_117._native.native_decide.ax_1_1,Rs62Certificates,Rs62Certificates.RS62LadderRangeLogLeavesD,MathExtras.RS62Ladder.lr_lb_ub_117,IntervalArith.RatInterval.log_enclose_full,transcendental-enclosure,"Rat (exact, unbounded)",53,747,9,"24-term series, ~29 halving steps, argument ~9 decimal digits"
MathExtras.RS62Ladder.lr_lb_ub_118._native.native_decide.ax_1_1,Rs62Certificates,Rs62Certificates.RS62LadderRangeLogLeavesD,MathExtras.RS62Ladder.lr_lb_ub_118,IntervalArith.RatInterval.log_enclose_full,transcendental-enclosure,"Rat (exact, unbounded)",57,830,10,"24-term series, ~33 halving steps, argument ~10 decimal digits"
MathExtras.RS62Ladder.lr_lb_ub_119._native.native_decide.ax_1_1,Rs62Certificates,Rs62Certificates.RS62LadderRangeLogLeavesD,MathExtras.RS62Ladder.lr_lb_ub_119,IntervalArith.RatInterval.log_enclose_full,transcendental-enclosure,"Rat (exact, unbounded)",53,747,9,"24-term series, ~29 halving steps, argument ~9 decimal digits"
MathExtras.RS62Ladder.lr_lb_ub_120._native.native_decide.ax_1_1,Rs62Certificates,Rs62Certificates.RS62LadderRangeLogLeavesD,MathExtras.RS62Ladder.lr_lb_ub_120,IntervalArith.RatInterval.log_enclose_full,transcendental-enclosure,"Rat (exact, unbounded)",53,747,9,"24-term series, ~29 halving steps, argument ~9 decimal digits"
MathExtras.RS62Ladder.lr_lx_lb_000._native.native_decide.ax_1_1,Rs62Certificates,Rs62Certificates.RS62LadderRangeLogLeavesA,MathExtras.RS62Ladder.lr_lx_lb_000,IntervalArith.RatInterval.log_enclose_full,transcendental-enclosure,"Rat (exact, unbounded)",53,747,9,"24-term series, ~29 halving steps, argument ~9 decimal digits"
MathExtras.RS62Ladder.lr_lx_lb_001._native.native_decide.ax_1_1,Rs62Certificates,Rs62Certificates.RS62LadderRangeLogLeavesA,MathExtras.RS62Ladder.lr_lx_lb_001,IntervalArith.RatInterval.log_enclose_full,transcendental-enclosure,"Rat (exact, unbounded)",53,747,9,"24-term series, ~29 halving steps, argument ~9 decimal digits"
MathExtras.RS62Ladder.lr_lx_lb_002._native.native_decide.ax_1_1,Rs62Certificates,Rs62Certificates.RS62LadderRangeLogLeavesA,MathExtras.RS62Ladder.lr_lx_lb_002,IntervalArith.RatInterval.log_enclose_full,transcendental-enclosure,"Rat (exact, unbounded)",53,747,9,"24-term series, ~29 halving steps, argument ~9 decimal digits"
MathExtras.RS62Ladder.lr_lx_lb_003._native.native_decide.ax_1_1,Rs62Certificates,Rs62Certificates.RS62LadderRangeLogLeavesA,MathExtras.RS62Ladder.lr_lx_lb_003,IntervalArith.RatInterval.log_enclose_full,transcendental-enclosure,"Rat (exact, unbounded)",53,747,9,"24-term series, ~29 halving steps, argument ~9 decimal digits"
MathExtras.RS62Ladder.lr_lx_lb_004._native.native_decide.ax_1_1,Rs62Certificates,Rs62Certificates.RS62LadderRangeLogLeavesA,MathExtras.RS62Ladder.lr_lx_lb_004,IntervalArith.RatInterval.log_enclose_full,transcendental-enclosure,"Rat (exact, unbounded)",53,747,9,"24-term series, ~29 halving steps, argument ~9 decimal digits"
MathExtras.RS62Ladder.lr_lx_lb_005._native.native_decide.ax_1_1,Rs62Certificates,Rs62Certificates.RS62LadderRangeLogLeavesA,MathExtras.RS62Ladder.lr_lx_lb_005,IntervalArith.RatInterval.log_enclose_full,transcendental-enclosure,"Rat (exact, unbounded)",53,747,9,"24-term series, ~29 halving steps, argument ~9 decimal digits"
MathExtras.RS62Ladder.lr_lx_lb_006._native.native_decide.ax_1_1,Rs62Certificates,Rs62Certificates.RS62LadderRangeLogLeavesA,MathExtras.RS62Ladder.lr_lx_lb_006,IntervalArith.RatInterval.log_enclose_full,transcendental-enclosure,"Rat (exact, unbounded)",53,747,9,"24-term series, ~29 halving steps, argument ~9 decimal digits"
MathExtras.RS62Ladder.lr_lx_lb_007._native.native_decide.ax_1_1,Rs62Certificates,Rs62Certificates.RS62LadderRangeLogLeavesA,MathExtras.RS62Ladder.lr_lx_lb_007,IntervalArith.RatInterval.log_enclose_full,transcendental-enclosure,"Rat (exact, unbounded)",53,747,9,"24-term series, ~29 halving steps, argument ~9 decimal digits"
MathExtras.RS62Ladder.lr_lx_lb_008._native.native_decide.ax_1_1,Rs62Certificates,Rs62Certificates.RS62LadderRangeLogLeavesA,MathExtras.RS62Ladder.lr_lx_lb_008,IntervalArith.RatInterval.log_enclose_full,transcendental-enclosure,"Rat (exact, unbounded)",53,747,9,"24-term series, ~29 halving steps, argument ~9 decimal digits"
MathExtras.RS62Ladder.lr_lx_lb_009._native.native_decide.ax_1_1,Rs62Certificates,Rs62Certificates.RS62LadderRangeLogLeavesA,MathExtras.RS62Ladder.lr_lx_lb_009,IntervalArith.RatInterval.log_enclose_full,transcendental-enclosure,"Rat (exact, unbounded)",53,747,9,"24-term series, ~29 halving steps, argument ~9 decimal digits"
MathExtras.RS62Ladder.lr_lx_lb_010._native.native_decide.ax_1_1,Rs62Certificates,Rs62Certificates.RS62LadderRangeLogLeavesA,MathExtras.RS62Ladder.lr_lx_lb_010,IntervalArith.RatInterval.log_enclose_full,transcendental-enclosure,"Rat (exact, unbounded)",53,747,9,"24-term series, ~29 halving steps, argument ~9 decimal digits"
MathExtras.RS62Ladder.lr_lx_lb_011._native.native_decide.ax_1_1,Rs62Certificates,Rs62Certificates.RS62LadderRangeLogLeavesA,MathExtras.RS62Ladder.lr_lx_lb_011,IntervalArith.RatInterval.log_enclose_full,transcendental-enclosure,"Rat (exact, unbounded)",53,747,9,"24-term series, ~29 halving steps, argument ~9 decimal digits"
MathExtras.RS62Ladder.lr_lx_lb_012._native.native_decide.ax_1_1,Rs62Certificates,Rs62Certificates.RS62LadderRangeLogLeavesA,MathExtras.RS62Ladder.lr_lx_lb_012,IntervalArith.RatInterval.log_enclose_full,transcendental-enclosure,"Rat (exact, unbounded)",53,747,9,"24-term series, ~29 halving steps, argument ~9 decimal digits"
MathExtras.RS62Ladder.lr_lx_lb_013._native.native_decide.ax_1_1,Rs62Certificates,Rs62Certificates.RS62LadderRangeLogLeavesA,MathExtras.RS62Ladder.lr_lx_lb_013,IntervalArith.RatInterval.log_enclose_full,transcendental-enclosure,"Rat (exact, unbounded)",53,747,9,"24-term series, ~29 halving steps, argument ~9 decimal digits"
MathExtras.RS62Ladder.lr_lx_lb_014._native.native_decide.ax_1_1,Rs62Certificates,Rs62Certificates.RS62LadderRangeLogLeavesA,MathExtras.RS62Ladder.lr_lx_lb_014,IntervalArith.RatInterval.log_enclose_full,transcendental-enclosure,"Rat (exact, unbounded)",53,747,9,"24-term series, ~29 halving steps, argument ~9 decimal digits"
MathExtras.RS62Ladder.lr_lx_lb_015._native.native_decide.ax_1_1,Rs62Certificates,Rs62Certificates.RS62LadderRangeLogLeavesA,MathExtras.RS62Ladder.lr_lx_lb_015,IntervalArith.RatInterval.log_enclose_full,transcendental-enclosure,"Rat (exact, unbounded)",53,747,9,"24-term series, ~29 halving steps, argument ~9 decimal digits"
MathExtras.RS62Ladder.lr_lx_lb_016._native.native_decide.ax_1_1,Rs62Certificates,Rs62Certificates.RS62LadderRangeLogLeavesA,MathExtras.RS62Ladder.lr_lx_lb_016,IntervalArith.RatInterval.log_enclose_full,transcendental-enclosure,"Rat (exact, unbounded)",53,747,9,"24-term series, ~29 halving steps, argument ~9 decimal digits"
MathExtras.RS62Ladder.lr_lx_lb_017._native.native_decide.ax_1_1,Rs62Certificates,Rs62Certificates.RS62LadderRangeLogLeavesA,MathExtras.RS62Ladder.lr_lx_lb_017,IntervalArith.RatInterval.log_enclose_full,transcendental-enclosure,"Rat (exact, unbounded)",53,747,9,"24-term series, ~29 halving steps, argument ~9 decimal digits"
MathExtras.RS62Ladder.lr_lx_lb_018._native.native_decide.ax_1_1,Rs62Certificates,Rs62Certificates.RS62LadderRangeLogLeavesA,MathExtras.RS62Ladder.lr_lx_lb_018,IntervalArith.RatInterval.log_enclose_full,transcendental-enclosure,"Rat (exact, unbounded)",53,747,9,"24-term series, ~29 halving steps, argument ~9 decimal digits"
MathExtras.RS62Ladder.lr_lx_lb_019._native.native_decide.ax_1_1,Rs62Certificates,Rs62Certificates.RS62LadderRangeLogLeavesA,MathExtras.RS62Ladder.lr_lx_lb_019,IntervalArith.RatInterval.log_enclose_full,transcendental-enclosure,"Rat (exact, unbounded)",53,747,9,"24-term series, ~29 halving steps, argument ~9 decimal digits"
MathExtras.RS62Ladder.lr_lx_lb_020._native.native_decide.ax_1_1,Rs62Certificates,Rs62Certificates.RS62LadderRangeLogLeavesA,MathExtras.RS62Ladder.lr_lx_lb_020,IntervalArith.RatInterval.log_enclose_full,transcendental-enclosure,"Rat (exact, unbounded)",53,747,9,"24-term series, ~29 halving steps, argument ~9 decimal digits"
MathExtras.RS62Ladder.lr_lx_lb_021._native.native_decide.ax_1_1,Rs62Certificates,Rs62Certificates.RS62LadderRangeLogLeavesA,MathExtras.RS62Ladder.lr_lx_lb_021,IntervalArith.RatInterval.log_enclose_full,transcendental-enclosure,"Rat (exact, unbounded)",53,747,9,"24-term series, ~29 halving steps, argument ~9 decimal digits"
MathExtras.RS62Ladder.lr_lx_lb_022._native.native_decide.ax_1_1,Rs62Certificates,Rs62Certificates.RS62LadderRangeLogLeavesA,MathExtras.RS62Ladder.lr_lx_lb_022,IntervalArith.RatInterval.log_enclose_full,transcendental-enclosure,"Rat (exact, unbounded)",53,747,9,"24-term series, ~29 halving steps, argument ~9 decimal digits"
MathExtras.RS62Ladder.lr_lx_lb_023._native.native_decide.ax_1_1,Rs62Certificates,Rs62Certificates.RS62LadderRangeLogLeavesA,MathExtras.RS62Ladder.lr_lx_lb_023,IntervalArith.RatInterval.log_enclose_full,transcendental-enclosure,"Rat (exact, unbounded)",53,747,9,"24-term series, ~29 halving steps, argument ~9 decimal digits"
MathExtras.RS62Ladder.lr_lx_lb_024._native.native_decide.ax_1_1,Rs62Certificates,Rs62Certificates.RS62LadderRangeLogLeavesA,MathExtras.RS62Ladder.lr_lx_lb_024,IntervalArith.RatInterval.log_enclose_full,transcendental-enclosure,"Rat (exact, unbounded)",53,747,9,"24-term series, ~29 halving steps, argument ~9 decimal digits"
MathExtras.RS62Ladder.lr_lx_lb_025._native.native_decide.ax_1_1,Rs62Certificates,Rs62Certificates.RS62LadderRangeLogLeavesA,MathExtras.RS62Ladder.lr_lx_lb_025,IntervalArith.RatInterval.log_enclose_full,transcendental-enclosure,"Rat (exact, unbounded)",53,747,9,"24-term series, ~29 halving steps, argument ~9 decimal digits"
MathExtras.RS62Ladder.lr_lx_lb_026._native.native_decide.ax_1_1,Rs62Certificates,Rs62Certificates.RS62LadderRangeLogLeavesA,MathExtras.RS62Ladder.lr_lx_lb_026,IntervalArith.RatInterval.log_enclose_full,transcendental-enclosure,"Rat (exact, unbounded)",53,747,9,"24-term series, ~29 halving steps, argument ~9 decimal digits"
MathExtras.RS62Ladder.lr_lx_lb_027._native.native_decide.ax_1_1,Rs62Certificates,Rs62Certificates.RS62LadderRangeLogLeavesA,MathExtras.RS62Ladder.lr_lx_lb_027,IntervalArith.RatInterval.log_enclose_full,transcendental-enclosure,"Rat (exact, unbounded)",53,747,9,"24-term series, ~29 halving steps, argument ~9 decimal digits"
MathExtras.RS62Ladder.lr_lx_lb_028._native.native_decide.ax_1_1,Rs62Certificates,Rs62Certificates.RS62LadderRangeLogLeavesA,MathExtras.RS62Ladder.lr_lx_lb_028,IntervalArith.RatInterval.log_enclose_full,transcendental-enclosure,"Rat (exact, unbounded)",53,747,9,"24-term series, ~29 halving steps, argument ~9 decimal digits"
MathExtras.RS62Ladder.lr_lx_lb_029._native.native_decide.ax_1_1,Rs62Certificates,Rs62Certificates.RS62LadderRangeLogLeavesA,MathExtras.RS62Ladder.lr_lx_lb_029,IntervalArith.RatInterval.log_enclose_full,transcendental-enclosure,"Rat (exact, unbounded)",53,747,9,"24-term series, ~29 halving steps, argument ~9 decimal digits"
MathExtras.RS62Ladder.lr_lx_lb_030._native.native_decide.ax_1_1,Rs62Certificates,Rs62Certificates.RS62LadderRangeLogLeavesA,MathExtras.RS62Ladder.lr_lx_lb_030,IntervalArith.RatInterval.log_enclose_full,transcendental-enclosure,"Rat (exact, unbounded)",53,747,9,"24-term series, ~29 halving steps, argument ~9 decimal digits"
MathExtras.RS62Ladder.lr_lx_lb_031._native.native_decide.ax_1_1,Rs62Certificates,Rs62Certificates.RS62LadderRangeLogLeavesB,MathExtras.RS62Ladder.lr_lx_lb_031,IntervalArith.RatInterval.log_enclose_full,transcendental-enclosure,"Rat (exact, unbounded)",53,747,9,"24-term series, ~29 halving steps, argument ~9 decimal digits"
MathExtras.RS62Ladder.lr_lx_lb_032._native.native_decide.ax_1_1,Rs62Certificates,Rs62Certificates.RS62LadderRangeLogLeavesB,MathExtras.RS62Ladder.lr_lx_lb_032,IntervalArith.RatInterval.log_enclose_full,transcendental-enclosure,"Rat (exact, unbounded)",53,747,9,"24-term series, ~29 halving steps, argument ~9 decimal digits"
MathExtras.RS62Ladder.lr_lx_lb_033._native.native_decide.ax_1_1,Rs62Certificates,Rs62Certificates.RS62LadderRangeLogLeavesB,MathExtras.RS62Ladder.lr_lx_lb_033,IntervalArith.RatInterval.log_enclose_full,transcendental-enclosure,"Rat (exact, unbounded)",53,747,9,"24-term series, ~29 halving steps, argument ~9 decimal digits"
MathExtras.RS62Ladder.lr_lx_lb_034._native.native_decide.ax_1_1,Rs62Certificates,Rs62Certificates.RS62LadderRangeLogLeavesB,MathExtras.RS62Ladder.lr_lx_lb_034,IntervalArith.RatInterval.log_enclose_full,transcendental-enclosure,"Rat (exact, unbounded)",53,747,9,"24-term series, ~29 halving steps, argument ~9 decimal digits"
MathExtras.RS62Ladder.lr_lx_lb_035._native.native_decide.ax_1_1,Rs62Certificates,Rs62Certificates.RS62LadderRangeLogLeavesB,MathExtras.RS62Ladder.lr_lx_lb_035,IntervalArith.RatInterval.log_enclose_full,transcendental-enclosure,"Rat (exact, unbounded)",53,747,9,"24-term series, ~29 halving steps, argument ~9 decimal digits"
MathExtras.RS62Ladder.lr_lx_lb_036._native.native_decide.ax_1_1,Rs62Certificates,Rs62Certificates.RS62LadderRangeLogLeavesB,MathExtras.RS62Ladder.lr_lx_lb_036,IntervalArith.RatInterval.log_enclose_full,transcendental-enclosure,"Rat (exact, unbounded)",53,747,9,"24-term series, ~29 halving steps, argument ~9 decimal digits"
MathExtras.RS62Ladder.lr_lx_lb_037._native.native_decide.ax_1_1,Rs62Certificates,Rs62Certificates.RS62LadderRangeLogLeavesB,MathExtras.RS62Ladder.lr_lx_lb_037,IntervalArith.RatInterval.log_enclose_full,transcendental-enclosure,"Rat (exact, unbounded)",53,747,9,"24-term series, ~29 halving steps, argument ~9 decimal digits"
MathExtras.RS62Ladder.lr_lx_lb_038._native.native_decide.ax_1_1,Rs62Certificates,Rs62Certificates.RS62LadderRangeLogLeavesB,MathExtras.RS62Ladder.lr_lx_lb_038,IntervalArith.RatInterval.log_enclose_full,transcendental-enclosure,"Rat (exact, unbounded)",53,747,9,"24-term series, ~29 halving steps, argument ~9 decimal digits"
MathExtras.RS62Ladder.lr_lx_lb_039._native.native_decide.ax_1_1,Rs62Certificates,Rs62Certificates.RS62LadderRangeLogLeavesB,MathExtras.RS62Ladder.lr_lx_lb_039,IntervalArith.RatInterval.log_enclose_full,transcendental-enclosure,"Rat (exact, unbounded)",53,747,9,"24-term series, ~29 halving steps, argument ~9 decimal digits"
MathExtras.RS62Ladder.lr_lx_lb_040._native.native_decide.ax_1_1,Rs62Certificates,Rs62Certificates.RS62LadderRangeLogLeavesB,MathExtras.RS62Ladder.lr_lx_lb_040,IntervalArith.RatInterval.log_enclose_full,transcendental-enclosure,"Rat (exact, unbounded)",53,747,9,"24-term series, ~29 halving steps, argument ~9 decimal digits"
MathExtras.RS62Ladder.lr_lx_lb_041._native.native_decide.ax_1_1,Rs62Certificates,Rs62Certificates.RS62LadderRangeLogLeavesB,MathExtras.RS62Ladder.lr_lx_lb_041,IntervalArith.RatInterval.log_enclose_full,transcendental-enclosure,"Rat (exact, unbounded)",53,747,9,"24-term series, ~29 halving steps, argument ~9 decimal digits"
MathExtras.RS62Ladder.lr_lx_lb_042._native.native_decide.ax_1_1,Rs62Certificates,Rs62Certificates.RS62LadderRangeLogLeavesB,MathExtras.RS62Ladder.lr_lx_lb_042,IntervalArith.RatInterval.log_enclose_full,transcendental-enclosure,"Rat (exact, unbounded)",53,747,9,"24-term series, ~29 halving steps, argument ~9 decimal digits"
MathExtras.RS62Ladder.lr_lx_lb_043._native.native_decide.ax_1_1,Rs62Certificates,Rs62Certificates.RS62LadderRangeLogLeavesB,MathExtras.RS62Ladder.lr_lx_lb_043,IntervalArith.RatInterval.log_enclose_full,transcendental-enclosure,"Rat (exact, unbounded)",53,747,9,"24-term series, ~29 halving steps, argument ~9 decimal digits"
MathExtras.RS62Ladder.lr_lx_lb_044._native.native_decide.ax_1_1,Rs62Certificates,Rs62Certificates.RS62LadderRangeLogLeavesB,MathExtras.RS62Ladder.lr_lx_lb_044,IntervalArith.RatInterval.log_enclose_full,transcendental-enclosure,"Rat (exact, unbounded)",53,747,9,"24-term series, ~29 halving steps, argument ~9 decimal digits"
MathExtras.RS62Ladder.lr_lx_lb_045._native.native_decide.ax_1_1,Rs62Certificates,Rs62Certificates.RS62LadderRangeLogLeavesB,MathExtras.RS62Ladder.lr_lx_lb_045,IntervalArith.RatInterval.log_enclose_full,transcendental-enclosure,"Rat (exact, unbounded)",53,747,9,"24-term series, ~29 halving steps, argument ~9 decimal digits"
MathExtras.RS62Ladder.lr_lx_lb_046._native.native_decide.ax_1_1,Rs62Certificates,Rs62Certificates.RS62LadderRangeLogLeavesB,MathExtras.RS62Ladder.lr_lx_lb_046,IntervalArith.RatInterval.log_enclose_full,transcendental-enclosure,"Rat (exact, unbounded)",53,747,9,"24-term series, ~29 halving steps, argument ~9 decimal digits"
MathExtras.RS62Ladder.lr_lx_lb_047._native.native_decide.ax_1_1,Rs62Certificates,Rs62Certificates.RS62LadderRangeLogLeavesB,MathExtras.RS62Ladder.lr_lx_lb_047,IntervalArith.RatInterval.log_enclose_full,transcendental-enclosure,"Rat (exact, unbounded)",53,747,9,"24-term series, ~29 halving steps, argument ~9 decimal digits"
MathExtras.RS62Ladder.lr_lx_lb_048._native.native_decide.ax_1_1,Rs62Certificates,Rs62Certificates.RS62LadderRangeLogLeavesB,MathExtras.RS62Ladder.lr_lx_lb_048,IntervalArith.RatInterval.log_enclose_full,transcendental-enclosure,"Rat (exact, unbounded)",53,747,9,"24-term series, ~29 halving steps, argument ~9 decimal digits"
MathExtras.RS62Ladder.lr_lx_lb_049._native.native_decide.ax_1_1,Rs62Certificates,Rs62Certificates.RS62LadderRangeLogLeavesB,MathExtras.RS62Ladder.lr_lx_lb_049,IntervalArith.RatInterval.log_enclose_full,transcendental-enclosure,"Rat (exact, unbounded)",53,747,9,"24-term series, ~29 halving steps, argument ~9 decimal digits"
MathExtras.RS62Ladder.lr_lx_lb_050._native.native_decide.ax_1_1,Rs62Certificates,Rs62Certificates.RS62LadderRangeLogLeavesB,MathExtras.RS62Ladder.lr_lx_lb_050,IntervalArith.RatInterval.log_enclose_full,transcendental-enclosure,"Rat (exact, unbounded)",53,747,9,"24-term series, ~29 halving steps, argument ~9 decimal digits"
MathExtras.RS62Ladder.lr_lx_lb_051._native.native_decide.ax_1_1,Rs62Certificates,Rs62Certificates.RS62LadderRangeLogLeavesB,MathExtras.RS62Ladder.lr_lx_lb_051,IntervalArith.RatInterval.log_enclose_full,transcendental-enclosure,"Rat (exact, unbounded)",53,747,9,"24-term series, ~29 halving steps, argument ~9 decimal digits"
MathExtras.RS62Ladder.lr_lx_lb_052._native.native_decide.ax_1_1,Rs62Certificates,Rs62Certificates.RS62LadderRangeLogLeavesB,MathExtras.RS62Ladder.lr_lx_lb_052,IntervalArith.RatInterval.log_enclose_full,transcendental-enclosure,"Rat (exact, unbounded)",53,747,9,"24-term series, ~29 halving steps, argument ~9 decimal digits"
MathExtras.RS62Ladder.lr_lx_lb_053._native.native_decide.ax_1_1,Rs62Certificates,Rs62Certificates.RS62LadderRangeLogLeavesB,MathExtras.RS62Ladder.lr_lx_lb_053,IntervalArith.RatInterval.log_enclose_full,transcendental-enclosure,"Rat (exact, unbounded)",53,747,9,"24-term series, ~29 halving steps, argument ~9 decimal digits"
MathExtras.RS62Ladder.lr_lx_lb_054._native.native_decide.ax_1_1,Rs62Certificates,Rs62Certificates.RS62LadderRangeLogLeavesB,MathExtras.RS62Ladder.lr_lx_lb_054,IntervalArith.RatInterval.log_enclose_full,transcendental-enclosure,"Rat (exact, unbounded)",53,747,9,"24-term series, ~29 halving steps, argument ~9 decimal digits"
MathExtras.RS62Ladder.lr_lx_lb_055._native.native_decide.ax_1_1,Rs62Certificates,Rs62Certificates.RS62LadderRangeLogLeavesB,MathExtras.RS62Ladder.lr_lx_lb_055,IntervalArith.RatInterval.log_enclose_full,transcendental-enclosure,"Rat (exact, unbounded)",53,747,9,"24-term series, ~29 halving steps, argument ~9 decimal digits"
MathExtras.RS62Ladder.lr_lx_lb_056._native.native_decide.ax_1_1,Rs62Certificates,Rs62Certificates.RS62LadderRangeLogLeavesB,MathExtras.RS62Ladder.lr_lx_lb_056,IntervalArith.RatInterval.log_enclose_full,transcendental-enclosure,"Rat (exact, unbounded)",53,747,9,"24-term series, ~29 halving steps, argument ~9 decimal digits"
MathExtras.RS62Ladder.lr_lx_lb_057._native.native_decide.ax_1_1,Rs62Certificates,Rs62Certificates.RS62LadderRangeLogLeavesB,MathExtras.RS62Ladder.lr_lx_lb_057,IntervalArith.RatInterval.log_enclose_full,transcendental-enclosure,"Rat (exact, unbounded)",53,747,9,"24-term series, ~29 halving steps, argument ~9 decimal digits"
MathExtras.RS62Ladder.lr_lx_lb_058._native.native_decide.ax_1_1,Rs62Certificates,Rs62Certificates.RS62LadderRangeLogLeavesB,MathExtras.RS62Ladder.lr_lx_lb_058,IntervalArith.RatInterval.log_enclose_full,transcendental-enclosure,"Rat (exact, unbounded)",53,747,9,"24-term series, ~29 halving steps, argument ~9 decimal digits"
MathExtras.RS62Ladder.lr_lx_lb_059._native.native_decide.ax_1_1,Rs62Certificates,Rs62Certificates.RS62LadderRangeLogLeavesB,MathExtras.RS62Ladder.lr_lx_lb_059,IntervalArith.RatInterval.log_enclose_full,transcendental-enclosure,"Rat (exact, unbounded)",53,747,9,"24-term series, ~29 halving steps, argument ~9 decimal digits"
MathExtras.RS62Ladder.lr_lx_lb_060._native.native_decide.ax_1_1,Rs62Certificates,Rs62Certificates.RS62LadderRangeLogLeavesB,MathExtras.RS62Ladder.lr_lx_lb_060,IntervalArith.RatInterval.log_enclose_full,transcendental-enclosure,"Rat (exact, unbounded)",53,747,9,"24-term series, ~29 halving steps, argument ~9 decimal digits"
MathExtras.RS62Ladder.lr_lx_lb_061._native.native_decide.ax_1_1,Rs62Certificates,Rs62Certificates.RS62LadderRangeLogLeavesB,MathExtras.RS62Ladder.lr_lx_lb_061,IntervalArith.RatInterval.log_enclose_full,transcendental-enclosure,"Rat (exact, unbounded)",53,747,9,"24-term series, ~29 halving steps, argument ~9 decimal digits"
MathExtras.RS62Ladder.lr_lx_lb_062._native.native_decide.ax_1_1,Rs62Certificates,Rs62Certificates.RS62LadderRangeLogLeavesC,MathExtras.RS62Ladder.lr_lx_lb_062,IntervalArith.RatInterval.log_enclose_full,transcendental-enclosure,"Rat (exact, unbounded)",53,747,9,"24-term series, ~29 halving steps, argument ~9 decimal digits"
MathExtras.RS62Ladder.lr_lx_lb_063._native.native_decide.ax_1_1,Rs62Certificates,Rs62Certificates.RS62LadderRangeLogLeavesC,MathExtras.RS62Ladder.lr_lx_lb_063,IntervalArith.RatInterval.log_enclose_full,transcendental-enclosure,"Rat (exact, unbounded)",53,747,9,"24-term series, ~29 halving steps, argument ~9 decimal digits"
MathExtras.RS62Ladder.lr_lx_lb_064._native.native_decide.ax_1_1,Rs62Certificates,Rs62Certificates.RS62LadderRangeLogLeavesC,MathExtras.RS62Ladder.lr_lx_lb_064,IntervalArith.RatInterval.log_enclose_full,transcendental-enclosure,"Rat (exact, unbounded)",53,747,9,"24-term series, ~29 halving steps, argument ~9 decimal digits"
MathExtras.RS62Ladder.lr_lx_lb_065._native.native_decide.ax_1_1,Rs62Certificates,Rs62Certificates.RS62LadderRangeLogLeavesC,MathExtras.RS62Ladder.lr_lx_lb_065,IntervalArith.RatInterval.log_enclose_full,transcendental-enclosure,"Rat (exact, unbounded)",53,747,9,"24-term series, ~29 halving steps, argument ~9 decimal digits"
MathExtras.RS62Ladder.lr_lx_lb_066._native.native_decide.ax_1_1,Rs62Certificates,Rs62Certificates.RS62LadderRangeLogLeavesC,MathExtras.RS62Ladder.lr_lx_lb_066,IntervalArith.RatInterval.log_enclose_full,transcendental-enclosure,"Rat (exact, unbounded)",53,747,9,"24-term series, ~29 halving steps, argument ~9 decimal digits"
MathExtras.RS62Ladder.lr_lx_lb_067._native.native_decide.ax_1_1,Rs62Certificates,Rs62Certificates.RS62LadderRangeLogLeavesC,MathExtras.RS62Ladder.lr_lx_lb_067,IntervalArith.RatInterval.log_enclose_full,transcendental-enclosure,"Rat (exact, unbounded)",53,747,9,"24-term series, ~29 halving steps, argument ~9 decimal digits"
MathExtras.RS62Ladder.lr_lx_lb_068._native.native_decide.ax_1_1,Rs62Certificates,Rs62Certificates.RS62LadderRangeLogLeavesC,MathExtras.RS62Ladder.lr_lx_lb_068,IntervalArith.RatInterval.log_enclose_full,transcendental-enclosure,"Rat (exact, unbounded)",53,747,9,"24-term series, ~29 halving steps, argument ~9 decimal digits"
MathExtras.RS62Ladder.lr_lx_lb_069._native.native_decide.ax_1_1,Rs62Certificates,Rs62Certificates.RS62LadderRangeLogLeavesC,MathExtras.RS62Ladder.lr_lx_lb_069,IntervalArith.RatInterval.log_enclose_full,transcendental-enclosure,"Rat (exact, unbounded)",53,747,9,"24-term series, ~29 halving steps, argument ~9 decimal digits"
MathExtras.RS62Ladder.lr_lx_lb_070._native.native_decide.ax_1_1,Rs62Certificates,Rs62Certificates.RS62LadderRangeLogLeavesC,MathExtras.RS62Ladder.lr_lx_lb_070,IntervalArith.RatInterval.log_enclose_full,transcendental-enclosure,"Rat (exact, unbounded)",53,747,9,"24-term series, ~29 halving steps, argument ~9 decimal digits"
MathExtras.RS62Ladder.lr_lx_lb_071._native.native_decide.ax_1_1,Rs62Certificates,Rs62Certificates.RS62LadderRangeLogLeavesC,MathExtras.RS62Ladder.lr_lx_lb_071,IntervalArith.RatInterval.log_enclose_full,transcendental-enclosure,"Rat (exact, unbounded)",53,747,9,"24-term series, ~29 halving steps, argument ~9 decimal digits"
MathExtras.RS62Ladder.lr_lx_lb_072._native.native_decide.ax_1_1,Rs62Certificates,Rs62Certificates.RS62LadderRangeLogLeavesC,MathExtras.RS62Ladder.lr_lx_lb_072,IntervalArith.RatInterval.log_enclose_full,transcendental-enclosure,"Rat (exact, unbounded)",53,747,9,"24-term series, ~29 halving steps, argument ~9 decimal digits"
MathExtras.RS62Ladder.lr_lx_lb_073._native.native_decide.ax_1_1,Rs62Certificates,Rs62Certificates.RS62LadderRangeLogLeavesC,MathExtras.RS62Ladder.lr_lx_lb_073,IntervalArith.RatInterval.log_enclose_full,transcendental-enclosure,"Rat (exact, unbounded)",53,747,9,"24-term series, ~29 halving steps, argument ~9 decimal digits"
MathExtras.RS62Ladder.lr_lx_lb_074._native.native_decide.ax_1_1,Rs62Certificates,Rs62Certificates.RS62LadderRangeLogLeavesC,MathExtras.RS62Ladder.lr_lx_lb_074,IntervalArith.RatInterval.log_enclose_full,transcendental-enclosure,"Rat (exact, unbounded)",53,747,9,"24-term series, ~29 halving steps, argument ~9 decimal digits"
MathExtras.RS62Ladder.lr_lx_lb_075._native.native_decide.ax_1_1,Rs62Certificates,Rs62Certificates.RS62LadderRangeLogLeavesC,MathExtras.RS62Ladder.lr_lx_lb_075,IntervalArith.RatInterval.log_enclose_full,transcendental-enclosure,"Rat (exact, unbounded)",53,747,9,"24-term series, ~29 halving steps, argument ~9 decimal digits"
MathExtras.RS62Ladder.lr_lx_lb_076._native.native_decide.ax_1_1,Rs62Certificates,Rs62Certificates.RS62LadderRangeLogLeavesC,MathExtras.RS62Ladder.lr_lx_lb_076,IntervalArith.RatInterval.log_enclose_full,transcendental-enclosure,"Rat (exact, unbounded)",53,747,9,"24-term series, ~29 halving steps, argument ~9 decimal digits"
MathExtras.RS62Ladder.lr_lx_lb_077._native.native_decide.ax_1_1,Rs62Certificates,Rs62Certificates.RS62LadderRangeLogLeavesC,MathExtras.RS62Ladder.lr_lx_lb_077,IntervalArith.RatInterval.log_enclose_full,transcendental-enclosure,"Rat (exact, unbounded)",53,747,9,"24-term series, ~29 halving steps, argument ~9 decimal digits"
MathExtras.RS62Ladder.lr_lx_lb_078._native.native_decide.ax_1_1,Rs62Certificates,Rs62Certificates.RS62LadderRangeLogLeavesC,MathExtras.RS62Ladder.lr_lx_lb_078,IntervalArith.RatInterval.log_enclose_full,transcendental-enclosure,"Rat (exact, unbounded)",53,747,9,"24-term series, ~29 halving steps, argument ~9 decimal digits"
MathExtras.RS62Ladder.lr_lx_lb_079._native.native_decide.ax_1_1,Rs62Certificates,Rs62Certificates.RS62LadderRangeLogLeavesC,MathExtras.RS62Ladder.lr_lx_lb_079,IntervalArith.RatInterval.log_enclose_full,transcendental-enclosure,"Rat (exact, unbounded)",53,747,9,"24-term series, ~29 halving steps, argument ~9 decimal digits"
MathExtras.RS62Ladder.lr_lx_lb_080._native.native_decide.ax_1_1,Rs62Certificates,Rs62Certificates.RS62LadderRangeLogLeavesC,MathExtras.RS62Ladder.lr_lx_lb_080,IntervalArith.RatInterval.log_enclose_full,transcendental-enclosure,"Rat (exact, unbounded)",53,747,9,"24-term series, ~29 halving steps, argument ~9 decimal digits"
MathExtras.RS62Ladder.lr_lx_lb_081._native.native_decide.ax_1_1,Rs62Certificates,Rs62Certificates.RS62LadderRangeLogLeavesC,MathExtras.RS62Ladder.lr_lx_lb_081,IntervalArith.RatInterval.log_enclose_full,transcendental-enclosure,"Rat (exact, unbounded)",53,747,9,"24-term series, ~29 halving steps, argument ~9 decimal digits"
MathExtras.RS62Ladder.lr_lx_lb_082._native.native_decide.ax_1_1,Rs62Certificates,Rs62Certificates.RS62LadderRangeLogLeavesC,MathExtras.RS62Ladder.lr_lx_lb_082,IntervalArith.RatInterval.log_enclose_full,transcendental-enclosure,"Rat (exact, unbounded)",53,747,9,"24-term series, ~29 halving steps, argument ~9 decimal digits"
MathExtras.RS62Ladder.lr_lx_lb_083._native.native_decide.ax_1_1,Rs62Certificates,Rs62Certificates.RS62LadderRangeLogLeavesC,MathExtras.RS62Ladder.lr_lx_lb_083,IntervalArith.RatInterval.log_enclose_full,transcendental-enclosure,"Rat (exact, unbounded)",53,747,9,"24-term series, ~29 halving steps, argument ~9 decimal digits"
MathExtras.RS62Ladder.lr_lx_lb_084._native.native_decide.ax_1_1,Rs62Certificates,Rs62Certificates.RS62LadderRangeLogLeavesC,MathExtras.RS62Ladder.lr_lx_lb_084,IntervalArith.RatInterval.log_enclose_full,transcendental-enclosure,"Rat (exact, unbounded)",53,747,9,"24-term series, ~29 halving steps, argument ~9 decimal digits"
MathExtras.RS62Ladder.lr_lx_lb_085._native.native_decide.ax_1_1,Rs62Certificates,Rs62Certificates.RS62LadderRangeLogLeavesC,MathExtras.RS62Ladder.lr_lx_lb_085,IntervalArith.RatInterval.log_enclose_full,transcendental-enclosure,"Rat (exact, unbounded)",53,747,9,"24-term series, ~29 halving steps, argument ~9 decimal digits"
MathExtras.RS62Ladder.lr_lx_lb_086._native.native_decide.ax_1_1,Rs62Certificates,Rs62Certificates.RS62LadderRangeLogLeavesC,MathExtras.RS62Ladder.lr_lx_lb_086,IntervalArith.RatInterval.log_enclose_full,transcendental-enclosure,"Rat (exact, unbounded)",53,747,9,"24-term series, ~29 halving steps, argument ~9 decimal digits"
MathExtras.RS62Ladder.lr_lx_lb_087._native.native_decide.ax_1_1,Rs62Certificates,Rs62Certificates.RS62LadderRangeLogLeavesC,MathExtras.RS62Ladder.lr_lx_lb_087,IntervalArith.RatInterval.log_enclose_full,transcendental-enclosure,"Rat (exact, unbounded)",53,747,9,"24-term series, ~29 halving steps, argument ~9 decimal digits"
MathExtras.RS62Ladder.lr_lx_lb_088._native.native_decide.ax_1_1,Rs62Certificates,Rs62Certificates.RS62LadderRangeLogLeavesC,MathExtras.RS62Ladder.lr_lx_lb_088,IntervalArith.RatInterval.log_enclose_full,transcendental-enclosure,"Rat (exact, unbounded)",53,747,9,"24-term series, ~29 halving steps, argument ~9 decimal digits"
MathExtras.RS62Ladder.lr_lx_lb_089._native.native_decide.ax_1_1,Rs62Certificates,Rs62Certificates.RS62LadderRangeLogLeavesC,MathExtras.RS62Ladder.lr_lx_lb_089,IntervalArith.RatInterval.log_enclose_full,transcendental-enclosure,"Rat (exact, unbounded)",53,747,9,"24-term series, ~29 halving steps, argument ~9 decimal digits"
MathExtras.RS62Ladder.lr_lx_lb_090._native.native_decide.ax_1_1,Rs62Certificates,Rs62Certificates.RS62LadderRangeLogLeavesC,MathExtras.RS62Ladder.lr_lx_lb_090,IntervalArith.RatInterval.log_enclose_full,transcendental-enclosure,"Rat (exact, unbounded)",53,747,9,"24-term series, ~29 halving steps, argument ~9 decimal digits"
MathExtras.RS62Ladder.lr_lx_lb_091._native.native_decide.ax_1_1,Rs62Certificates,Rs62Certificates.RS62LadderRangeLogLeavesC,MathExtras.RS62Ladder.lr_lx_lb_091,IntervalArith.RatInterval.log_enclose_full,transcendental-enclosure,"Rat (exact, unbounded)",53,747,9,"24-term series, ~29 halving steps, argument ~9 decimal digits"
MathExtras.RS62Ladder.lr_lx_lb_092._native.native_decide.ax_1_1,Rs62Certificates,Rs62Certificates.RS62LadderRangeLogLeavesD,MathExtras.RS62Ladder.lr_lx_lb_092,IntervalArith.RatInterval.log_enclose_full,transcendental-enclosure,"Rat (exact, unbounded)",53,747,9,"24-term series, ~29 halving steps, argument ~9 decimal digits"
MathExtras.RS62Ladder.lr_lx_lb_093._native.native_decide.ax_1_1,Rs62Certificates,Rs62Certificates.RS62LadderRangeLogLeavesD,MathExtras.RS62Ladder.lr_lx_lb_093,IntervalArith.RatInterval.log_enclose_full,transcendental-enclosure,"Rat (exact, unbounded)",53,747,9,"24-term series, ~29 halving steps, argument ~9 decimal digits"
MathExtras.RS62Ladder.lr_lx_lb_094._native.native_decide.ax_1_1,Rs62Certificates,Rs62Certificates.RS62LadderRangeLogLeavesD,MathExtras.RS62Ladder.lr_lx_lb_094,IntervalArith.RatInterval.log_enclose_full,transcendental-enclosure,"Rat (exact, unbounded)",53,747,9,"24-term series, ~29 halving steps, argument ~9 decimal digits"
MathExtras.RS62Ladder.lr_lx_lb_095._native.native_decide.ax_1_1,Rs62Certificates,Rs62Certificates.RS62LadderRangeLogLeavesD,MathExtras.RS62Ladder.lr_lx_lb_095,IntervalArith.RatInterval.log_enclose_full,transcendental-enclosure,"Rat (exact, unbounded)",53,747,9,"24-term series, ~29 halving steps, argument ~9 decimal digits"
MathExtras.RS62Ladder.lr_lx_lb_096._native.native_decide.ax_1_1,Rs62Certificates,Rs62Certificates.RS62LadderRangeLogLeavesD,MathExtras.RS62Ladder.lr_lx_lb_096,IntervalArith.RatInterval.log_enclose_full,transcendental-enclosure,"Rat (exact, unbounded)",53,747,9,"24-term series, ~29 halving steps, argument ~9 decimal digits"
MathExtras.RS62Ladder.lr_lx_lb_097._native.native_decide.ax_1_1,Rs62Certificates,Rs62Certificates.RS62LadderRangeLogLeavesD,MathExtras.RS62Ladder.lr_lx_lb_097,IntervalArith.RatInterval.log_enclose_full,transcendental-enclosure,"Rat (exact, unbounded)",53,747,9,"24-term series, ~29 halving steps, argument ~9 decimal digits"
MathExtras.RS62Ladder.lr_lx_lb_098._native.native_decide.ax_1_1,Rs62Certificates,Rs62Certificates.RS62LadderRangeLogLeavesD,MathExtras.RS62Ladder.lr_lx_lb_098,IntervalArith.RatInterval.log_enclose_full,transcendental-enclosure,"Rat (exact, unbounded)",53,747,9,"24-term series, ~29 halving steps, argument ~9 decimal digits"
MathExtras.RS62Ladder.lr_lx_lb_099._native.native_decide.ax_1_1,Rs62Certificates,Rs62Certificates.RS62LadderRangeLogLeavesD,MathExtras.RS62Ladder.lr_lx_lb_099,IntervalArith.RatInterval.log_enclose_full,transcendental-enclosure,"Rat (exact, unbounded)",53,747,9,"24-term series, ~29 halving steps, argument ~9 decimal digits"
MathExtras.RS62Ladder.lr_lx_lb_100._native.native_decide.ax_1_1,Rs62Certificates,Rs62Certificates.RS62LadderRangeLogLeavesD,MathExtras.RS62Ladder.lr_lx_lb_100,IntervalArith.RatInterval.log_enclose_full,transcendental-enclosure,"Rat (exact, unbounded)",53,747,9,"24-term series, ~29 halving steps, argument ~9 decimal digits"
MathExtras.RS62Ladder.lr_lx_lb_101._native.native_decide.ax_1_1,Rs62Certificates,Rs62Certificates.RS62LadderRangeLogLeavesD,MathExtras.RS62Ladder.lr_lx_lb_101,IntervalArith.RatInterval.log_enclose_full,transcendental-enclosure,"Rat (exact, unbounded)",53,747,9,"24-term series, ~29 halving steps, argument ~9 decimal digits"
MathExtras.RS62Ladder.lr_lx_lb_102._native.native_decide.ax_1_1,Rs62Certificates,Rs62Certificates.RS62LadderRangeLogLeavesD,MathExtras.RS62Ladder.lr_lx_lb_102,IntervalArith.RatInterval.log_enclose_full,transcendental-enclosure,"Rat (exact, unbounded)",53,747,9,"24-term series, ~29 halving steps, argument ~9 decimal digits"
MathExtras.RS62Ladder.lr_lx_lb_103._native.native_decide.ax_1_1,Rs62Certificates,Rs62Certificates.RS62LadderRangeLogLeavesD,MathExtras.RS62Ladder.lr_lx_lb_103,IntervalArith.RatInterval.log_enclose_full,transcendental-enclosure,"Rat (exact, unbounded)",53,747,9,"24-term series, ~29 halving steps, argument ~9 decimal digits"
MathExtras.RS62Ladder.lr_lx_lb_104._native.native_decide.ax_1_1,Rs62Certificates,Rs62Certificates.RS62LadderRangeLogLeavesD,MathExtras.RS62Ladder.lr_lx_lb_104,IntervalArith.RatInterval.log_enclose_full,transcendental-enclosure,"Rat (exact, unbounded)",53,747,9,"24-term series, ~29 halving steps, argument ~9 decimal digits"
MathExtras.RS62Ladder.lr_lx_lb_105._native.native_decide.ax_1_1,Rs62Certificates,Rs62Certificates.RS62LadderRangeLogLeavesD,MathExtras.RS62Ladder.lr_lx_lb_105,IntervalArith.RatInterval.log_enclose_full,transcendental-enclosure,"Rat (exact, unbounded)",53,747,9,"24-term series, ~29 halving steps, argument ~9 decimal digits"
MathExtras.RS62Ladder.lr_lx_lb_106._native.native_decide.ax_1_1,Rs62Certificates,Rs62Certificates.RS62LadderRangeLogLeavesD,MathExtras.RS62Ladder.lr_lx_lb_106,IntervalArith.RatInterval.log_enclose_full,transcendental-enclosure,"Rat (exact, unbounded)",53,747,9,"24-term series, ~29 halving steps, argument ~9 decimal digits"
MathExtras.RS62Ladder.lr_lx_lb_107._native.native_decide.ax_1_1,Rs62Certificates,Rs62Certificates.RS62LadderRangeLogLeavesD,MathExtras.RS62Ladder.lr_lx_lb_107,IntervalArith.RatInterval.log_enclose_full,transcendental-enclosure,"Rat (exact, unbounded)",53,747,9,"24-term series, ~29 halving steps, argument ~9 decimal digits"
MathExtras.RS62Ladder.lr_lx_lb_108._native.native_decide.ax_1_1,Rs62Certificates,Rs62Certificates.RS62LadderRangeLogLeavesD,MathExtras.RS62Ladder.lr_lx_lb_108,IntervalArith.RatInterval.log_enclose_full,transcendental-enclosure,"Rat (exact, unbounded)",53,747,9,"24-term series, ~29 halving steps, argument ~9 decimal digits"
MathExtras.RS62Ladder.lr_lx_lb_109._native.native_decide.ax_1_1,Rs62Certificates,Rs62Certificates.RS62LadderRangeLogLeavesD,MathExtras.RS62Ladder.lr_lx_lb_109,IntervalArith.RatInterval.log_enclose_full,transcendental-enclosure,"Rat (exact, unbounded)",53,747,9,"24-term series, ~29 halving steps, argument ~9 decimal digits"
MathExtras.RS62Ladder.lr_lx_lb_110._native.native_decide.ax_1_1,Rs62Certificates,Rs62Certificates.RS62LadderRangeLogLeavesD,MathExtras.RS62Ladder.lr_lx_lb_110,IntervalArith.RatInterval.log_enclose_full,transcendental-enclosure,"Rat (exact, unbounded)",53,747,9,"24-term series, ~29 halving steps, argument ~9 decimal digits"
MathExtras.RS62Ladder.lr_lx_lb_111._native.native_decide.ax_1_1,Rs62Certificates,Rs62Certificates.RS62LadderRangeLogLeavesD,MathExtras.RS62Ladder.lr_lx_lb_111,IntervalArith.RatInterval.log_enclose_full,transcendental-enclosure,"Rat (exact, unbounded)",53,747,9,"24-term series, ~29 halving steps, argument ~9 decimal digits"
MathExtras.RS62Ladder.lr_lx_lb_112._native.native_decide.ax_1_1,Rs62Certificates,Rs62Certificates.RS62LadderRangeLogLeavesD,MathExtras.RS62Ladder.lr_lx_lb_112,IntervalArith.RatInterval.log_enclose_full,transcendental-enclosure,"Rat (exact, unbounded)",53,747,9,"24-term series, ~29 halving steps, argument ~9 decimal digits"
MathExtras.RS62Ladder.lr_lx_lb_113._native.native_decide.ax_1_1,Rs62Certificates,Rs62Certificates.RS62LadderRangeLogLeavesD,MathExtras.RS62Ladder.lr_lx_lb_113,IntervalArith.RatInterval.log_enclose_full,transcendental-enclosure,"Rat (exact, unbounded)",53,747,9,"24-term series, ~29 halving steps, argument ~9 decimal digits"
MathExtras.RS62Ladder.lr_lx_lb_114._native.native_decide.ax_1_1,Rs62Certificates,Rs62Certificates.RS62LadderRangeLogLeavesD,MathExtras.RS62Ladder.lr_lx_lb_114,IntervalArith.RatInterval.log_enclose_full,transcendental-enclosure,"Rat (exact, unbounded)",53,747,9,"24-term series, ~29 halving steps, argument ~9 decimal digits"
MathExtras.RS62Ladder.lr_lx_lb_115._native.native_decide.ax_1_1,Rs62Certificates,Rs62Certificates.RS62LadderRangeLogLeavesD,MathExtras.RS62Ladder.lr_lx_lb_115,IntervalArith.RatInterval.log_enclose_full,transcendental-enclosure,"Rat (exact, unbounded)",53,747,9,"24-term series, ~29 halving steps, argument ~9 decimal digits"
MathExtras.RS62Ladder.lr_lx_lb_116._native.native_decide.ax_1_1,Rs62Certificates,Rs62Certificates.RS62LadderRangeLogLeavesD,MathExtras.RS62Ladder.lr_lx_lb_116,IntervalArith.RatInterval.log_enclose_full,transcendental-enclosure,"Rat (exact, unbounded)",53,747,9,"24-term series, ~29 halving steps, argument ~9 decimal digits"
MathExtras.RS62Ladder.lr_lx_lb_117._native.native_decide.ax_1_1,Rs62Certificates,Rs62Certificates.RS62LadderRangeLogLeavesD,MathExtras.RS62Ladder.lr_lx_lb_117,IntervalArith.RatInterval.log_enclose_full,transcendental-enclosure,"Rat (exact, unbounded)",53,747,9,"24-term series, ~29 halving steps, argument ~9 decimal digits"
MathExtras.RS62Ladder.lr_lx_lb_118._native.native_decide.ax_1_1,Rs62Certificates,Rs62Certificates.RS62LadderRangeLogLeavesD,MathExtras.RS62Ladder.lr_lx_lb_118,IntervalArith.RatInterval.log_enclose_full,transcendental-enclosure,"Rat (exact, unbounded)",53,747,9,"24-term series, ~29 halving steps, argument ~9 decimal digits"
MathExtras.RS62Ladder.lr_lx_lb_119._native.native_decide.ax_1_1,Rs62Certificates,Rs62Certificates.RS62LadderRangeLogLeavesD,MathExtras.RS62Ladder.lr_lx_lb_119,IntervalArith.RatInterval.log_enclose_full,transcendental-enclosure,"Rat (exact, unbounded)",53,747,9,"24-term series, ~29 halving steps, argument ~9 decimal digits"
MathExtras.RS62Ladder.lr_lx_lb_120._native.native_decide.ax_1_1,Rs62Certificates,Rs62Certificates.RS62LadderRangeLogLeavesD,MathExtras.RS62Ladder.lr_lx_lb_120,IntervalArith.RatInterval.log_enclose_full,transcendental-enclosure,"Rat (exact, unbounded)",53,747,9,"24-term series, ~29 halving steps, argument ~9 decimal digits"
MathExtras.RS62Ladder.lr_lx_ub_001._native.native_decide.ax_1_1,Rs62Certificates,Rs62Certificates.RS62LadderRangeLogLeavesA,MathExtras.RS62Ladder.lr_lx_ub_001,IntervalArith.RatInterval.log_enclose_full,transcendental-enclosure,"Rat (exact, unbounded)",53,747,9,"24-term series, ~29 halving steps, argument ~9 decimal digits"
MathExtras.RS62Ladder.lr_lx_ub_002._native.native_decide.ax_1_1,Rs62Certificates,Rs62Certificates.RS62LadderRangeLogLeavesA,MathExtras.RS62Ladder.lr_lx_ub_002,IntervalArith.RatInterval.log_enclose_full,transcendental-enclosure,"Rat (exact, unbounded)",53,747,9,"24-term series, ~29 halving steps, argument ~9 decimal digits"
MathExtras.RS62Ladder.lr_lx_ub_003._native.native_decide.ax_1_1,Rs62Certificates,Rs62Certificates.RS62LadderRangeLogLeavesA,MathExtras.RS62Ladder.lr_lx_ub_003,IntervalArith.RatInterval.log_enclose_full,transcendental-enclosure,"Rat (exact, unbounded)",53,747,9,"24-term series, ~29 halving steps, argument ~9 decimal digits"
MathExtras.RS62Ladder.lr_lx_ub_004._native.native_decide.ax_1_1,Rs62Certificates,Rs62Certificates.RS62LadderRangeLogLeavesA,MathExtras.RS62Ladder.lr_lx_ub_004,IntervalArith.RatInterval.log_enclose_full,transcendental-enclosure,"Rat (exact, unbounded)",53,747,9,"24-term series, ~29 halving steps, argument ~9 decimal digits"
MathExtras.RS62Ladder.lr_lx_ub_005._native.native_decide.ax_1_1,Rs62Certificates,Rs62Certificates.RS62LadderRangeLogLeavesA,MathExtras.RS62Ladder.lr_lx_ub_005,IntervalArith.RatInterval.log_enclose_full,transcendental-enclosure,"Rat (exact, unbounded)",53,747,9,"24-term series, ~29 halving steps, argument ~9 decimal digits"
MathExtras.RS62Ladder.lr_lx_ub_006._native.native_decide.ax_1_1,Rs62Certificates,Rs62Certificates.RS62LadderRangeLogLeavesA,MathExtras.RS62Ladder.lr_lx_ub_006,IntervalArith.RatInterval.log_enclose_full,transcendental-enclosure,"Rat (exact, unbounded)",53,747,9,"24-term series, ~29 halving steps, argument ~9 decimal digits"
MathExtras.RS62Ladder.lr_lx_ub_007._native.native_decide.ax_1_1,Rs62Certificates,Rs62Certificates.RS62LadderRangeLogLeavesA,MathExtras.RS62Ladder.lr_lx_ub_007,IntervalArith.RatInterval.log_enclose_full,transcendental-enclosure,"Rat (exact, unbounded)",53,747,9,"24-term series, ~29 halving steps, argument ~9 decimal digits"
MathExtras.RS62Ladder.lr_lx_ub_008._native.native_decide.ax_1_1,Rs62Certificates,Rs62Certificates.RS62LadderRangeLogLeavesA,MathExtras.RS62Ladder.lr_lx_ub_008,IntervalArith.RatInterval.log_enclose_full,transcendental-enclosure,"Rat (exact, unbounded)",53,747,9,"24-term series, ~29 halving steps, argument ~9 decimal digits"
MathExtras.RS62Ladder.lr_lx_ub_009._native.native_decide.ax_1_1,Rs62Certificates,Rs62Certificates.RS62LadderRangeLogLeavesA,MathExtras.RS62Ladder.lr_lx_ub_009,IntervalArith.RatInterval.log_enclose_full,transcendental-enclosure,"Rat (exact, unbounded)",53,747,9,"24-term series, ~29 halving steps, argument ~9 decimal digits"
MathExtras.RS62Ladder.lr_lx_ub_010._native.native_decide.ax_1_1,Rs62Certificates,Rs62Certificates.RS62LadderRangeLogLeavesA,MathExtras.RS62Ladder.lr_lx_ub_010,IntervalArith.RatInterval.log_enclose_full,transcendental-enclosure,"Rat (exact, unbounded)",53,747,9,"24-term series, ~29 halving steps, argument ~9 decimal digits"
MathExtras.RS62Ladder.lr_lx_ub_011._native.native_decide.ax_1_1,Rs62Certificates,Rs62Certificates.RS62LadderRangeLogLeavesA,MathExtras.RS62Ladder.lr_lx_ub_011,IntervalArith.RatInterval.log_enclose_full,transcendental-enclosure,"Rat (exact, unbounded)",53,747,9,"24-term series, ~29 halving steps, argument ~9 decimal digits"
MathExtras.RS62Ladder.lr_lx_ub_012._native.native_decide.ax_1_1,Rs62Certificates,Rs62Certificates.RS62LadderRangeLogLeavesA,MathExtras.RS62Ladder.lr_lx_ub_012,IntervalArith.RatInterval.log_enclose_full,transcendental-enclosure,"Rat (exact, unbounded)",53,747,9,"24-term series, ~29 halving steps, argument ~9 decimal digits"
MathExtras.RS62Ladder.lr_lx_ub_013._native.native_decide.ax_1_1,Rs62Certificates,Rs62Certificates.RS62LadderRangeLogLeavesA,MathExtras.RS62Ladder.lr_lx_ub_013,IntervalArith.RatInterval.log_enclose_full,transcendental-enclosure,"Rat (exact, unbounded)",53,747,9,"24-term series, ~29 halving steps, argument ~9 decimal digits"
MathExtras.RS62Ladder.lr_lx_ub_014._native.native_decide.ax_1_1,Rs62Certificates,Rs62Certificates.RS62LadderRangeLogLeavesA,MathExtras.RS62Ladder.lr_lx_ub_014,IntervalArith.RatInterval.log_enclose_full,transcendental-enclosure,"Rat (exact, unbounded)",53,747,9,"24-term series, ~29 halving steps, argument ~9 decimal digits"
MathExtras.RS62Ladder.lr_lx_ub_015._native.native_decide.ax_1_1,Rs62Certificates,Rs62Certificates.RS62LadderRangeLogLeavesA,MathExtras.RS62Ladder.lr_lx_ub_015,IntervalArith.RatInterval.log_enclose_full,transcendental-enclosure,"Rat (exact, unbounded)",53,747,9,"24-term series, ~29 halving steps, argument ~9 decimal digits"
MathExtras.RS62Ladder.lr_lx_ub_016._native.native_decide.ax_1_1,Rs62Certificates,Rs62Certificates.RS62LadderRangeLogLeavesA,MathExtras.RS62Ladder.lr_lx_ub_016,IntervalArith.RatInterval.log_enclose_full,transcendental-enclosure,"Rat (exact, unbounded)",53,747,9,"24-term series, ~29 halving steps, argument ~9 decimal digits"
MathExtras.RS62Ladder.lr_lx_ub_017._native.native_decide.ax_1_1,Rs62Certificates,Rs62Certificates.RS62LadderRangeLogLeavesA,MathExtras.RS62Ladder.lr_lx_ub_017,IntervalArith.RatInterval.log_enclose_full,transcendental-enclosure,"Rat (exact, unbounded)",53,747,9,"24-term series, ~29 halving steps, argument ~9 decimal digits"
MathExtras.RS62Ladder.lr_lx_ub_018._native.native_decide.ax_1_1,Rs62Certificates,Rs62Certificates.RS62LadderRangeLogLeavesA,MathExtras.RS62Ladder.lr_lx_ub_018,IntervalArith.RatInterval.log_enclose_full,transcendental-enclosure,"Rat (exact, unbounded)",53,747,9,"24-term series, ~29 halving steps, argument ~9 decimal digits"
MathExtras.RS62Ladder.lr_lx_ub_019._native.native_decide.ax_1_1,Rs62Certificates,Rs62Certificates.RS62LadderRangeLogLeavesA,MathExtras.RS62Ladder.lr_lx_ub_019,IntervalArith.RatInterval.log_enclose_full,transcendental-enclosure,"Rat (exact, unbounded)",53,747,9,"24-term series, ~29 halving steps, argument ~9 decimal digits"
MathExtras.RS62Ladder.lr_lx_ub_020._native.native_decide.ax_1_1,Rs62Certificates,Rs62Certificates.RS62LadderRangeLogLeavesA,MathExtras.RS62Ladder.lr_lx_ub_020,IntervalArith.RatInterval.log_enclose_full,transcendental-enclosure,"Rat (exact, unbounded)",53,747,9,"24-term series, ~29 halving steps, argument ~9 decimal digits"
MathExtras.RS62Ladder.lr_lx_ub_021._native.native_decide.ax_1_1,Rs62Certificates,Rs62Certificates.RS62LadderRangeLogLeavesA,MathExtras.RS62Ladder.lr_lx_ub_021,IntervalArith.RatInterval.log_enclose_full,transcendental-enclosure,"Rat (exact, unbounded)",53,747,9,"24-term series, ~29 halving steps, argument ~9 decimal digits"
MathExtras.RS62Ladder.lr_lx_ub_022._native.native_decide.ax_1_1,Rs62Certificates,Rs62Certificates.RS62LadderRangeLogLeavesA,MathExtras.RS62Ladder.lr_lx_ub_022,IntervalArith.RatInterval.log_enclose_full,transcendental-enclosure,"Rat (exact, unbounded)",53,747,9,"24-term series, ~29 halving steps, argument ~9 decimal digits"
MathExtras.RS62Ladder.lr_lx_ub_023._native.native_decide.ax_1_1,Rs62Certificates,Rs62Certificates.RS62LadderRangeLogLeavesA,MathExtras.RS62Ladder.lr_lx_ub_023,IntervalArith.RatInterval.log_enclose_full,transcendental-enclosure,"Rat (exact, unbounded)",53,747,9,"24-term series, ~29 halving steps, argument ~9 decimal digits"
MathExtras.RS62Ladder.lr_lx_ub_024._native.native_decide.ax_1_1,Rs62Certificates,Rs62Certificates.RS62LadderRangeLogLeavesA,MathExtras.RS62Ladder.lr_lx_ub_024,IntervalArith.RatInterval.log_enclose_full,transcendental-enclosure,"Rat (exact, unbounded)",53,747,9,"24-term series, ~29 halving steps, argument ~9 decimal digits"
MathExtras.RS62Ladder.lr_lx_ub_025._native.native_decide.ax_1_1,Rs62Certificates,Rs62Certificates.RS62LadderRangeLogLeavesA,MathExtras.RS62Ladder.lr_lx_ub_025,IntervalArith.RatInterval.log_enclose_full,transcendental-enclosure,"Rat (exact, unbounded)",53,747,9,"24-term series, ~29 halving steps, argument ~9 decimal digits"
MathExtras.RS62Ladder.lr_lx_ub_026._native.native_decide.ax_1_1,Rs62Certificates,Rs62Certificates.RS62LadderRangeLogLeavesA,MathExtras.RS62Ladder.lr_lx_ub_026,IntervalArith.RatInterval.log_enclose_full,transcendental-enclosure,"Rat (exact, unbounded)",53,747,9,"24-term series, ~29 halving steps, argument ~9 decimal digits"
MathExtras.RS62Ladder.lr_lx_ub_027._native.native_decide.ax_1_1,Rs62Certificates,Rs62Certificates.RS62LadderRangeLogLeavesA,MathExtras.RS62Ladder.lr_lx_ub_027,IntervalArith.RatInterval.log_enclose_full,transcendental-enclosure,"Rat (exact, unbounded)",53,747,9,"24-term series, ~29 halving steps, argument ~9 decimal digits"
MathExtras.RS62Ladder.lr_lx_ub_028._native.native_decide.ax_1_1,Rs62Certificates,Rs62Certificates.RS62LadderRangeLogLeavesA,MathExtras.RS62Ladder.lr_lx_ub_028,IntervalArith.RatInterval.log_enclose_full,transcendental-enclosure,"Rat (exact, unbounded)",53,747,9,"24-term series, ~29 halving steps, argument ~9 decimal digits"
MathExtras.RS62Ladder.lr_lx_ub_029._native.native_decide.ax_1_1,Rs62Certificates,Rs62Certificates.RS62LadderRangeLogLeavesA,MathExtras.RS62Ladder.lr_lx_ub_029,IntervalArith.RatInterval.log_enclose_full,transcendental-enclosure,"Rat (exact, unbounded)",53,747,9,"24-term series, ~29 halving steps, argument ~9 decimal digits"
MathExtras.RS62Ladder.lr_lx_ub_030._native.native_decide.ax_1_1,Rs62Certificates,Rs62Certificates.RS62LadderRangeLogLeavesA,MathExtras.RS62Ladder.lr_lx_ub_030,IntervalArith.RatInterval.log_enclose_full,transcendental-enclosure,"Rat (exact, unbounded)",53,747,9,"24-term series, ~29 halving steps, argument ~9 decimal digits"
MathExtras.RS62Ladder.lr_lx_ub_031._native.native_decide.ax_1_1,Rs62Certificates,Rs62Certificates.RS62LadderRangeLogLeavesB,MathExtras.RS62Ladder.lr_lx_ub_031,IntervalArith.RatInterval.log_enclose_full,transcendental-enclosure,"Rat (exact, unbounded)",53,747,9,"24-term series, ~29 halving steps, argument ~9 decimal digits"
MathExtras.RS62Ladder.lr_lx_ub_032._native.native_decide.ax_1_1,Rs62Certificates,Rs62Certificates.RS62LadderRangeLogLeavesB,MathExtras.RS62Ladder.lr_lx_ub_032,IntervalArith.RatInterval.log_enclose_full,transcendental-enclosure,"Rat (exact, unbounded)",53,747,9,"24-term series, ~29 halving steps, argument ~9 decimal digits"
MathExtras.RS62Ladder.lr_lx_ub_033._native.native_decide.ax_1_1,Rs62Certificates,Rs62Certificates.RS62LadderRangeLogLeavesB,MathExtras.RS62Ladder.lr_lx_ub_033,IntervalArith.RatInterval.log_enclose_full,transcendental-enclosure,"Rat (exact, unbounded)",53,747,9,"24-term series, ~29 halving steps, argument ~9 decimal digits"
MathExtras.RS62Ladder.lr_lx_ub_034._native.native_decide.ax_1_1,Rs62Certificates,Rs62Certificates.RS62LadderRangeLogLeavesB,MathExtras.RS62Ladder.lr_lx_ub_034,IntervalArith.RatInterval.log_enclose_full,transcendental-enclosure,"Rat (exact, unbounded)",53,747,9,"24-term series, ~29 halving steps, argument ~9 decimal digits"
MathExtras.RS62Ladder.lr_lx_ub_035._native.native_decide.ax_1_1,Rs62Certificates,Rs62Certificates.RS62LadderRangeLogLeavesB,MathExtras.RS62Ladder.lr_lx_ub_035,IntervalArith.RatInterval.log_enclose_full,transcendental-enclosure,"Rat (exact, unbounded)",53,747,9,"24-term series, ~29 halving steps, argument ~9 decimal digits"
MathExtras.RS62Ladder.lr_lx_ub_036._native.native_decide.ax_1_1,Rs62Certificates,Rs62Certificates.RS62LadderRangeLogLeavesB,MathExtras.RS62Ladder.lr_lx_ub_036,IntervalArith.RatInterval.log_enclose_full,transcendental-enclosure,"Rat (exact, unbounded)",53,747,9,"24-term series, ~29 halving steps, argument ~9 decimal digits"
MathExtras.RS62Ladder.lr_lx_ub_037._native.native_decide.ax_1_1,Rs62Certificates,Rs62Certificates.RS62LadderRangeLogLeavesB,MathExtras.RS62Ladder.lr_lx_ub_037,IntervalArith.RatInterval.log_enclose_full,transcendental-enclosure,"Rat (exact, unbounded)",53,747,9,"24-term series, ~29 halving steps, argument ~9 decimal digits"
MathExtras.RS62Ladder.lr_lx_ub_038._native.native_decide.ax_1_1,Rs62Certificates,Rs62Certificates.RS62LadderRangeLogLeavesB,MathExtras.RS62Ladder.lr_lx_ub_038,IntervalArith.RatInterval.log_enclose_full,transcendental-enclosure,"Rat (exact, unbounded)",53,747,9,"24-term series, ~29 halving steps, argument ~9 decimal digits"
MathExtras.RS62Ladder.lr_lx_ub_039._native.native_decide.ax_1_1,Rs62Certificates,Rs62Certificates.RS62LadderRangeLogLeavesB,MathExtras.RS62Ladder.lr_lx_ub_039,IntervalArith.RatInterval.log_enclose_full,transcendental-enclosure,"Rat (exact, unbounded)",53,747,9,"24-term series, ~29 halving steps, argument ~9 decimal digits"
MathExtras.RS62Ladder.lr_lx_ub_040._native.native_decide.ax_1_1,Rs62Certificates,Rs62Certificates.RS62LadderRangeLogLeavesB,MathExtras.RS62Ladder.lr_lx_ub_040,IntervalArith.RatInterval.log_enclose_full,transcendental-enclosure,"Rat (exact, unbounded)",53,747,9,"24-term series, ~29 halving steps, argument ~9 decimal digits"
MathExtras.RS62Ladder.lr_lx_ub_041._native.native_decide.ax_1_1,Rs62Certificates,Rs62Certificates.RS62LadderRangeLogLeavesB,MathExtras.RS62Ladder.lr_lx_ub_041,IntervalArith.RatInterval.log_enclose_full,transcendental-enclosure,"Rat (exact, unbounded)",53,747,9,"24-term series, ~29 halving steps, argument ~9 decimal digits"
MathExtras.RS62Ladder.lr_lx_ub_042._native.native_decide.ax_1_1,Rs62Certificates,Rs62Certificates.RS62LadderRangeLogLeavesB,MathExtras.RS62Ladder.lr_lx_ub_042,IntervalArith.RatInterval.log_enclose_full,transcendental-enclosure,"Rat (exact, unbounded)",53,747,9,"24-term series, ~29 halving steps, argument ~9 decimal digits"
MathExtras.RS62Ladder.lr_lx_ub_043._native.native_decide.ax_1_1,Rs62Certificates,Rs62Certificates.RS62LadderRangeLogLeavesB,MathExtras.RS62Ladder.lr_lx_ub_043,IntervalArith.RatInterval.log_enclose_full,transcendental-enclosure,"Rat (exact, unbounded)",53,747,9,"24-term series, ~29 halving steps, argument ~9 decimal digits"
MathExtras.RS62Ladder.lr_lx_ub_044._native.native_decide.ax_1_1,Rs62Certificates,Rs62Certificates.RS62LadderRangeLogLeavesB,MathExtras.RS62Ladder.lr_lx_ub_044,IntervalArith.RatInterval.log_enclose_full,transcendental-enclosure,"Rat (exact, unbounded)",53,747,9,"24-term series, ~29 halving steps, argument ~9 decimal digits"
MathExtras.RS62Ladder.lr_lx_ub_045._native.native_decide.ax_1_1,Rs62Certificates,Rs62Certificates.RS62LadderRangeLogLeavesB,MathExtras.RS62Ladder.lr_lx_ub_045,IntervalArith.RatInterval.log_enclose_full,transcendental-enclosure,"Rat (exact, unbounded)",53,747,9,"24-term series, ~29 halving steps, argument ~9 decimal digits"
MathExtras.RS62Ladder.lr_lx_ub_046._native.native_decide.ax_1_1,Rs62Certificates,Rs62Certificates.RS62LadderRangeLogLeavesB,MathExtras.RS62Ladder.lr_lx_ub_046,IntervalArith.RatInterval.log_enclose_full,transcendental-enclosure,"Rat (exact, unbounded)",53,747,9,"24-term series, ~29 halving steps, argument ~9 decimal digits"
MathExtras.RS62Ladder.lr_lx_ub_047._native.native_decide.ax_1_1,Rs62Certificates,Rs62Certificates.RS62LadderRangeLogLeavesB,MathExtras.RS62Ladder.lr_lx_ub_047,IntervalArith.RatInterval.log_enclose_full,transcendental-enclosure,"Rat (exact, unbounded)",53,747,9,"24-term series, ~29 halving steps, argument ~9 decimal digits"
MathExtras.RS62Ladder.lr_lx_ub_048._native.native_decide.ax_1_1,Rs62Certificates,Rs62Certificates.RS62LadderRangeLogLeavesB,MathExtras.RS62Ladder.lr_lx_ub_048,IntervalArith.RatInterval.log_enclose_full,transcendental-enclosure,"Rat (exact, unbounded)",53,747,9,"24-term series, ~29 halving steps, argument ~9 decimal digits"
MathExtras.RS62Ladder.lr_lx_ub_049._native.native_decide.ax_1_1,Rs62Certificates,Rs62Certificates.RS62LadderRangeLogLeavesB,MathExtras.RS62Ladder.lr_lx_ub_049,IntervalArith.RatInterval.log_enclose_full,transcendental-enclosure,"Rat (exact, unbounded)",53,747,9,"24-term series, ~29 halving steps, argument ~9 decimal digits"
MathExtras.RS62Ladder.lr_lx_ub_050._native.native_decide.ax_1_1,Rs62Certificates,Rs62Certificates.RS62LadderRangeLogLeavesB,MathExtras.RS62Ladder.lr_lx_ub_050,IntervalArith.RatInterval.log_enclose_full,transcendental-enclosure,"Rat (exact, unbounded)",53,747,9,"24-term series, ~29 halving steps, argument ~9 decimal digits"
MathExtras.RS62Ladder.lr_lx_ub_051._native.native_decide.ax_1_1,Rs62Certificates,Rs62Certificates.RS62LadderRangeLogLeavesB,MathExtras.RS62Ladder.lr_lx_ub_051,IntervalArith.RatInterval.log_enclose_full,transcendental-enclosure,"Rat (exact, unbounded)",53,747,9,"24-term series, ~29 halving steps, argument ~9 decimal digits"
MathExtras.RS62Ladder.lr_lx_ub_052._native.native_decide.ax_1_1,Rs62Certificates,Rs62Certificates.RS62LadderRangeLogLeavesB,MathExtras.RS62Ladder.lr_lx_ub_052,IntervalArith.RatInterval.log_enclose_full,transcendental-enclosure,"Rat (exact, unbounded)",53,747,9,"24-term series, ~29 halving steps, argument ~9 decimal digits"
MathExtras.RS62Ladder.lr_lx_ub_053._native.native_decide.ax_1_1,Rs62Certificates,Rs62Certificates.RS62LadderRangeLogLeavesB,MathExtras.RS62Ladder.lr_lx_ub_053,IntervalArith.RatInterval.log_enclose_full,transcendental-enclosure,"Rat (exact, unbounded)",53,747,9,"24-term series, ~29 halving steps, argument ~9 decimal digits"
MathExtras.RS62Ladder.lr_lx_ub_054._native.native_decide.ax_1_1,Rs62Certificates,Rs62Certificates.RS62LadderRangeLogLeavesB,MathExtras.RS62Ladder.lr_lx_ub_054,IntervalArith.RatInterval.log_enclose_full,transcendental-enclosure,"Rat (exact, unbounded)",53,747,9,"24-term series, ~29 halving steps, argument ~9 decimal digits"
MathExtras.RS62Ladder.lr_lx_ub_055._native.native_decide.ax_1_1,Rs62Certificates,Rs62Certificates.RS62LadderRangeLogLeavesB,MathExtras.RS62Ladder.lr_lx_ub_055,IntervalArith.RatInterval.log_enclose_full,transcendental-enclosure,"Rat (exact, unbounded)",53,747,9,"24-term series, ~29 halving steps, argument ~9 decimal digits"
MathExtras.RS62Ladder.lr_lx_ub_056._native.native_decide.ax_1_1,Rs62Certificates,Rs62Certificates.RS62LadderRangeLogLeavesB,MathExtras.RS62Ladder.lr_lx_ub_056,IntervalArith.RatInterval.log_enclose_full,transcendental-enclosure,"Rat (exact, unbounded)",53,747,9,"24-term series, ~29 halving steps, argument ~9 decimal digits"
MathExtras.RS62Ladder.lr_lx_ub_057._native.native_decide.ax_1_1,Rs62Certificates,Rs62Certificates.RS62LadderRangeLogLeavesB,MathExtras.RS62Ladder.lr_lx_ub_057,IntervalArith.RatInterval.log_enclose_full,transcendental-enclosure,"Rat (exact, unbounded)",53,747,9,"24-term series, ~29 halving steps, argument ~9 decimal digits"
MathExtras.RS62Ladder.lr_lx_ub_058._native.native_decide.ax_1_1,Rs62Certificates,Rs62Certificates.RS62LadderRangeLogLeavesB,MathExtras.RS62Ladder.lr_lx_ub_058,IntervalArith.RatInterval.log_enclose_full,transcendental-enclosure,"Rat (exact, unbounded)",53,747,9,"24-term series, ~29 halving steps, argument ~9 decimal digits"
MathExtras.RS62Ladder.lr_lx_ub_059._native.native_decide.ax_1_1,Rs62Certificates,Rs62Certificates.RS62LadderRangeLogLeavesB,MathExtras.RS62Ladder.lr_lx_ub_059,IntervalArith.RatInterval.log_enclose_full,transcendental-enclosure,"Rat (exact, unbounded)",53,747,9,"24-term series, ~29 halving steps, argument ~9 decimal digits"
MathExtras.RS62Ladder.lr_lx_ub_060._native.native_decide.ax_1_1,Rs62Certificates,Rs62Certificates.RS62LadderRangeLogLeavesB,MathExtras.RS62Ladder.lr_lx_ub_060,IntervalArith.RatInterval.log_enclose_full,transcendental-enclosure,"Rat (exact, unbounded)",53,747,9,"24-term series, ~29 halving steps, argument ~9 decimal digits"
MathExtras.RS62Ladder.lr_lx_ub_061._native.native_decide.ax_1_1,Rs62Certificates,Rs62Certificates.RS62LadderRangeLogLeavesB,MathExtras.RS62Ladder.lr_lx_ub_061,IntervalArith.RatInterval.log_enclose_full,transcendental-enclosure,"Rat (exact, unbounded)",53,747,9,"24-term series, ~29 halving steps, argument ~9 decimal digits"
MathExtras.RS62Ladder.lr_lx_ub_062._native.native_decide.ax_1_1,Rs62Certificates,Rs62Certificates.RS62LadderRangeLogLeavesC,MathExtras.RS62Ladder.lr_lx_ub_062,IntervalArith.RatInterval.log_enclose_full,transcendental-enclosure,"Rat (exact, unbounded)",53,747,9,"24-term series, ~29 halving steps, argument ~9 decimal digits"
MathExtras.RS62Ladder.lr_lx_ub_063._native.native_decide.ax_1_1,Rs62Certificates,Rs62Certificates.RS62LadderRangeLogLeavesC,MathExtras.RS62Ladder.lr_lx_ub_063,IntervalArith.RatInterval.log_enclose_full,transcendental-enclosure,"Rat (exact, unbounded)",53,747,9,"24-term series, ~29 halving steps, argument ~9 decimal digits"
MathExtras.RS62Ladder.lr_lx_ub_064._native.native_decide.ax_1_1,Rs62Certificates,Rs62Certificates.RS62LadderRangeLogLeavesC,MathExtras.RS62Ladder.lr_lx_ub_064,IntervalArith.RatInterval.log_enclose_full,transcendental-enclosure,"Rat (exact, unbounded)",53,747,9,"24-term series, ~29 halving steps, argument ~9 decimal digits"
MathExtras.RS62Ladder.lr_lx_ub_065._native.native_decide.ax_1_1,Rs62Certificates,Rs62Certificates.RS62LadderRangeLogLeavesC,MathExtras.RS62Ladder.lr_lx_ub_065,IntervalArith.RatInterval.log_enclose_full,transcendental-enclosure,"Rat (exact, unbounded)",53,747,9,"24-term series, ~29 halving steps, argument ~9 decimal digits"
MathExtras.RS62Ladder.lr_lx_ub_066._native.native_decide.ax_1_1,Rs62Certificates,Rs62Certificates.RS62LadderRangeLogLeavesC,MathExtras.RS62Ladder.lr_lx_ub_066,IntervalArith.RatInterval.log_enclose_full,transcendental-enclosure,"Rat (exact, unbounded)",53,747,9,"24-term series, ~29 halving steps, argument ~9 decimal digits"
MathExtras.RS62Ladder.lr_lx_ub_067._native.native_decide.ax_1_1,Rs62Certificates,Rs62Certificates.RS62LadderRangeLogLeavesC,MathExtras.RS62Ladder.lr_lx_ub_067,IntervalArith.RatInterval.log_enclose_full,transcendental-enclosure,"Rat (exact, unbounded)",53,747,9,"24-term series, ~29 halving steps, argument ~9 decimal digits"
MathExtras.RS62Ladder.lr_lx_ub_068._native.native_decide.ax_1_1,Rs62Certificates,Rs62Certificates.RS62LadderRangeLogLeavesC,MathExtras.RS62Ladder.lr_lx_ub_068,IntervalArith.RatInterval.log_enclose_full,transcendental-enclosure,"Rat (exact, unbounded)",53,747,9,"24-term series, ~29 halving steps, argument ~9 decimal digits"
MathExtras.RS62Ladder.lr_lx_ub_069._native.native_decide.ax_1_1,Rs62Certificates,Rs62Certificates.RS62LadderRangeLogLeavesC,MathExtras.RS62Ladder.lr_lx_ub_069,IntervalArith.RatInterval.log_enclose_full,transcendental-enclosure,"Rat (exact, unbounded)",53,747,9,"24-term series, ~29 halving steps, argument ~9 decimal digits"
MathExtras.RS62Ladder.lr_lx_ub_070._native.native_decide.ax_1_1,Rs62Certificates,Rs62Certificates.RS62LadderRangeLogLeavesC,MathExtras.RS62Ladder.lr_lx_ub_070,IntervalArith.RatInterval.log_enclose_full,transcendental-enclosure,"Rat (exact, unbounded)",53,747,9,"24-term series, ~29 halving steps, argument ~9 decimal digits"
MathExtras.RS62Ladder.lr_lx_ub_071._native.native_decide.ax_1_1,Rs62Certificates,Rs62Certificates.RS62LadderRangeLogLeavesC,MathExtras.RS62Ladder.lr_lx_ub_071,IntervalArith.RatInterval.log_enclose_full,transcendental-enclosure,"Rat (exact, unbounded)",53,747,9,"24-term series, ~29 halving steps, argument ~9 decimal digits"
MathExtras.RS62Ladder.lr_lx_ub_072._native.native_decide.ax_1_1,Rs62Certificates,Rs62Certificates.RS62LadderRangeLogLeavesC,MathExtras.RS62Ladder.lr_lx_ub_072,IntervalArith.RatInterval.log_enclose_full,transcendental-enclosure,"Rat (exact, unbounded)",53,747,9,"24-term series, ~29 halving steps, argument ~9 decimal digits"
MathExtras.RS62Ladder.lr_lx_ub_073._native.native_decide.ax_1_1,Rs62Certificates,Rs62Certificates.RS62LadderRangeLogLeavesC,MathExtras.RS62Ladder.lr_lx_ub_073,IntervalArith.RatInterval.log_enclose_full,transcendental-enclosure,"Rat (exact, unbounded)",53,747,9,"24-term series, ~29 halving steps, argument ~9 decimal digits"
MathExtras.RS62Ladder.lr_lx_ub_074._native.native_decide.ax_1_1,Rs62Certificates,Rs62Certificates.RS62LadderRangeLogLeavesC,MathExtras.RS62Ladder.lr_lx_ub_074,IntervalArith.RatInterval.log_enclose_full,transcendental-enclosure,"Rat (exact, unbounded)",53,747,9,"24-term series, ~29 halving steps, argument ~9 decimal digits"
MathExtras.RS62Ladder.lr_lx_ub_075._native.native_decide.ax_1_1,Rs62Certificates,Rs62Certificates.RS62LadderRangeLogLeavesC,MathExtras.RS62Ladder.lr_lx_ub_075,IntervalArith.RatInterval.log_enclose_full,transcendental-enclosure,"Rat (exact, unbounded)",53,747,9,"24-term series, ~29 halving steps, argument ~9 decimal digits"
MathExtras.RS62Ladder.lr_lx_ub_076._native.native_decide.ax_1_1,Rs62Certificates,Rs62Certificates.RS62LadderRangeLogLeavesC,MathExtras.RS62Ladder.lr_lx_ub_076,IntervalArith.RatInterval.log_enclose_full,transcendental-enclosure,"Rat (exact, unbounded)",53,747,9,"24-term series, ~29 halving steps, argument ~9 decimal digits"
MathExtras.RS62Ladder.lr_lx_ub_077._native.native_decide.ax_1_1,Rs62Certificates,Rs62Certificates.RS62LadderRangeLogLeavesC,MathExtras.RS62Ladder.lr_lx_ub_077,IntervalArith.RatInterval.log_enclose_full,transcendental-enclosure,"Rat (exact, unbounded)",53,747,9,"24-term series, ~29 halving steps, argument ~9 decimal digits"
MathExtras.RS62Ladder.lr_lx_ub_078._native.native_decide.ax_1_1,Rs62Certificates,Rs62Certificates.RS62LadderRangeLogLeavesC,MathExtras.RS62Ladder.lr_lx_ub_078,IntervalArith.RatInterval.log_enclose_full,transcendental-enclosure,"Rat (exact, unbounded)",53,747,9,"24-term series, ~29 halving steps, argument ~9 decimal digits"
MathExtras.RS62Ladder.lr_lx_ub_079._native.native_decide.ax_1_1,Rs62Certificates,Rs62Certificates.RS62LadderRangeLogLeavesC,MathExtras.RS62Ladder.lr_lx_ub_079,IntervalArith.RatInterval.log_enclose_full,transcendental-enclosure,"Rat (exact, unbounded)",53,747,9,"24-term series, ~29 halving steps, argument ~9 decimal digits"
MathExtras.RS62Ladder.lr_lx_ub_080._native.native_decide.ax_1_1,Rs62Certificates,Rs62Certificates.RS62LadderRangeLogLeavesC,MathExtras.RS62Ladder.lr_lx_ub_080,IntervalArith.RatInterval.log_enclose_full,transcendental-enclosure,"Rat (exact, unbounded)",53,747,9,"24-term series, ~29 halving steps, argument ~9 decimal digits"
MathExtras.RS62Ladder.lr_lx_ub_081._native.native_decide.ax_1_1,Rs62Certificates,Rs62Certificates.RS62LadderRangeLogLeavesC,MathExtras.RS62Ladder.lr_lx_ub_081,IntervalArith.RatInterval.log_enclose_full,transcendental-enclosure,"Rat (exact, unbounded)",53,747,9,"24-term series, ~29 halving steps, argument ~9 decimal digits"
MathExtras.RS62Ladder.lr_lx_ub_082._native.native_decide.ax_1_1,Rs62Certificates,Rs62Certificates.RS62LadderRangeLogLeavesC,MathExtras.RS62Ladder.lr_lx_ub_082,IntervalArith.RatInterval.log_enclose_full,transcendental-enclosure,"Rat (exact, unbounded)",53,747,9,"24-term series, ~29 halving steps, argument ~9 decimal digits"
MathExtras.RS62Ladder.lr_lx_ub_083._native.native_decide.ax_1_1,Rs62Certificates,Rs62Certificates.RS62LadderRangeLogLeavesC,MathExtras.RS62Ladder.lr_lx_ub_083,IntervalArith.RatInterval.log_enclose_full,transcendental-enclosure,"Rat (exact, unbounded)",53,747,9,"24-term series, ~29 halving steps, argument ~9 decimal digits"
MathExtras.RS62Ladder.lr_lx_ub_084._native.native_decide.ax_1_1,Rs62Certificates,Rs62Certificates.RS62LadderRangeLogLeavesC,MathExtras.RS62Ladder.lr_lx_ub_084,IntervalArith.RatInterval.log_enclose_full,transcendental-enclosure,"Rat (exact, unbounded)",53,747,9,"24-term series, ~29 halving steps, argument ~9 decimal digits"
MathExtras.RS62Ladder.lr_lx_ub_085._native.native_decide.ax_1_1,Rs62Certificates,Rs62Certificates.RS62LadderRangeLogLeavesC,MathExtras.RS62Ladder.lr_lx_ub_085,IntervalArith.RatInterval.log_enclose_full,transcendental-enclosure,"Rat (exact, unbounded)",53,747,9,"24-term series, ~29 halving steps, argument ~9 decimal digits"
MathExtras.RS62Ladder.lr_lx_ub_086._native.native_decide.ax_1_1,Rs62Certificates,Rs62Certificates.RS62LadderRangeLogLeavesC,MathExtras.RS62Ladder.lr_lx_ub_086,IntervalArith.RatInterval.log_enclose_full,transcendental-enclosure,"Rat (exact, unbounded)",53,747,9,"24-term series, ~29 halving steps, argument ~9 decimal digits"
MathExtras.RS62Ladder.lr_lx_ub_087._native.native_decide.ax_1_1,Rs62Certificates,Rs62Certificates.RS62LadderRangeLogLeavesC,MathExtras.RS62Ladder.lr_lx_ub_087,IntervalArith.RatInterval.log_enclose_full,transcendental-enclosure,"Rat (exact, unbounded)",53,747,9,"24-term series, ~29 halving steps, argument ~9 decimal digits"
MathExtras.RS62Ladder.lr_lx_ub_088._native.native_decide.ax_1_1,Rs62Certificates,Rs62Certificates.RS62LadderRangeLogLeavesC,MathExtras.RS62Ladder.lr_lx_ub_088,IntervalArith.RatInterval.log_enclose_full,transcendental-enclosure,"Rat (exact, unbounded)",53,747,9,"24-term series, ~29 halving steps, argument ~9 decimal digits"
MathExtras.RS62Ladder.lr_lx_ub_089._native.native_decide.ax_1_1,Rs62Certificates,Rs62Certificates.RS62LadderRangeLogLeavesC,MathExtras.RS62Ladder.lr_lx_ub_089,IntervalArith.RatInterval.log_enclose_full,transcendental-enclosure,"Rat (exact, unbounded)",53,747,9,"24-term series, ~29 halving steps, argument ~9 decimal digits"
MathExtras.RS62Ladder.lr_lx_ub_090._native.native_decide.ax_1_1,Rs62Certificates,Rs62Certificates.RS62LadderRangeLogLeavesC,MathExtras.RS62Ladder.lr_lx_ub_090,IntervalArith.RatInterval.log_enclose_full,transcendental-enclosure,"Rat (exact, unbounded)",53,747,9,"24-term series, ~29 halving steps, argument ~9 decimal digits"
MathExtras.RS62Ladder.lr_lx_ub_091._native.native_decide.ax_1_1,Rs62Certificates,Rs62Certificates.RS62LadderRangeLogLeavesC,MathExtras.RS62Ladder.lr_lx_ub_091,IntervalArith.RatInterval.log_enclose_full,transcendental-enclosure,"Rat (exact, unbounded)",53,747,9,"24-term series, ~29 halving steps, argument ~9 decimal digits"
MathExtras.RS62Ladder.lr_lx_ub_092._native.native_decide.ax_1_1,Rs62Certificates,Rs62Certificates.RS62LadderRangeLogLeavesD,MathExtras.RS62Ladder.lr_lx_ub_092,IntervalArith.RatInterval.log_enclose_full,transcendental-enclosure,"Rat (exact, unbounded)",53,747,9,"24-term series, ~29 halving steps, argument ~9 decimal digits"
MathExtras.RS62Ladder.lr_lx_ub_093._native.native_decide.ax_1_1,Rs62Certificates,Rs62Certificates.RS62LadderRangeLogLeavesD,MathExtras.RS62Ladder.lr_lx_ub_093,IntervalArith.RatInterval.log_enclose_full,transcendental-enclosure,"Rat (exact, unbounded)",53,747,9,"24-term series, ~29 halving steps, argument ~9 decimal digits"
MathExtras.RS62Ladder.lr_lx_ub_094._native.native_decide.ax_1_1,Rs62Certificates,Rs62Certificates.RS62LadderRangeLogLeavesD,MathExtras.RS62Ladder.lr_lx_ub_094,IntervalArith.RatInterval.log_enclose_full,transcendental-enclosure,"Rat (exact, unbounded)",53,747,9,"24-term series, ~29 halving steps, argument ~9 decimal digits"
MathExtras.RS62Ladder.lr_lx_ub_095._native.native_decide.ax_1_1,Rs62Certificates,Rs62Certificates.RS62LadderRangeLogLeavesD,MathExtras.RS62Ladder.lr_lx_ub_095,IntervalArith.RatInterval.log_enclose_full,transcendental-enclosure,"Rat (exact, unbounded)",53,747,9,"24-term series, ~29 halving steps, argument ~9 decimal digits"
MathExtras.RS62Ladder.lr_lx_ub_096._native.native_decide.ax_1_1,Rs62Certificates,Rs62Certificates.RS62LadderRangeLogLeavesD,MathExtras.RS62Ladder.lr_lx_ub_096,IntervalArith.RatInterval.log_enclose_full,transcendental-enclosure,"Rat (exact, unbounded)",53,747,9,"24-term series, ~29 halving steps, argument ~9 decimal digits"
MathExtras.RS62Ladder.lr_lx_ub_097._native.native_decide.ax_1_1,Rs62Certificates,Rs62Certificates.RS62LadderRangeLogLeavesD,MathExtras.RS62Ladder.lr_lx_ub_097,IntervalArith.RatInterval.log_enclose_full,transcendental-enclosure,"Rat (exact, unbounded)",53,747,9,"24-term series, ~29 halving steps, argument ~9 decimal digits"
MathExtras.RS62Ladder.lr_lx_ub_098._native.native_decide.ax_1_1,Rs62Certificates,Rs62Certificates.RS62LadderRangeLogLeavesD,MathExtras.RS62Ladder.lr_lx_ub_098,IntervalArith.RatInterval.log_enclose_full,transcendental-enclosure,"Rat (exact, unbounded)",53,747,9,"24-term series, ~29 halving steps, argument ~9 decimal digits"
MathExtras.RS62Ladder.lr_lx_ub_099._native.native_decide.ax_1_1,Rs62Certificates,Rs62Certificates.RS62LadderRangeLogLeavesD,MathExtras.RS62Ladder.lr_lx_ub_099,IntervalArith.RatInterval.log_enclose_full,transcendental-enclosure,"Rat (exact, unbounded)",53,747,9,"24-term series, ~29 halving steps, argument ~9 decimal digits"
MathExtras.RS62Ladder.lr_lx_ub_100._native.native_decide.ax_1_1,Rs62Certificates,Rs62Certificates.RS62LadderRangeLogLeavesD,MathExtras.RS62Ladder.lr_lx_ub_100,IntervalArith.RatInterval.log_enclose_full,transcendental-enclosure,"Rat (exact, unbounded)",53,747,9,"24-term series, ~29 halving steps, argument ~9 decimal digits"
MathExtras.RS62Ladder.lr_lx_ub_101._native.native_decide.ax_1_1,Rs62Certificates,Rs62Certificates.RS62LadderRangeLogLeavesD,MathExtras.RS62Ladder.lr_lx_ub_101,IntervalArith.RatInterval.log_enclose_full,transcendental-enclosure,"Rat (exact, unbounded)",53,747,9,"24-term series, ~29 halving steps, argument ~9 decimal digits"
MathExtras.RS62Ladder.lr_lx_ub_102._native.native_decide.ax_1_1,Rs62Certificates,Rs62Certificates.RS62LadderRangeLogLeavesD,MathExtras.RS62Ladder.lr_lx_ub_102,IntervalArith.RatInterval.log_enclose_full,transcendental-enclosure,"Rat (exact, unbounded)",53,747,9,"24-term series, ~29 halving steps, argument ~9 decimal digits"
MathExtras.RS62Ladder.lr_lx_ub_103._native.native_decide.ax_1_1,Rs62Certificates,Rs62Certificates.RS62LadderRangeLogLeavesD,MathExtras.RS62Ladder.lr_lx_ub_103,IntervalArith.RatInterval.log_enclose_full,transcendental-enclosure,"Rat (exact, unbounded)",53,747,9,"24-term series, ~29 halving steps, argument ~9 decimal digits"
MathExtras.RS62Ladder.lr_lx_ub_104._native.native_decide.ax_1_1,Rs62Certificates,Rs62Certificates.RS62LadderRangeLogLeavesD,MathExtras.RS62Ladder.lr_lx_ub_104,IntervalArith.RatInterval.log_enclose_full,transcendental-enclosure,"Rat (exact, unbounded)",53,747,9,"24-term series, ~29 halving steps, argument ~9 decimal digits"
MathExtras.RS62Ladder.lr_lx_ub_105._native.native_decide.ax_1_1,Rs62Certificates,Rs62Certificates.RS62LadderRangeLogLeavesD,MathExtras.RS62Ladder.lr_lx_ub_105,IntervalArith.RatInterval.log_enclose_full,transcendental-enclosure,"Rat (exact, unbounded)",53,747,9,"24-term series, ~29 halving steps, argument ~9 decimal digits"
MathExtras.RS62Ladder.lr_lx_ub_106._native.native_decide.ax_1_1,Rs62Certificates,Rs62Certificates.RS62LadderRangeLogLeavesD,MathExtras.RS62Ladder.lr_lx_ub_106,IntervalArith.RatInterval.log_enclose_full,transcendental-enclosure,"Rat (exact, unbounded)",53,747,9,"24-term series, ~29 halving steps, argument ~9 decimal digits"
MathExtras.RS62Ladder.lr_lx_ub_107._native.native_decide.ax_1_1,Rs62Certificates,Rs62Certificates.RS62LadderRangeLogLeavesD,MathExtras.RS62Ladder.lr_lx_ub_107,IntervalArith.RatInterval.log_enclose_full,transcendental-enclosure,"Rat (exact, unbounded)",53,747,9,"24-term series, ~29 halving steps, argument ~9 decimal digits"
MathExtras.RS62Ladder.lr_lx_ub_108._native.native_decide.ax_1_1,Rs62Certificates,Rs62Certificates.RS62LadderRangeLogLeavesD,MathExtras.RS62Ladder.lr_lx_ub_108,IntervalArith.RatInterval.log_enclose_full,transcendental-enclosure,"Rat (exact, unbounded)",53,747,9,"24-term series, ~29 halving steps, argument ~9 decimal digits"
MathExtras.RS62Ladder.lr_lx_ub_109._native.native_decide.ax_1_1,Rs62Certificates,Rs62Certificates.RS62LadderRangeLogLeavesD,MathExtras.RS62Ladder.lr_lx_ub_109,IntervalArith.RatInterval.log_enclose_full,transcendental-enclosure,"Rat (exact, unbounded)",53,747,9,"24-term series, ~29 halving steps, argument ~9 decimal digits"
MathExtras.RS62Ladder.lr_lx_ub_110._native.native_decide.ax_1_1,Rs62Certificates,Rs62Certificates.RS62LadderRangeLogLeavesD,MathExtras.RS62Ladder.lr_lx_ub_110,IntervalArith.RatInterval.log_enclose_full,transcendental-enclosure,"Rat (exact, unbounded)",53,747,9,"24-term series, ~29 halving steps, argument ~9 decimal digits"
MathExtras.RS62Ladder.lr_lx_ub_111._native.native_decide.ax_1_1,Rs62Certificates,Rs62Certificates.RS62LadderRangeLogLeavesD,MathExtras.RS62Ladder.lr_lx_ub_111,IntervalArith.RatInterval.log_enclose_full,transcendental-enclosure,"Rat (exact, unbounded)",53,747,9,"24-term series, ~29 halving steps, argument ~9 decimal digits"
MathExtras.RS62Ladder.lr_lx_ub_112._native.native_decide.ax_1_1,Rs62Certificates,Rs62Certificates.RS62LadderRangeLogLeavesD,MathExtras.RS62Ladder.lr_lx_ub_112,IntervalArith.RatInterval.log_enclose_full,transcendental-enclosure,"Rat (exact, unbounded)",53,747,9,"24-term series, ~29 halving steps, argument ~9 decimal digits"
MathExtras.RS62Ladder.lr_lx_ub_113._native.native_decide.ax_1_1,Rs62Certificates,Rs62Certificates.RS62LadderRangeLogLeavesD,MathExtras.RS62Ladder.lr_lx_ub_113,IntervalArith.RatInterval.log_enclose_full,transcendental-enclosure,"Rat (exact, unbounded)",53,747,9,"24-term series, ~29 halving steps, argument ~9 decimal digits"
MathExtras.RS62Ladder.lr_lx_ub_114._native.native_decide.ax_1_1,Rs62Certificates,Rs62Certificates.RS62LadderRangeLogLeavesD,MathExtras.RS62Ladder.lr_lx_ub_114,IntervalArith.RatInterval.log_enclose_full,transcendental-enclosure,"Rat (exact, unbounded)",53,747,9,"24-term series, ~29 halving steps, argument ~9 decimal digits"
MathExtras.RS62Ladder.lr_lx_ub_115._native.native_decide.ax_1_1,Rs62Certificates,Rs62Certificates.RS62LadderRangeLogLeavesD,MathExtras.RS62Ladder.lr_lx_ub_115,IntervalArith.RatInterval.log_enclose_full,transcendental-enclosure,"Rat (exact, unbounded)",53,747,9,"24-term series, ~29 halving steps, argument ~9 decimal digits"
MathExtras.RS62Ladder.lr_lx_ub_116._native.native_decide.ax_1_1,Rs62Certificates,Rs62Certificates.RS62LadderRangeLogLeavesD,MathExtras.RS62Ladder.lr_lx_ub_116,IntervalArith.RatInterval.log_enclose_full,transcendental-enclosure,"Rat (exact, unbounded)",53,747,9,"24-term series, ~29 halving steps, argument ~9 decimal digits"
MathExtras.RS62Ladder.lr_lx_ub_117._native.native_decide.ax_1_1,Rs62Certificates,Rs62Certificates.RS62LadderRangeLogLeavesD,MathExtras.RS62Ladder.lr_lx_ub_117,IntervalArith.RatInterval.log_enclose_full,transcendental-enclosure,"Rat (exact, unbounded)",53,747,9,"24-term series, ~29 halving steps, argument ~9 decimal digits"
MathExtras.RS62Ladder.lr_lx_ub_118._native.native_decide.ax_1_1,Rs62Certificates,Rs62Certificates.RS62LadderRangeLogLeavesD,MathExtras.RS62Ladder.lr_lx_ub_118,IntervalArith.RatInterval.log_enclose_full,transcendental-enclosure,"Rat (exact, unbounded)",53,747,9,"24-term series, ~29 halving steps, argument ~9 decimal digits"
MathExtras.RS62Ladder.lr_lx_ub_119._native.native_decide.ax_1_1,Rs62Certificates,Rs62Certificates.RS62LadderRangeLogLeavesD,MathExtras.RS62Ladder.lr_lx_ub_119,IntervalArith.RatInterval.log_enclose_full,transcendental-enclosure,"Rat (exact, unbounded)",53,747,9,"24-term series, ~29 halving steps, argument ~9 decimal digits"
MathExtras.RS62Ladder.lr_lx_ub_120._native.native_decide.ax_1_1,Rs62Certificates,Rs62Certificates.RS62LadderRangeLogLeavesD,MathExtras.RS62Ladder.lr_lx_ub_120,IntervalArith.RatInterval.log_enclose_full,transcendental-enclosure,"Rat (exact, unbounded)",53,747,9,"24-term series, ~29 halving steps, argument ~9 decimal digits"
MathExtras.RS62Ladder.s314_primorial._native.native_decide.ax_1_1,Rs62Certificates,Rs62Certificates.RS62Ladder314Leaves,MathExtras.RS62Ladder.s314_primorial,(named constants only),fixed-expression,Rat/RatInterval,1,,843,constant-depth comparison of named constants
MathExtras.RS62Ladder.s410_prodD._native.native_decide.ax_1_1,Rs62Certificates,Rs62Certificates.RS62Ladder410Seeds,MathExtras.RS62Ladder.s410_prodD,(named constants only),fixed-expression,Rat/RatInterval,1,,43287,constant-depth comparison of named constants
MathExtras.RS62Ladder.s410_prodN._native.native_decide.ax_1_1,Rs62Certificates,Rs62Certificates.RS62Ladder410Seeds,MathExtras.RS62Ladder.s410_prodN,(named constants only),fixed-expression,Rat/RatInterval,1,,43288,constant-depth comparison of named constants
MathExtras.RS62MertensFirst.full_run_nonempty._native.native_decide.ax_1_1,Rs62Certificates,Rs62Certificates.RS62MertensFirstFull,MathExtras.RS62MertensFirst.full_run_nonempty,MathExtras.RS62MertensFirst.loop,linear-fold-sieve,Nat (2^48 fixed point),10000000,,8,"exact fuel from the atom: 10,000,000 iterations"
TGNativeCertificates.CDEMMertens.shard_0_1000000._native.native_decide.ax_1_1,TGNativeCertificates,TGNativeCertificates.CDEMMertensCert0,TGNativeCertificates.CDEMMertens.shard_0_1000000,TGNativeCertificates.CDEMMertens.rangeSweep,linear-fold-sieve,Int (|M| < 1000),1000000,,7,"exact fuel from the atom: 1,000,000 iterations"
TGNativeCertificates.CDEMMertens.shard_1000000_2000000._native.native_decide.ax_1_1,TGNativeCertificates,TGNativeCertificates.CDEMMertensCert1,TGNativeCertificates.CDEMMertens.shard_1000000_2000000,TGNativeCertificates.CDEMMertens.rangeSweep,linear-fold-sieve,Int (|M| < 1000),1000000,,7,"exact fuel from the atom: 1,000,000 iterations"
TGNativeCertificates.CDEMMertens.shard_2000000_lower._native.native_decide.ax_1_1,TGNativeCertificates,TGNativeCertificates.CDEMMertensCert2,TGNativeCertificates.CDEMMertens.shard_2000000_lower,TGNativeCertificates.CDEMMertens.rangeSweep,linear-fold-sieve,Int (|M| < 1000),160535,,7,"exact fuel from the atom: 160,535 iterations"
TGNativeCertificates.CDEMMertens.shard_3000000_4000000._native.native_decide.ax_1_1,TGNativeCertificates,TGNativeCertificates.CDEMMertensCert4,TGNativeCertificates.CDEMMertens.shard_3000000_4000000,TGNativeCertificates.CDEMMertens.rangeSweep,linear-fold-sieve,Int (|M| < 1000),1000000,,7,"exact fuel from the atom: 1,000,000 iterations"
TGNativeCertificates.CDEMMertens.shard_4000000_5000000._native.native_decide.ax_1_1,TGNativeCertificates,TGNativeCertificates.CDEMMertensCert5,TGNativeCertificates.CDEMMertens.shard_4000000_5000000,TGNativeCertificates.CDEMMertens.rangeSweep,linear-fold-sieve,Int (|M| < 1000),1000000,,7,"exact fuel from the atom: 1,000,000 iterations"
TGNativeCertificates.CDEMMertens.shard_5000000_6000000._native.native_decide.ax_1_1,TGNativeCertificates,TGNativeCertificates.CDEMMertensCert6,TGNativeCertificates.CDEMMertens.shard_5000000_6000000,TGNativeCertificates.CDEMMertens.rangeSweep,linear-fold-sieve,Int (|M| < 1000),1000000,,7,"exact fuel from the atom: 1,000,000 iterations"
TGNativeCertificates.CDEMMertens.shard_6000000_upper._native.native_decide.ax_1_1,TGNativeCertificates,TGNativeCertificates.CDEMMertensCert7,TGNativeCertificates.CDEMMertens.shard_6000000_upper,TGNativeCertificates.CDEMMertens.rangeSweep,linear-fold-sieve,Int (|M| < 1000),155336,,7,"exact fuel from the atom: 155,336 iterations"
TGNativeCertificates.CDEMMertens.shard_lower_3000000._native.native_decide.ax_1_1,TGNativeCertificates,TGNativeCertificates.CDEMMertensCert3,TGNativeCertificates.CDEMMertens.shard_lower_3000000,TGNativeCertificates.CDEMMertens.rangeSweep,linear-fold-sieve,Int (|M| < 1000),839465,,7,"exact fuel from the atom: 839,465 iterations"
TGNativeCertificates.CDEMTablePrefix.checkPrefixFields_passes._native.native_decide.ax_1_1,TGNativeCertificates,TGNativeCertificates.CDEMTablePrefixCert,TGNativeCertificates.CDEMTablePrefix.checkPrefixFields_passes,TGNativeCertificates.CDEMTablePrefixEngine.checkPrefixFields,linear-fold-rat,Int/Nat at 10^30,996650,,0,five folds over d <= 199330
TGNativeCertificates.PrimeLogSquare219.check_prime_log_square_2_19_full._native.native_decide.ax_1_1,TGNativeCertificates,TGNativeCertificates.PrimeLogSquare219Cert,TGNativeCertificates.PrimeLogSquare219.check_prime_log_square_2_19_full,TGNativeCertificates.PrimeLogSquare219.checkPrimeLogSquareTable,table-streaming,Nat,1517397,,7,factorTable bound + five log/prefix states
TGNativeCertificates.Ramare.Finite100M.check_first_mertens_100m_full._native.native_decide.ax_1_1,TGNativeCertificates.Ramare,TGNativeCertificates.Ramare.Finite100MCert,TGNativeCertificates.Ramare.Finite100M.check_first_mertens_100m_full,TGNativeCertificates.Ramare.Finite100M.checkFirstMertens100M,table-streaming,Nat (2^48 fixed point),100000000,,0,Array Nat of length 10^8
TGNativeCertificates.Ramare.Lemma71.check_lemma71_100m_full._native.native_decide.ax_1_1,TGNativeCertificates.Ramare,TGNativeCertificates.Ramare.Lemma71Cert,TGNativeCertificates.Ramare.Lemma71.check_lemma71_100m_full,TGNativeCertificates.Ramare.Lemma71.checkLemma71_100M,table-streaming,Nat/Int (2^48),100000000,,0,Array Nat of length 10^8
TGNativeCertificates.Ramare.MStar140MCert.full_run._native.native_decide.ax_1_1,TGNativeCertificates.Ramare,TGNativeCertificates.Ramare.MStar140MCert,TGNativeCertificates.Ramare.MStar140MCert.full_run,TGNativeCertificates.Ramare.MStar140MEngine.checkLimit,table-streaming,Nat/Int (2^48),140000000,,9,four Arrays of length 1.4*10^8
TGNativeCertificates.WeightedMoment217.check_weighted_moment_2_17_full._native.native_decide.ax_1_1,TGNativeCertificates,TGNativeCertificates.WeightedMoment217Cert,TGNativeCertificates.WeightedMoment217.check_weighted_moment_2_17_full,TGNativeCertificates.WeightedMoment217.checkWeightedMomentTable,table-streaming,Nat (acc ~ 2^110),19000000,,8,factorTable 1.9*10^7
Vinogradov.sieveCheck_sieveN₀._native.native_decide.ax_1_1,MathExtras.NumberTheory.Vinogradov,MathExtras.NumberTheory.Vinogradov.SingularSeriesC17SieveCapstone,Vinogradov.sieveCheck_sieveN₀,(named constants only),fixed-expression,Rat/RatInterval,1,,7,constant-depth comparison of named constants
_private.Math.Problems.TernaryGoldbach.MinorArcs.Chapter14.PaperEq1314EnvelopeAggregationCore.0.Math.Problems.TernaryGoldbach.eq1314_a_small_of_cuberoot._native.native_decide.ax_1_1,Math.Problems.TernaryGoldbach.MinorArcs.Chapter14,Math.Problems.TernaryGoldbach.MinorArcs.Chapter14.PaperEq1314EnvelopeAggregationCore,_private.Math.Problems.TernaryGoldbach.MinorArcs.Chapter14.PaperEq1314EnvelopeAggregationCore.0.Math.Problems.TernaryGoldbach.eq1314_a_small_of_cuberoot,IntervalArith.RatInterval.log_enclose_full,transcendental-enclosure,"Rat (exact, unbounded)",40,1660,5,"99-term series, ~16 halving steps, argument ~5 decimal digits"
_private.Math.Problems.TernaryGoldbach.MinorArcs.Chapter14.PaperEq1314EnvelopeAggregationCore.0.Math.Problems.TernaryGoldbach.eq1314_a_small_of_cuberoot._native.native_decide.ax_1_2,Math.Problems.TernaryGoldbach.MinorArcs.Chapter14,Math.Problems.TernaryGoldbach.MinorArcs.Chapter14.PaperEq1314EnvelopeAggregationCore,_private.Math.Problems.TernaryGoldbach.MinorArcs.Chapter14.PaperEq1314EnvelopeAggregationCore.0.Math.Problems.TernaryGoldbach.eq1314_a_small_of_cuberoot,IntervalArith.RatInterval.log_enclose_full,transcendental-enclosure,"Rat (exact, unbounded)",37,332,4,"24-term series, ~13 halving steps, argument ~4 decimal digits"
_private.Math.Problems.TernaryGoldbach.MinorArcs.Chapter14.PaperEq1314EnvelopeAggregationCore.0.Math.Problems.TernaryGoldbach.eq1314_a_small_of_cuberoot._native.native_decide.ax_1_3,Math.Problems.TernaryGoldbach.MinorArcs.Chapter14,Math.Problems.TernaryGoldbach.MinorArcs.Chapter14.PaperEq1314EnvelopeAggregationCore,_private.Math.Problems.TernaryGoldbach.MinorArcs.Chapter14.PaperEq1314EnvelopeAggregationCore.0.Math.Problems.TernaryGoldbach.eq1314_a_small_of_cuberoot,IntervalArith.RatInterval.log_enclose_full,transcendental-enclosure,"Rat (exact, unbounded)",40,415,5,"24-term series, ~16 halving steps, argument ~5 decimal digits"
_private.Math.Problems.TernaryGoldbach.MinorArcs.Chapter14.PaperEq1314EnvelopeAggregationCore.0.Math.Problems.TernaryGoldbach.eq1314_a_small_of_cuberoot._native.native_decide.ax_1_4,Math.Problems.TernaryGoldbach.MinorArcs.Chapter14,Math.Problems.TernaryGoldbach.MinorArcs.Chapter14.PaperEq1314EnvelopeAggregationCore,_private.Math.Problems.TernaryGoldbach.MinorArcs.Chapter14.PaperEq1314EnvelopeAggregationCore.0.Math.Problems.TernaryGoldbach.eq1314_a_small_of_cuberoot,IntervalArith.RatInterval.log_enclose_full,transcendental-enclosure,"Rat (exact, unbounded)",37,332,4,"24-term series, ~13 halving steps, argument ~4 decimal digits"
_private.Math.Problems.TernaryGoldbach.MinorArcs.Chapter14.PaperEq1314EnvelopeAggregationCore.0.Math.Problems.TernaryGoldbach.eq1314_a_small_of_cuberoot._native.native_decide.ax_1_5,Math.Problems.TernaryGoldbach.MinorArcs.Chapter14,Math.Problems.TernaryGoldbach.MinorArcs.Chapter14.PaperEq1314EnvelopeAggregationCore,_private.Math.Problems.TernaryGoldbach.MinorArcs.Chapter14.PaperEq1314EnvelopeAggregationCore.0.Math.Problems.TernaryGoldbach.eq1314_a_small_of_cuberoot,IntervalArith.RatInterval.log_enclose_full,transcendental-enclosure,"Rat (exact, unbounded)",43,498,6,"24-term series, ~19 halving steps, argument ~6 decimal digits"
_private.Math.Problems.TernaryGoldbach.MinorArcs.Chapter14.PaperEq1314EnvelopeAggregationCore.0.Math.Problems.TernaryGoldbach.eq1314_a_small_of_cuberoot._native.native_decide.ax_1_6,Math.Problems.TernaryGoldbach.MinorArcs.Chapter14,Math.Problems.TernaryGoldbach.MinorArcs.Chapter14.PaperEq1314EnvelopeAggregationCore,_private.Math.Problems.TernaryGoldbach.MinorArcs.Chapter14.PaperEq1314EnvelopeAggregationCore.0.Math.Problems.TernaryGoldbach.eq1314_a_small_of_cuberoot,IntervalArith.RatInterval.log_enclose_full,transcendental-enclosure,"Rat (exact, unbounded)",37,332,4,"24-term series, ~13 halving steps, argument ~4 decimal digits"
_private.Math.Problems.TernaryGoldbach.MinorArcs.Chapter14.PaperEq1314EnvelopeAggregationCore.0.Math.Problems.TernaryGoldbach.eq1314_a_small_of_cuberoot._native.native_decide.ax_1_7,Math.Problems.TernaryGoldbach.MinorArcs.Chapter14,Math.Problems.TernaryGoldbach.MinorArcs.Chapter14.PaperEq1314EnvelopeAggregationCore,_private.Math.Problems.TernaryGoldbach.MinorArcs.Chapter14.PaperEq1314EnvelopeAggregationCore.0.Math.Problems.TernaryGoldbach.eq1314_a_small_of_cuberoot,IntervalArith.RatInterval.log_enclose_full,transcendental-enclosure,"Rat (exact, unbounded)",37,1594,4,"119-term series, ~13 halving steps, argument ~4 decimal digits"
_private.Math.Problems.TernaryGoldbach.MinorArcs.Chapter14.PaperEq1314EnvelopeAggregationCore.0.Math.Problems.TernaryGoldbach.eq1314_a_small_of_cuberoot._native.native_decide.ax_1_8,Math.Problems.TernaryGoldbach.MinorArcs.Chapter14,Math.Problems.TernaryGoldbach.MinorArcs.Chapter14.PaperEq1314EnvelopeAggregationCore,_private.Math.Problems.TernaryGoldbach.MinorArcs.Chapter14.PaperEq1314EnvelopeAggregationCore.0.Math.Problems.TernaryGoldbach.eq1314_a_small_of_cuberoot,IntervalArith.RatInterval.log_enclose_full,transcendental-enclosure,"Rat (exact, unbounded)",40,415,5,"24-term series, ~16 halving steps, argument ~5 decimal digits"
_private.Math.Problems.TernaryGoldbach.MinorArcs.Chapter14.PaperEq1314SmallQHighCrossoverPlattSplit.0.Math.Problems.TernaryGoldbach.Eq1314SmallQHighCrossoverPlattSplit.endpointHighInitialCertificate_holds._native.native_decide.ax_1_1,Math.Problems.TernaryGoldbach.MinorArcs.Chapter14,Math.Problems.TernaryGoldbach.MinorArcs.Chapter14.PaperEq1314SmallQHighCrossoverPlattSplit,_private.Math.Problems.TernaryGoldbach.MinorArcs.Chapter14.PaperEq1314SmallQHighCrossoverPlattSplit.0.Math.Problems.TernaryGoldbach.Eq1314SmallQHighCrossoverPlattSplit.endpointHighInitialCertificate_holds,MathExtras.Helfgott.MinorSection51Pieces.BandIntervalExpr.evalInterval,bisection-tree,"RatInterval (exp/log/sqrt nodes, no rounding)",70,,2,"20-40 transcendental nodes per cell, no subtree sharing"
_private.Math.Problems.TernaryGoldbach.MinorArcs.Chapter14.PaperEq1314SmallQHighCrossoverPlattSplit.0.Math.Problems.TernaryGoldbach.Eq1314SmallQHighCrossoverPlattSplit.endpointHighMiddleCertificate_holds._native.native_decide.ax_1_1,Math.Problems.TernaryGoldbach.MinorArcs.Chapter14,Math.Problems.TernaryGoldbach.MinorArcs.Chapter14.PaperEq1314SmallQHighCrossoverPlattSplit,_private.Math.Problems.TernaryGoldbach.MinorArcs.Chapter14.PaperEq1314SmallQHighCrossoverPlattSplit.0.Math.Problems.TernaryGoldbach.Eq1314SmallQHighCrossoverPlattSplit.endpointHighMiddleCertificate_holds,MathExtras.Helfgott.MinorSection51Pieces.BandIntervalExpr.evalInterval,bisection-tree,"RatInterval (exp/log/sqrt nodes, no rounding)",120,,3,"20-40 transcendental nodes per cell, no subtree sharing"
_private.Math.Problems.TernaryGoldbach.MinorArcs.Chapter14.PaperEq1314SmallQHighCrossoverPlattSplit.0.Math.Problems.TernaryGoldbach.Eq1314SmallQHighCrossoverPlattSplit.endpointHighNearCertificate_holds._native.native_decide.ax_1_1,Math.Problems.TernaryGoldbach.MinorArcs.Chapter14,Math.Problems.TernaryGoldbach.MinorArcs.Chapter14.PaperEq1314SmallQHighCrossoverPlattSplit,_private.Math.Problems.TernaryGoldbach.MinorArcs.Chapter14.PaperEq1314SmallQHighCrossoverPlattSplit.0.Math.Problems.TernaryGoldbach.Eq1314SmallQHighCrossoverPlattSplit.endpointHighNearCertificate_holds,MathExtras.Helfgott.MinorSection51Pieces.BandIntervalExpr.evalInterval,bisection-tree,"RatInterval (exp/log/sqrt nodes, no rounding)",82,,2,"20-40 transcendental nodes per cell, no subtree sharing"
_private.Math.Problems.TernaryGoldbach.MinorArcs.Chapter14.PaperEq1314SmallQHighCrossoverPlattSplit.0.Math.Problems.TernaryGoldbach.Eq1314SmallQHighCrossoverPlattSplit.endpointHighTailCertificate_holds._native.native_decide.ax_1_1,Math.Problems.TernaryGoldbach.MinorArcs.Chapter14,Math.Problems.TernaryGoldbach.MinorArcs.Chapter14.PaperEq1314SmallQHighCrossoverPlattSplit,_private.Math.Problems.TernaryGoldbach.MinorArcs.Chapter14.PaperEq1314SmallQHighCrossoverPlattSplit.0.Math.Problems.TernaryGoldbach.Eq1314SmallQHighCrossoverPlattSplit.endpointHighTailCertificate_holds,MathExtras.Helfgott.MinorSection51Pieces.BandIntervalExpr.evalInterval,bisection-tree,"RatInterval (exp/log/sqrt nodes, no rounding)",120,,3,"20-40 transcendental nodes per cell, no subtree sharing"
_private.Math.Problems.TernaryGoldbach.MinorArcs.Chapter14.PaperEq1314SmallQHighCrossoverPlattSplit.0.Math.Problems.TernaryGoldbach.Eq1314SmallQHighCrossoverPlattSplit.endpointLowNearCertificate_holds._native.native_decide.ax_1_1,Math.Problems.TernaryGoldbach.MinorArcs.Chapter14,Math.Problems.TernaryGoldbach.MinorArcs.Chapter14.PaperEq1314SmallQHighCrossoverPlattSplit,_private.Math.Problems.TernaryGoldbach.MinorArcs.Chapter14.PaperEq1314SmallQHighCrossoverPlattSplit.0.Math.Problems.TernaryGoldbach.Eq1314SmallQHighCrossoverPlattSplit.endpointLowNearCertificate_holds,MathExtras.Helfgott.MinorSection51Pieces.BandIntervalExpr.evalInterval,bisection-tree,"RatInterval (exp/log/sqrt nodes, no rounding)",68,,2,"20-40 transcendental nodes per cell, no subtree sharing"
_private.Math.Problems.TernaryGoldbach.MinorArcs.Chapter14.PaperEq1314SmallQHighCrossoverPlattSplit.0.Math.Problems.TernaryGoldbach.Eq1314SmallQHighCrossoverPlattSplit.endpointLowTailCertificate_holds._native.native_decide.ax_1_1,Math.Problems.TernaryGoldbach.MinorArcs.Chapter14,Math.Problems.TernaryGoldbach.MinorArcs.Chapter14.PaperEq1314SmallQHighCrossoverPlattSplit,_private.Math.Problems.TernaryGoldbach.MinorArcs.Chapter14.PaperEq1314SmallQHighCrossoverPlattSplit.0.Math.Problems.TernaryGoldbach.Eq1314SmallQHighCrossoverPlattSplit.endpointLowTailCertificate_holds,MathExtras.Helfgott.MinorSection51Pieces.BandIntervalExpr.evalInterval,bisection-tree,"RatInterval (exp/log/sqrt nodes, no rounding)",68,,2,"20-40 transcendental nodes per cell, no subtree sharing"
_private.Math.Problems.TernaryGoldbach.MinorArcs.Chapter14.PaperEq1314SmallQHighCrossoverPlattSplit.0.Math.Problems.TernaryGoldbach.Eq1314SmallQHighCrossoverPlattSplit.endpointMidNearCertificate_holds._native.native_decide.ax_1_1,Math.Problems.TernaryGoldbach.MinorArcs.Chapter14,Math.Problems.TernaryGoldbach.MinorArcs.Chapter14.PaperEq1314SmallQHighCrossoverPlattSplit,_private.Math.Problems.TernaryGoldbach.MinorArcs.Chapter14.PaperEq1314SmallQHighCrossoverPlattSplit.0.Math.Problems.TernaryGoldbach.Eq1314SmallQHighCrossoverPlattSplit.endpointMidNearCertificate_holds,MathExtras.Helfgott.MinorSection51Pieces.BandIntervalExpr.evalInterval,bisection-tree,"RatInterval (exp/log/sqrt nodes, no rounding)",67,,2,"20-40 transcendental nodes per cell, no subtree sharing"
_private.Math.Problems.TernaryGoldbach.MinorArcs.Chapter14.PaperEq1314SmallQHighCrossoverPlattSplit.0.Math.Problems.TernaryGoldbach.Eq1314SmallQHighCrossoverPlattSplit.endpointMidTailCertificate_holds._native.native_decide.ax_1_1,Math.Problems.TernaryGoldbach.MinorArcs.Chapter14,Math.Problems.TernaryGoldbach.MinorArcs.Chapter14.PaperEq1314SmallQHighCrossoverPlattSplit,_private.Math.Problems.TernaryGoldbach.MinorArcs.Chapter14.PaperEq1314SmallQHighCrossoverPlattSplit.0.Math.Problems.TernaryGoldbach.Eq1314SmallQHighCrossoverPlattSplit.endpointMidTailCertificate_holds,MathExtras.Helfgott.MinorSection51Pieces.BandIntervalExpr.evalInterval,bisection-tree,"RatInterval (exp/log/sqrt nodes, no rounding)",69,,2,"20-40 transcendental nodes per cell, no subtree sharing"
_private.Math.Problems.TernaryGoldbach.MinorArcs.Chapter14.PaperEq1314SmallQHighCrossoverPlattSplit.0.Math.Problems.TernaryGoldbach.Eq1314SmallQHighCrossoverPlattSplit.endpointMidTransitionCertificate_holds._native.native_decide.ax_1_1,Math.Problems.TernaryGoldbach.MinorArcs.Chapter14,Math.Problems.TernaryGoldbach.MinorArcs.Chapter14.PaperEq1314SmallQHighCrossoverPlattSplit,_private.Math.Problems.TernaryGoldbach.MinorArcs.Chapter14.PaperEq1314SmallQHighCrossoverPlattSplit.0.Math.Problems.TernaryGoldbach.Eq1314SmallQHighCrossoverPlattSplit.endpointMidTransitionCertificate_holds,MathExtras.Helfgott.MinorSection51Pieces.BandIntervalExpr.evalInterval,bisection-tree,"RatInterval (exp/log/sqrt nodes, no rounding)",69,,2,"20-40 transcendental nodes per cell, no subtree sharing"
_private.Math.Problems.TernaryGoldbach.MinorArcs.Chapter14.PaperEq1314SmallQHighCrossoverPlattSplit.0.Math.Problems.TernaryGoldbach.Eq1314SmallQHighCrossoverPlattSplit.endpointSafeBundle_holds._native.native_decide.ax_1_1,Math.Problems.TernaryGoldbach.MinorArcs.Chapter14,Math.Problems.TernaryGoldbach.MinorArcs.Chapter14.PaperEq1314SmallQHighCrossoverPlattSplit,_private.Math.Problems.TernaryGoldbach.MinorArcs.Chapter14.PaperEq1314SmallQHighCrossoverPlattSplit.0.Math.Problems.TernaryGoldbach.Eq1314SmallQHighCrossoverPlattSplit.endpointSafeBundle_holds,(named constants only),fixed-expression,Rat/RatInterval,1,,3,constant-depth comparison of named constants
_private.MathExtras.NumberTheory.Helfgott.Lemma37HighQLargeSharpBShape.0.MathExtras.Helfgott.SIIAssembly.certDerivMinusReal_nonneg._native.native_decide.ax_1_1,MathExtras.NumberTheory.Helfgott,MathExtras.NumberTheory.Helfgott.Lemma37HighQLargeSharpBShape,_private.MathExtras.NumberTheory.Helfgott.Lemma37HighQLargeSharpBShape.0.MathExtras.Helfgott.SIIAssembly.certDerivMinusReal_nonneg,(named constants only),fixed-expression,Rat/RatInterval,1,,3,constant-depth comparison of named constants
_private.MathExtras.NumberTheory.Helfgott.Lemma37HighQLargeSharpBShape.0.MathExtras.Helfgott.SIIAssembly.certDerivReal_nonneg._native.native_decide.ax_1_1,MathExtras.NumberTheory.Helfgott,MathExtras.NumberTheory.Helfgott.Lemma37HighQLargeSharpBShape,_private.MathExtras.NumberTheory.Helfgott.Lemma37HighQLargeSharpBShape.0.MathExtras.Helfgott.SIIAssembly.certDerivReal_nonneg,(named constants only),fixed-expression,Rat/RatInterval,1,,3,constant-depth comparison of named constants
_private.MathExtras.NumberTheory.Helfgott.Lemma37HighQLargeSharpBShape.0.MathExtras.Helfgott.SIIAssembly.certFLowReal_nonneg._native.native_decide.ax_1_1,MathExtras.NumberTheory.Helfgott,MathExtras.NumberTheory.Helfgott.Lemma37HighQLargeSharpBShape,_private.MathExtras.NumberTheory.Helfgott.Lemma37HighQLargeSharpBShape.0.MathExtras.Helfgott.SIIAssembly.certFLowReal_nonneg,(named constants only),fixed-expression,Rat/RatInterval,1,,3,constant-depth comparison of named constants
_private.MathExtras.NumberTheory.Helfgott.Lemma37HighQLargeSharpBShape.0.MathExtras.Helfgott.SIIAssembly.certFMinusLowReal_nonneg._native.native_decide.ax_1_1,MathExtras.NumberTheory.Helfgott,MathExtras.NumberTheory.Helfgott.Lemma37HighQLargeSharpBShape,_private.MathExtras.NumberTheory.Helfgott.Lemma37HighQLargeSharpBShape.0.MathExtras.Helfgott.SIIAssembly.certFMinusLowReal_nonneg,(named constants only),fixed-expression,Rat/RatInterval,1,,3,constant-depth comparison of named constants
_private.MathExtras.NumberTheory.Helfgott.Lemma37HighQLargeSharpBShape.0.MathExtras.Helfgott.SIIAssembly.certFMinusReal_nonneg._native.native_decide.ax_1_1,MathExtras.NumberTheory.Helfgott,MathExtras.NumberTheory.Helfgott.Lemma37HighQLargeSharpBShape,_private.MathExtras.NumberTheory.Helfgott.Lemma37HighQLargeSharpBShape.0.MathExtras.Helfgott.SIIAssembly.certFMinusReal_nonneg,(named constants only),fixed-expression,Rat/RatInterval,1,,3,constant-depth comparison of named constants
_private.MathExtras.NumberTheory.Helfgott.Lemma37HighQLargeSharpBShape.0.MathExtras.Helfgott.SIIAssembly.certFReal_nonneg._native.native_decide.ax_1_1,MathExtras.NumberTheory.Helfgott,MathExtras.NumberTheory.Helfgott.Lemma37HighQLargeSharpBShape,_private.MathExtras.NumberTheory.Helfgott.Lemma37HighQLargeSharpBShape.0.MathExtras.Helfgott.SIIAssembly.certFReal_nonneg,(named constants only),fixed-expression,Rat/RatInterval,1,,3,constant-depth comparison of named constants
_private.MathExtras.NumberTheory.Helfgott.Section413Lemma41PaperF.0.MathExtras.Helfgott.MinorArcsStart.lemma41_small_f_nat_cert._native.native_decide.ax_1_1,MathExtras.NumberTheory.Helfgott,MathExtras.NumberTheory.Helfgott.Section413Lemma41PaperF,_private.MathExtras.NumberTheory.Helfgott.Section413Lemma41PaperF.0.MathExtras.Helfgott.MinorArcsStart.lemma41_small_f_nat_cert,(named constants only),fixed-expression,Rat/RatInterval,1,,3,constant-depth comparison of named constants
_private.MathExtras.NumberTheory.Helfgott.Section413Lemma41PaperF.0.MathExtras.Helfgott.MinorArcsStart.lemma41_squarefree_fixed_cert._native.native_decide.ax_1_1,MathExtras.NumberTheory.Helfgott,MathExtras.NumberTheory.Helfgott.Section413Lemma41PaperF,_private.MathExtras.NumberTheory.Helfgott.Section413Lemma41PaperF.0.MathExtras.Helfgott.MinorArcsStart.lemma41_squarefree_fixed_cert,(named constants only),fixed-expression,Rat/RatInterval,1,,2,constant-depth comparison of named constants
_private.MathExtras.NumberTheory.Helfgott.Section413Lemma42G2WeakProducts.0.MathExtras.Helfgott.MinorArcsStart.G2Large.weakCombinedLocalUpperQ_head_one_le._native.native_decide.ax_1_1,MathExtras.NumberTheory.Helfgott,MathExtras.NumberTheory.Helfgott.Section413Lemma42G2WeakProducts,_private.MathExtras.NumberTheory.Helfgott.Section413Lemma42G2WeakProducts.0.MathExtras.Helfgott.MinorArcsStart.G2Large.weakCombinedLocalUpperQ_head_one_le,(named constants only),fixed-expression,Rat/RatInterval,1,,6,constant-depth comparison of named constants
_private.MathExtras.NumberTheory.Helfgott.Section413Lemma42G2WeakProducts.0.MathExtras.Helfgott.MinorArcsStart.G2Large.weakPrimeRatioUpperQ_head_lt_one._native.native_decide.ax_1_1,MathExtras.NumberTheory.Helfgott,MathExtras.NumberTheory.Helfgott.Section413Lemma42G2WeakProducts,_private.MathExtras.NumberTheory.Helfgott.Section413Lemma42G2WeakProducts.0.MathExtras.Helfgott.MinorArcsStart.G2Large.weakPrimeRatioUpperQ_head_lt_one,(named constants only),fixed-expression,Rat/RatInterval,1,,6,constant-depth comparison of named constants
